Id,listing_id,listing_date,sale_date,is_renovated,amenity_score,OverallQual,OverallCond,GrLivArea,TotalBsmtSF,LotArea,property_age,years_since_remodel,total_baths,GarageCars,Fireplaces,dist_school_km,dist_hospital_km,dist_transit_km,renovation_cost_usd,local_interest_rate_pct,listing_month,Neighborhood,BldgType,HouseStyle,ExterQual,KitchenQual,CentralAir,sale_price,sale_price_market_adjusted,is_monitoring_stream
131,L-000131,2005-08-17,2006-05-05,0,33.2,7,6,2157,924,14200,40,40,2.5,2,2,3.47,1.63,1.62,0.0,6.26,8,NAmes,1Fam,2Story,TA,Gd,Y,226000,226000,0
198,L-000198,2005-10-07,2006-03-22,1,39.9,8,4,3112,1360,25419,88,16,3.5,2,1,3.02,1.69,1.42,161300.0,6.26,10,NAmes,1Fam,2Story,Gd,Gd,Y,235000,235000,0
665,L-000665,2005-11-12,2006-01-20,1,36.7,8,5,2097,2077,20896,1,0,2.5,3,1,1.42,2.84,2.86,50800.0,6.26,11,Somerst,1Fam,1Story,Gd,Ex,Y,423000,423000,0
1041,L-001041,2005-11-19,2006-01-21,1,39.7,5,4,1803,1134,13125,49,6,3.0,2,1,1.11,2.45,3.59,59100.0,6.26,11,Sawyer,1Fam,1Story,TA,TA,Y,155000,155000,0
186,L-000186,2005-11-23,2006-06-13,1,66.0,10,9,3608,1107,22950,114,13,2.5,3,2,0.55,3.63,0.4,109400.0,6.26,11,OldTown,1Fam,2.5Fin,Gd,Ex,Y,475000,475000,0
997,L-000997,2005-11-28,2006-01-19,0,30.3,5,6,1050,1050,10659,45,45,2.0,1,0,3.17,2.24,2.33,0.0,6.26,11,NAmes,1Fam,1Story,TA,TA,Y,136500,136500,0
586,L-000586,2005-12-01,2006-03-10,1,27.5,8,5,2028,1868,11443,1,0,3.0,3,2,2.77,3.68,3.13,93400.0,6.26,12,Timber,1Fam,1Story,Gd,Gd,Y,369900,369900,0
546,L-000546,2005-12-02,2006-02-02,0,21.2,7,5,2183,1204,13837,18,18,2.5,3,0,4.39,4.61,4.65,0.0,6.26,12,NWAmes,1Fam,1.5Fin,Gd,Gd,Y,229000,229000,0
142,L-000142,2005-12-02,2006-01-04,0,27.0,7,5,1734,1734,11645,1,1,3.0,2,0,3.65,3.25,2.22,0.0,6.26,12,CollgCr,1Fam,1Story,Gd,Gd,Y,260000,260000,0
4,L-000004,2005-12-09,2006-02-07,1,35.9,7,5,1717,756,9550,91,36,2.0,3,1,2.38,0.91,7.19,85400.0,6.26,12,Crawfor,1Fam,2Story,TA,Gd,Y,140000,140000,0
811,L-000811,2005-12-11,2006-01-09,1,23.8,6,6,1309,1040,10140,32,7,2.5,2,1,3.79,4.36,3.23,44600.0,6.26,12,NWAmes,1Fam,1Story,TA,Gd,Y,181000,181000,0
303,L-000303,2005-12-19,2006-01-13,1,29.0,7,5,1541,1541,13704,5,4,2.0,3,1,3.35,2.31,2.68,39000.0,6.26,12,CollgCr,1Fam,1Story,Gd,Gd,Y,205000,205000,0
893,L-000893,2005-12-21,2006-02-16,1,42.4,6,8,1068,1059,8414,43,3,1.5,1,0,0.85,2.61,3.98,33000.0,6.26,12,Sawyer,1Fam,1Story,TA,TA,Y,154500,154500,0
1034,L-001034,2005-12-22,2006-02-06,0,31.5,7,5,1654,1654,8125,4,4,3.0,3,0,2.53,2.23,2.95,0.0,6.26,12,CollgCr,1Fam,1Story,Gd,Gd,Y,230000,230000,0
170,L-000170,2005-12-23,2006-01-26,0,28.2,8,6,1707,1686,16669,25,25,2.5,2,1,2.75,2.76,4.08,0.0,6.26,12,Timber,1Fam,1Story,Gd,TA,Y,228000,228000,0
1305,L-001305,2005-12-24,2006-04-18,0,35.2,7,5,1708,976,3363,2,2,2.0,2,0,2.01,6.39,2.04,0.0,6.26,12,Edwards,TwnhsE,2Story,Gd,Gd,Y,130000,130000,0
412,L-000412,2005-12-25,2006-01-16,0,27.6,5,5,1056,1056,34650,51,51,2.0,2,0,3.52,2.08,4.21,0.0,6.26,12,Gilbert,2fmCon,1Story,TA,TA,N,145000,145000,0
1405,L-001405,2005-12-28,2006-01-10,1,60.7,3,4,1214,672,10410,91,56,1.0,3,0,0.53,5.17,0.32,16800.0,6.26,12,OldTown,1Fam,1.5Fin,TA,TA,Y,105000,105000,0
371,L-000371,2005-12-31,2006-01-14,0,30.3,6,5,1664,953,8121,6,6,2.5,2,1,3.59,1.74,2.69,0.0,6.26,12,Gilbert,1Fam,2Story,TA,TA,Y,172400,172400,0
603,L-000603,2006-01-01,2006-02-15,0,37.9,8,5,1915,908,10041,14,14,3.5,2,1,1.73,1.54,3.18,0.0,6.26,1,SawyerW,1Fam,2Story,Gd,Gd,Y,220000,220000,0
294,L-000294,2006-01-02,2006-03-05,1,32.4,7,7,2263,795,16659,29,12,3.5,2,1,4.33,5.15,2.86,50900.0,6.26,1,NWAmes,1Fam,2Story,TA,Gd,Y,235000,235000,0
949,L-000949,2006-01-04,2006-02-10,0,31.0,7,5,1776,936,14006,4,4,2.5,2,1,2.71,2.44,2.44,0.0,6.26,1,CollgCr,1Fam,2Story,Gd,Gd,Y,192500,192500,0
256,L-000256,2006-01-05,2006-02-23,0,29.6,7,5,2291,975,8738,7,7,2.5,2,1,4.13,1.55,2.91,0.0,6.26,1,Gilbert,1Fam,2Story,Gd,Gd,Y,230000,230000,0
160,L-000160,2006-01-25,2006-03-23,1,30.0,7,5,2462,1392,19378,1,0,3.5,2,1,3.88,1.55,3.01,71600.0,6.26,1,Gilbert,1Fam,2Story,Gd,Gd,Y,320000,320000,0
223,L-000223,2006-01-25,2006-02-22,0,23.8,6,6,1552,713,11475,31,31,3.5,2,1,4.21,3.7,3.15,0.0,6.26,1,NWAmes,1Fam,2Story,TA,TA,Y,179900,179900,0
884,L-000884,2006-01-29,2006-03-02,1,42.2,4,5,2230,795,6204,94,56,2.0,1,0,2.14,0.66,2.83,46400.0,6.26,1,SWISU,1Fam,2.5Fin,Gd,TA,N,118500,118500,0
1168,L-001168,2006-01-31,2006-02-24,0,28.3,6,5,1671,959,10852,6,6,3.5,2,1,5.2,1.26,4.11,0.0,6.26,1,Gilbert,1Fam,2Story,TA,TA,Y,173000,173000,0
155,L-000155,2006-01-31,2006-03-08,1,61.6,6,5,1200,1200,11340,83,56,1.0,1,0,0.47,4.21,0.45,40100.0,6.26,1,OldTown,1Fam,1Story,TA,TA,Y,125000,125000,0
1239,L-001239,2006-02-01,2006-03-01,0,32.1,6,5,1141,1141,13072,1,1,1.5,2,0,2.34,1.98,3.97,0.0,6.23,2,SawyerW,1Fam,1Story,Gd,TA,Y,142500,142500,0
146,L-000146,2006-02-02,2006-04-08,1,36.3,6,5,1709,970,2522,2,0,2.0,2,0,2.17,4.82,1.7,58300.0,6.23,2,Edwards,Twnhs,2Story,Gd,Gd,Y,130000,130000,0
1084,L-001084,2006-02-03,2006-03-21,0,30.6,6,6,1251,1251,8800,42,42,2.0,1,2,3.41,1.83,2.51,0.0,6.23,2,NAmes,1Fam,1Story,TA,TA,Y,160000,160000,0
1089,L-001089,2006-02-03,2006-04-05,0,40.1,7,5,1709,970,2522,2,2,2.0,2,0,1.45,6.06,1.68,0.0,6.23,2,Edwards,Twnhs,2Story,Gd,Gd,Y,137500,137500,0
1078,L-001078,2006-02-05,2006-03-05,0,34.3,5,5,1096,1096,15870,37,37,2.0,1,0,2.08,2.34,2.27,0.0,6.23,2,NAmes,1Fam,1Story,TA,TA,Y,138800,138800,0
1186,L-001186,2006-02-06,2006-03-15,1,34.4,5,7,1221,784,9738,82,56,2.0,1,0,1.83,4.73,1.35,41500.0,6.23,2,Edwards,1Fam,1.5Fin,TA,TA,Y,104900,104900,0
417,L-000417,2006-02-06,2006-03-22,0,43.4,6,7,1400,672,7844,28,28,1.5,2,1,0.85,2.09,4.4,0.0,6.23,2,Sawyer,1Fam,2Story,TA,TA,Y,149500,149500,0
328,L-000328,2006-02-06,2006-04-05,0,33.4,6,5,1383,1383,11600,46,46,1.5,1,0,2.4,2.01,2.52,0.0,6.23,2,NAmes,1Fam,1Story,TA,TA,Y,145250,145250,0
220,L-000220,2006-02-08,2006-03-03,1,33.9,7,5,1248,1248,3010,1,0,2.0,2,0,2.42,5.0,0.78,57500.0,6.23,2,Blmngtn,TwnhsE,1Story,Gd,Gd,Y,167240,167240,0
754,L-000754,2006-02-12,2006-03-20,0,30.4,8,5,2098,1030,10240,1,1,2.5,3,1,1.95,4.47,2.99,0.0,6.23,2,NridgHt,1Fam,2Story,Gd,Ex,Y,275500,275500,0
1252,L-001252,2006-02-13,2006-03-11,0,31.2,7,5,1405,1405,3136,3,3,2.0,2,1,1.82,4.06,3.43,0.0,6.23,2,NridgHt,TwnhsE,1Story,Gd,Gd,Y,171750,171750,0
765,L-000765,2006-02-13,2006-04-27,1,39.4,8,5,1494,1494,9549,11,10,2.5,2,1,3.34,0.42,4.34,36600.0,6.23,2,Veenker,TwnhsE,1Story,Gd,Ex,Y,270000,270000,0
82,L-000082,2006-02-13,2006-03-25,0,36.4,6,5,1337,1237,4500,8,8,3.0,2,0,2.98,6.62,0.68,0.0,6.23,2,Mitchel,TwnhsE,1Story,TA,TA,Y,153500,153500,0
296,L-000296,2006-02-09,2006-03-17,0,30.1,6,6,1003,1003,7937,22,22,2.0,2,0,3.51,6.22,0.68,0.0,6.23,2,Mitchel,1Fam,SLvl,TA,TA,Y,142500,142500,0
512,L-000512,2006-02-14,2006-03-01,1,32.2,7,5,1368,1368,6792,1,0,2.0,2,1,1.71,4.49,2.8,46300.0,6.23,2,NridgHt,TwnhsE,1Story,Gd,Gd,Y,202665,202665,0
947,L-000947,2006-02-16,2006-03-23,0,31.8,5,6,1144,1144,8163,47,47,2.0,1,1,2.7,2.28,2.28,0.0,6.23,2,NAmes,1Fam,SLvl,TA,TA,Y,143000,143000,0
970,L-000970,2006-02-17,2006-03-27,0,33.3,6,5,1095,588,10382,48,48,2.0,1,0,2.9,1.96,1.71,0.0,6.23,2,NAmes,2fmCon,SLvl,TA,TA,Y,140000,140000,0
481,L-000481,2006-02-18,2006-03-12,1,32.3,9,5,1850,1833,16033,2,1,3.0,3,1,1.67,4.84,2.65,78300.0,6.23,2,NridgHt,1Fam,1Story,Gd,Gd,Y,326000,326000,0
599,L-000599,2006-02-20,2006-03-23,0,33.0,5,6,1647,1430,12984,29,29,3.0,2,1,2.53,1.35,5.44,0.0,6.23,2,Crawfor,1Fam,1Story,TA,Gd,Y,217500,217500,0
1180,L-001180,2006-02-21,2006-04-01,0,31.7,5,5,1124,0,8335,52,52,1.0,0,1,2.29,5.55,1.24,0.0,6.23,2,Edwards,1Fam,1Story,TA,TA,Y,93000,93000,0
247,L-000247,2006-02-21,2006-04-13,1,60.9,6,8,1928,1020,9142,96,56,2.0,1,0,0.56,4.01,0.35,68700.0,6.23,2,OldTown,2fmCon,2Story,TA,Fa,N,137000,137000,0
1181,L-001181,2006-02-21,2006-04-08,1,30.5,7,5,2514,1216,11170,16,15,2.5,2,0,2.24,2.71,3.99,81400.0,6.23,2,Timber,1Fam,2Story,TA,TA,Y,250000,250000,0
1266,L-001266,2006-02-24,2006-03-24,0,40.2,7,5,1452,691,3735,7,7,3.5,2,0,1.68,2.65,2.17,0.0,6.23,2,Somerst,TwnhsE,2Story,Gd,Gd,Y,183900,183900,0
1247,L-001247,2006-02-26,2006-03-24,1,38.9,7,5,1553,756,8125,1,0,2.5,2,0,1.7,2.65,2.84,26400.0,6.23,2,Somerst,1Fam,2Story,Gd,Gd,Y,186500,186500,0
1294,L-001294,2006-02-26,2006-03-20,0,25.6,7,5,1664,832,10140,30,30,2.5,2,1,3.49,3.19,3.68,0.0,6.23,2,NWAmes,1Fam,2Story,TA,TA,Y,162900,162900,0
1304,L-001304,2006-02-28,2006-04-05,0,33.8,7,5,1616,1616,8688,1,1,2.0,3,0,2.15,2.59,2.04,0.0,6.23,2,Somerst,1Fam,1Story,Gd,Gd,Y,232000,232000,0
693,L-000693,2006-03-04,2006-04-07,1,30.9,7,5,2519,1210,26178,17,16,3.5,2,2,2.33,2.23,4.59,91300.0,6.33,3,Timber,1Fam,2Story,Gd,Gd,Y,335000,335000,0
150,L-000150,2006-03-04,2006-04-07,1,46.4,5,4,1344,896,6240,70,56,1.0,1,0,2.55,0.68,2.1,35000.0,6.33,3,BrkSide,1Fam,1.5Fin,TA,TA,Y,115000,115000,0
1077,L-001077,2006-03-07,2006-04-24,1,54.4,5,8,1466,796,10800,70,17,2.5,2,1,0.62,3.58,0.43,50900.0,6.33,3,OldTown,1Fam,1.5Fin,TA,Gd,Y,170000,170000,0
221,L-000221,2006-03-07,2006-04-09,0,30.4,7,5,1498,1498,8990,0,0,2.0,2,0,3.64,1.66,2.72,0.0,6.33,3,CollgCr,1Fam,1Story,Gd,Gd,Y,204900,204900,0
578,L-000578,2006-03-07,2006-05-04,0,42.2,5,6,1320,1164,11777,40,40,2.0,2,2,0.85,2.71,3.84,0.0,6.33,3,Sawyer,1Fam,SLvl,TA,TA,Y,164500,164500,0
350,L-000350,2006-03-08,2006-04-21,1,30.3,9,5,2728,1848,20431,1,0,3.5,3,2,2.19,3.05,3.73,94000.0,6.33,3,NridgHt,1Fam,2Story,Ex,Ex,Y,437154,437154,0
562,L-000562,2006-03-09,2006-04-24,1,31.2,5,5,1389,1389,10010,32,31,2.0,2,1,2.97,5.2,0.85,38800.0,6.33,3,Mitchel,1Fam,1Story,TA,TA,Y,170000,170000,0
526,L-000526,2006-03-10,2006-04-17,0,37.9,7,5,1266,1257,7500,1,1,2.0,2,1,1.9,3.21,2.06,0.0,6.33,3,Somerst,1Fam,1Story,Gd,Gd,Y,176000,176000,0
772,L-000772,2006-03-10,2006-04-12,0,32.1,4,5,1220,836,8877,55,55,1.0,2,0,2.06,5.93,1.36,0.0,6.33,3,Edwards,1Fam,1Story,TA,TA,Y,102000,102000,0
489,L-000489,2006-03-12,2006-05-08,1,54.7,5,4,2414,954,10800,106,36,2.0,2,1,0.6,4.67,0.32,96400.0,6.33,3,OldTown,2fmCon,1.5Fin,TA,TA,N,160000,160000,0
1338,L-001338,2006-03-14,2006-03-22,1,69.3,4,4,693,693,4118,65,56,1.0,0,0,0.47,3.21,0.32,20300.0,6.33,3,OldTown,1Fam,1Story,TA,Fa,N,52500,52500,0
194,L-000194,2006-03-16,2006-05-24,0,38.4,7,5,1709,970,2522,2,2,2.0,2,0,2.04,3.63,1.67,0.0,6.33,3,Edwards,Twnhs,2Story,Gd,Gd,Y,130000,130000,0
1069,L-001069,2006-03-17,2006-06-02,0,41.9,6,4,2521,942,3964,33,33,3.5,2,1,2.01,1.75,2.13,0.0,6.33,3,MeadowV,TwnhsE,2Story,TA,TA,Y,151400,151400,0
1090,L-001090,2006-03-20,2006-04-12,0,36.4,8,5,1247,1247,3316,1,1,2.5,2,1,2.25,2.44,2.81,0.0,6.33,3,Somerst,TwnhsE,1Story,Gd,Gd,Y,197000,197000,0
1453,L-001453,2006-03-20,2006-05-16,0,34.8,5,5,1072,547,3675,1,1,2.0,2,0,2.49,6.64,1.33,0.0,6.33,3,Edwards,TwnhsE,SLvl,TA,TA,Y,145000,145000,0
701,L-000701,2006-03-22,2006-05-07,0,29.2,8,5,1800,1800,14331,4,4,3.0,3,1,2.48,2.35,6.02,0.0,6.33,3,Timber,1Fam,1Story,Gd,Gd,Y,312500,312500,0
1295,L-001295,2006-03-22,2006-04-12,1,37.2,5,7,864,864,8172,51,16,2.0,2,0,1.46,4.89,1.28,21200.0,6.33,3,Edwards,1Fam,1Story,TA,TA,Y,115000,115000,0
1020,L-001020,2006-03-23,2006-04-13,0,32.2,7,5,1506,1362,3013,1,1,2.0,2,1,2.3,5.87,1.06,0.0,6.33,3,Blmngtn,TwnhsE,1Story,Gd,Gd,Y,213490,213490,0
976,L-000976,2006-03-23,2006-04-25,0,37.2,7,5,1382,673,2651,6,6,3.5,2,0,2.04,2.88,2.31,0.0,6.33,3,Somerst,Twnhs,2Story,Gd,Gd,Y,165000,165000,0
1220,L-001220,2006-03-25,2006-04-26,0,41.3,6,5,1218,672,1680,35,35,1.5,0,0,1.99,4.28,0.83,0.0,6.33,3,BrDale,Twnhs,2Story,TA,TA,Y,91500,91500,0
263,L-000263,2006-03-26,2006-07-03,1,38.8,6,7,1212,506,8471,29,11,2.0,2,1,1.01,3.23,4.19,32600.0,6.33,3,Sawyer,1Fam,SLvl,TA,TA,Y,151000,151000,0
1232,L-001232,2006-03-26,2006-05-22,0,34.4,5,6,1190,1106,7728,44,44,2.0,2,0,2.08,2.18,2.49,0.0,6.33,3,NAmes,Duplex,SLvl,TA,TA,Y,132500,132500,0
1365,L-001365,2006-03-27,2006-04-20,0,35.8,7,5,1200,600,3180,1,1,2.5,2,0,2.17,3.78,1.95,0.0,6.33,3,Somerst,TwnhsE,2Story,Gd,Gd,Y,144152,144152,0
897,L-000897,2006-03-29,2006-04-19,1,40.5,4,6,951,951,8765,70,56,1.0,1,0,1.38,5.96,1.77,16000.0,6.33,3,IDOTRR,1Fam,1Story,TA,TA,N,106500,106500,0
852,L-000852,2006-03-29,2006-05-02,0,32.0,8,5,1456,1273,3196,3,3,2.0,2,1,2.37,8.18,0.83,0.0,6.33,3,Blmngtn,TwnhsE,1Story,Gd,Gd,Y,215000,215000,0
135,L-000135,2006-03-30,2006-07-05,1,39.8,5,6,1721,1461,10335,38,13,2.5,2,1,0.98,3.17,3.55,49400.0,6.33,3,Sawyer,1Fam,1Story,TA,TA,Y,180000,180000,0
243,L-000243,2006-03-30,2006-04-14,1,61.9,5,4,1440,540,5000,106,56,1.0,1,0,0.51,4.63,0.29,35600.0,6.33,3,OldTown,1Fam,1.5Fin,TA,TA,N,79000,79000,0
86,L-000086,2006-03-31,2006-04-22,1,48.0,8,5,2417,1288,16059,15,14,2.5,2,1,0.64,8.16,0.78,62000.0,6.33,3,NoRidge,1Fam,2Story,Gd,Gd,Y,260000,260000,0
1210,L-001210,2006-04-01,2006-05-05,0,36.2,8,5,1660,1660,10182,0,0,3.0,2,1,1.7,2.68,2.04,0.0,6.36,4,Somerst,1Fam,1Story,Gd,Gd,Y,290000,290000,0
557,L-000557,2006-04-02,2006-05-19,0,29.3,5,5,1092,1092,14850,49,49,2.0,1,1,3.62,2.5,1.88,0.0,6.36,4,NAmes,1Fam,1Story,TA,TA,Y,141000,141000,0
908,L-000908,2006-04-03,2006-06-16,1,31.3,7,7,2057,1017,11500,70,19,1.5,1,1,2.15,2.26,5.13,68100.0,6.36,4,Crawfor,1Fam,1.5Fin,Gd,Gd,Y,250000,250000,0
216,L-000216,2006-04-04,2006-05-05,1,32.8,5,6,1236,1070,10011,49,10,1.5,1,1,2.31,2.43,2.35,48000.0,6.36,4,NAmes,1Fam,1Story,TA,Gd,Y,134450,134450,0
45,L-000045,2006-04-06,2006-05-18,0,32.9,5,6,1150,1150,7945,47,47,2.0,1,0,3.23,1.58,2.09,0.0,6.36,4,NAmes,1Fam,1Story,TA,TA,Y,141000,141000,0
925,L-000925,2006-04-06,2006-05-04,0,23.5,6,6,1686,1686,10240,26,26,3.0,2,1,4.75,3.6,2.81,0.0,6.36,4,NWAmes,1Fam,1Story,TA,TA,Y,207500,207500,0
138,L-000138,2006-04-07,2006-07-12,1,33.1,7,5,1959,1907,11070,18,17,3.0,3,0,2.49,4.7,0.9,86700.0,6.36,4,Mitchel,Duplex,1Story,TA,TA,Y,171000,171000,0
203,L-000203,2006-04-07,2006-05-13,1,59.2,6,6,1310,617,7000,82,56,2.0,1,0,0.64,4.37,0.32,45800.0,6.36,4,OldTown,1Fam,1.5Fin,TA,TA,Y,112000,112000,0
1030,L-001030,2006-04-08,2006-05-22,0,40.7,6,7,1218,672,1680,34,34,2.0,1,0,2.05,4.16,0.91,0.0,6.36,4,BrDale,Twnhs,2Story,TA,TA,Y,118000,118000,0
448,L-000448,2006-04-08,2006-07-19,1,30.7,7,5,1886,930,11214,8,7,2.5,2,1,3.05,1.62,4.06,54700.0,6.36,4,Gilbert,1Fam,2Story,Gd,Gd,Y,199900,199900,0
1387,L-001387,2006-04-09,2006-07-06,0,23.4,7,5,2784,1392,16692,28,28,4.5,2,2,4.81,2.98,3.67,0.0,6.36,4,NWAmes,1Fam,2Story,TA,Gd,Y,250000,250000,0
714,L-000714,2006-04-10,2006-05-02,0,39.7,4,5,960,960,9873,36,36,2.0,2,0,2.5,0.8,2.46,0.0,6.36,4,BrkSide,2fmCon,1Story,TA,TA,N,129000,129000,0
248,L-000248,2006-04-10,2006-06-03,0,30.2,6,5,1375,1367,11310,52,52,1.0,2,1,3.94,1.99,1.82,0.0,6.36,4,NAmes,1Fam,1Story,TA,TA,Y,140000,140000,0
1208,L-001208,2006-04-11,2006-05-06,0,30.7,6,5,1700,1682,9135,3,3,3.0,2,0,2.58,2.38,3.11,0.0,6.36,4,CollgCr,1Fam,1Story,Gd,Gd,Y,200000,200000,0
311,L-000311,2006-04-11,2006-05-12,1,32.1,6,5,1501,697,7685,13,12,2.5,2,1,3.77,1.08,3.82,38200.0,6.36,4,Gilbert,1Fam,2Story,TA,Gd,Y,165600,165600,0
313,L-000313,2006-04-13,2006-05-06,1,64.1,5,7,1118,793,7800,67,56,2.0,2,1,0.56,5.86,0.36,22100.0,6.36,4,OldTown,2fmCon,1.5Fin,TA,TA,Y,119900,119900,0
1215,L-001215,2006-04-14,2006-05-03,0,32.5,5,5,999,925,10205,44,44,2.0,1,0,3.28,1.66,2.06,0.0,6.36,4,NAmes,1Fam,SFoyer,TA,TA,Y,134500,134500,0
493,L-000493,2006-04-14,2006-05-01,0,28.7,6,5,1456,728,15578,0,0,2.5,2,0,3.73,1.79,3.61,0.0,6.36,4,Gilbert,1Fam,2Story,Gd,TA,Y,172785,172785,0
809,L-000809,2006-04-15,2006-06-04,0,32.8,5,5,1086,1024,13400,40,40,2.0,2,1,2.9,1.79,2.2,0.0,6.36,4,NAmes,1Fam,SLvl,TA,TA,Y,159950,159950,0
394,L-000394,2006-04-16,2006-04-26,1,51.9,4,5,788,788,7446,65,56,1.0,0,2,1.98,0.55,1.58,25500.0,6.36,4,BrkSide,1Fam,1Story,TA,TA,Y,100000,100000,0
631,L-000631,2006-04-16,2006-06-11,1,62.4,5,6,1750,636,9000,126,15,1.0,1,0,0.71,3.27,0.52,26600.0,6.36,4,OldTown,1Fam,2Story,TA,Ex,Y,124000,124000,0
1245,L-001245,2006-04-16,2006-06-11,1,38.9,8,7,1517,792,11435,77,56,1.0,2,2,1.54,1.39,4.53,29400.0,6.36,4,Crawfor,1Fam,2Story,TA,Gd,Y,230000,230000,0
339,L-000339,2006-04-16,2006-05-27,1,22.7,7,7,1621,1208,14145,22,8,3.0,2,0,5.05,4.04,2.64,35200.0,6.36,4,NWAmes,1Fam,1Story,Gd,Gd,Y,202500,202500,0
484,L-000484,2006-04-17,2006-05-12,0,35.4,6,5,1216,1216,4500,8,8,3.0,2,0,3.27,5.86,0.77,0.0,6.36,4,Mitchel,Twnhs,1Story,TA,TA,Y,164000,164000,0
738,L-000738,2006-04-18,2006-06-09,0,28.1,8,5,1801,893,10463,1,1,2.5,3,1,5.43,1.34,3.43,0.0,6.36,4,Gilbert,1Fam,2Story,Gd,Gd,Y,239900,239900,0
449,L-000449,2006-04-18,2006-06-08,1,46.6,6,6,1376,780,8600,69,56,2.0,1,1,1.01,4.1,1.56,40900.0,6.36,4,IDOTRR,1Fam,1.5Fin,TA,TA,Y,119500,119500,0
1298,L-001298,2006-04-19,2006-06-27,1,35.3,6,5,1072,547,3675,1,0,3.0,2,0,2.05,6.86,1.83,41600.0,6.36,4,Edwards,TwnhsE,SFoyer,TA,TA,Y,140000,140000,0
246,L-000246,2006-04-19,2006-06-06,0,23.2,7,5,1872,1845,10400,18,18,2.5,2,1,4.2,3.61,3.85,0.0,6.36,4,NWAmes,1Fam,1Story,TA,TA,Y,241500,241500,0
287,L-000287,2006-04-19,2006-06-07,1,37.1,6,7,1734,912,9786,44,25,1.5,2,1,2.26,1.59,1.8,40800.0,6.36,4,NAmes,1Fam,1.5Fin,TA,Gd,Y,159000,159000,0
387,L-000387,2006-04-20,2006-05-10,1,34.1,5,3,1184,658,8410,96,10,1.0,0,0,2.39,5.63,1.94,36800.0,6.36,4,Edwards,1Fam,1.5Fin,TA,TA,Y,81000,81000,0
780,L-000780,2006-04-21,2006-05-24,0,33.3,6,5,1004,975,10530,29,29,2.0,2,0,2.37,4.91,0.93,0.0,6.36,4,Mitchel,Duplex,SFoyer,TA,TA,Y,135000,135000,0
1214,L-001214,2006-04-22,2006-05-08,1,37.9,4,9,960,648,10246,41,5,1.5,1,0,1.01,4.2,3.74,19200.0,6.36,4,Sawyer,1Fam,SLvl,TA,TA,Y,145000,145000,0
1147,L-001147,2006-04-22,2006-05-27,0,33.3,6,5,1298,1298,11200,21,21,3.0,2,1,2.13,1.86,4.2,0.0,6.36,4,SawyerW,1Fam,1Story,Gd,Gd,Y,180000,180000,0
1421,L-001421,2006-04-22,2006-05-27,0,25.4,6,6,1416,708,11700,38,38,2.5,2,1,4.08,2.82,3.23,0.0,6.36,4,NWAmes,1Fam,2Story,TA,TA,Y,179900,179900,0
466,L-000466,2006-04-23,2006-05-23,0,37.7,7,5,1414,1375,3072,2,2,2.0,2,1,2.1,6.85,1.06,0.0,6.36,4,Blmngtn,TwnhsE,1Story,Gd,Gd,Y,178740,178740,0
1047,L-001047,2006-04-27,2006-07-07,1,46.9,9,5,2868,1992,16056,1,0,3.5,3,1,0.62,5.96,1.3,67300.0,6.36,4,StoneBr,1Fam,2Story,Gd,Ex,Y,556581,556581,0
1170,L-001170,2006-04-27,2006-07-11,1,49.2,10,5,3627,1930,35760,11,10,4.5,3,1,0.61,6.23,0.82,154700.0,6.36,4,NoRidge,1Fam,2Story,Gd,Gd,Y,625000,625000,0
677,L-000677,2006-04-27,2006-05-24,1,61.1,4,2,1774,1095,9600,106,56,3.0,3,0,0.46,4.7,0.47,53900.0,6.36,4,OldTown,1Fam,2Story,TA,TA,N,87000,87000,0
61,L-000061,2006-04-28,2006-05-18,0,33.7,6,5,1158,1158,13072,2,2,2.5,2,0,2.39,1.48,4.19,0.0,6.36,4,SawyerW,1Fam,1Story,TA,Gd,Y,158000,158000,0
1339,L-001339,2006-04-29,2006-06-26,0,29.8,7,5,1861,916,13450,4,4,3.5,2,0,3.06,2.72,2.12,0.0,6.36,4,CollgCr,1Fam,2Story,Gd,Gd,Y,200000,200000,0
673,L-000673,2006-04-29,2006-06-23,0,38.2,6,6,1208,1208,11250,29,29,2.5,2,1,3.13,0.59,3.78,0.0,6.36,4,Veenker,1Fam,1Story,Gd,TA,Y,165000,165000,0
291,L-000291,2006-04-30,2006-07-17,0,30.2,8,5,1919,1079,15611,0,0,2.5,2,1,2.7,2.87,2.36,0.0,6.36,4,CollgCr,1Fam,2Story,Gd,Gd,Y,233230,233230,0
1347,L-001347,2006-04-30,2006-06-02,1,30.9,7,7,2156,1568,20781,38,3,2.0,2,1,5.21,4.36,3.73,102500.0,6.36,4,NWAmes,1Fam,1Story,TA,TA,Y,262500,262500,0
999,L-000999,2006-05-02,2006-05-21,1,42.6,3,4,1077,1007,9786,84,56,1.0,1,1,1.43,5.22,1.18,30200.0,6.27,5,IDOTRR,1Fam,1Story,TA,TA,N,91000,91000,0
343,L-000343,2006-05-02,2006-05-21,1,31.8,3,4,1040,0,8544,57,56,2.0,2,0,2.8,1.91,2.77,26400.0,6.27,5,NAmes,Duplex,1Story,TA,TA,N,87500,87500,0
1373,L-001373,2006-05-02,2006-06-21,0,26.1,7,6,2097,1108,9750,8,8,3.5,2,1,3.62,3.76,2.32,0.0,6.27,5,CollgCr,1Fam,2Story,TA,Gd,Y,274300,274300,0
185,L-000185,2006-05-03,2006-06-03,1,48.5,5,8,1252,504,7438,98,15,1.0,2,0,2.17,0.53,2.88,55900.0,6.27,5,BrkSide,1Fam,1.5Fin,TA,TA,Y,127000,127000,0
703,L-000703,2006-05-03,2006-07-14,0,47.4,8,5,2576,1234,12438,0,0,2.5,3,1,0.68,4.97,1.07,0.0,6.27,5,StoneBr,1Fam,2Story,Ex,Ex,Y,361919,361919,0
153,L-000153,2006-05-03,2006-06-01,0,22.8,6,5,1993,825,14803,35,35,2.5,2,1,3.95,4.42,3.81,0.0,6.27,5,NWAmes,1Fam,2Story,TA,TA,Y,190000,190000,0
1435,L-001435,2006-05-06,2006-05-24,0,33.6,5,5,1126,1126,17400,29,29,3.0,2,1,2.48,8.49,0.53,0.0,6.27,5,Mitchel,1Fam,1Story,TA,TA,Y,160000,160000,0
778,L-000778,2006-05-06,2006-06-27,0,42.9,5,5,894,864,13350,32,32,2.0,2,1,0.7,3.63,4.04,0.0,6.27,5,Sawyer,1Fam,1Story,TA,TA,Y,142500,142500,0
1122,L-001122,2006-05-07,2006-07-04,1,29.8,7,5,1552,1552,10084,1,0,2.0,3,0,2.79,2.61,2.75,45300.0,6.27,5,CollgCr,1Fam,1Story,Gd,Gd,Y,212900,212900,0
126,L-000126,2006-05-08,2006-06-12,1,41.6,6,8,754,520,6780,71,24,2.0,0,0,1.63,4.37,1.22,23000.0,6.27,5,IDOTRR,2fmCon,1.5Fin,TA,TA,N,84500,84500,0
987,L-000987,2006-05-08,2006-06-18,1,62.5,6,8,1635,485,5310,96,3,1.0,1,0,0.71,4.7,0.33,52600.0,6.27,5,OldTown,1Fam,1.5Fin,TA,Gd,Y,117000,117000,0
282,L-000282,2006-05-09,2006-05-27,0,46.6,6,5,1262,1262,7200,0,0,2.0,2,0,1.06,2.39,2.09,0.0,6.27,5,Somerst,1Fam,1Story,Gd,Gd,Y,185000,185000,0
601,L-000601,2006-05-09,2006-06-01,0,27.0,8,5,1904,1058,10927,1,1,3.5,2,1,2.64,4.66,3.07,0.0,6.27,5,NridgHt,1Fam,2Story,Gd,Ex,Y,275000,275000,0
869,L-000869,2006-05-09,2006-05-25,1,37.0,5,6,2320,0,14762,58,56,2.0,2,1,4.1,1.34,2.15,60600.0,6.27,5,Gilbert,1Fam,2Story,TA,TA,Y,169000,169000,0
12,L-000012,2006-05-11,2006-07-24,1,32.2,9,5,2324,1175,11924,1,0,4.0,3,2,1.71,4.06,3.17,67800.0,6.27,5,NridgHt,1Fam,2Story,Ex,Ex,Y,345000,345000,0
825,L-000825,2006-05-11,2006-06-14,0,37.3,8,5,1489,1489,11216,0,0,2.0,2,1,2.12,2.95,2.0,0.0,6.27,5,Somerst,1Fam,1Story,Gd,Gd,Y,232600,232600,0
1184,L-001184,2006-05-12,2006-06-12,1,52.9,5,6,1130,1120,10800,86,56,2.0,2,1,0.6,3.93,0.59,30200.0,6.27,5,OldTown,1Fam,1Story,TA,TA,Y,120000,120000,0
1368,L-001368,2006-05-12,2006-07-20,0,41.7,5,6,1475,757,2665,29,29,2.0,1,1,1.87,2.24,1.86,0.0,6.27,5,MeadowV,TwnhsE,2Story,TA,TA,Y,127000,127000,0
1175,L-001175,2006-05-12,2006-07-13,1,31.2,6,8,2345,952,16560,74,56,2.5,2,1,2.46,1.75,6.11,54100.0,6.27,5,Crawfor,1Fam,2Story,TA,TA,Y,239000,239000,0
1079,L-001079,2006-05-13,2006-05-25,0,35.4,6,5,848,848,4435,2,2,2.0,2,1,3.01,2.24,2.53,0.0,6.27,5,CollgCr,TwnhsE,1Story,Gd,Gd,Y,155900,155900,0
720,L-000720,2006-05-13,2006-05-23,0,33.0,5,6,971,971,9920,37,37,1.5,1,1,1.96,2.99,2.55,0.0,6.27,5,CollgCr,1Fam,1Story,TA,TA,Y,128500,128500,0
129,L-000129,2006-05-13,2006-07-05,0,47.6,6,5,1348,660,7590,40,40,1.5,2,1,2.49,1.35,1.68,0.0,6.27,5,NAmes,1Fam,2Story,TA,TA,Y,155000,155000,0
900,L-000900,2006-05-14,2006-06-13,1,48.6,5,7,1236,912,6993,45,12,1.0,1,1,1.02,2.08,2.25,45200.0,6.27,5,Sawyer,1Fam,1Story,TA,TA,Y,135000,135000,0
1340,L-001340,2006-05-15,2006-06-06,0,32.5,5,7,864,864,9560,34,34,1.0,1,0,2.6,1.98,2.62,0.0,6.27,5,CollgCr,1Fam,1Story,TA,TA,Y,128500,128500,0
315,L-000315,2006-05-16,2006-08-01,1,59.8,7,7,1641,728,9600,81,16,2.0,2,1,0.6,3.41,0.46,53700.0,6.27,5,OldTown,1Fam,2Story,TA,Ex,Y,178000,178000,0
451,L-000451,2006-05-17,2006-06-21,1,61.7,6,8,813,813,5684,76,1,1.0,1,0,0.46,4.22,0.46,23300.0,6.27,5,OldTown,1Fam,1Story,TA,Gd,Y,110000,110000,0
1282,L-001282,2006-05-18,2006-07-01,0,29.1,7,5,1339,1309,8049,16,16,3.0,2,1,2.58,2.87,3.6,0.0,6.27,5,Timber,1Fam,1Story,TA,TA,Y,180000,180000,0
565,L-000565,2006-05-18,2006-07-06,1,52.7,7,5,2295,1095,13346,14,6,3.5,2,1,0.44,5.14,0.98,69200.0,6.27,5,NoRidge,1Fam,2Story,Gd,Gd,Y,268000,268000,0
1153,L-001153,2006-05-19,2006-07-13,1,35.9,6,7,1811,1073,14115,50,2,1.0,2,1,1.84,1.52,4.96,53600.0,6.27,5,Crawfor,1Fam,1Story,TA,Ex,Y,230000,230000,0
120,L-000120,2006-05-21,2006-07-09,1,29.0,6,5,1456,728,8461,1,0,2.5,2,1,3.2,2.82,2.2,29100.0,6.27,5,CollgCr,1Fam,2Story,Gd,Gd,Y,163990,163990,0
355,L-000355,2006-05-21,2006-06-19,1,35.3,6,5,1595,940,8400,66,6,1.0,1,2,4.35,0.68,2.94,74700.0,6.27,5,SWISU,1Fam,1.5Fin,TA,TA,Y,140000,140000,0
301,L-000301,2006-05-21,2006-06-10,0,36.9,5,5,1336,1165,15750,53,53,2.0,1,2,1.59,1.58,5.68,0.0,6.27,5,Crawfor,2fmCon,1Story,TA,TA,Y,157000,157000,0
178,L-000178,2006-05-23,2006-07-12,0,47.7,5,5,1920,1052,13650,48,48,3.0,2,1,0.64,2.24,3.03,0.0,6.27,5,Sawyer,1Fam,1.5Fin,Gd,Gd,Y,172500,172500,0
1288,L-001288,2006-05-23,2006-06-09,0,25.6,5,5,1582,1624,36500,42,42,2.5,2,0,4.71,2.64,2.58,0.0,6.27,5,ClearCr,1Fam,1Story,TA,TA,Y,190000,190000,0
991,L-000991,2006-05-23,2006-06-08,1,45.9,8,5,2392,1396,9452,9,8,3.5,3,1,0.8,6.85,0.77,151800.0,6.27,5,NoRidge,1Fam,2Story,Gd,Gd,Y,348000,348000,0
157,L-000157,2006-05-23,2006-06-27,0,32.3,5,7,1040,0,7200,56,56,1.0,2,0,2.96,1.81,2.36,0.0,6.27,5,NAmes,1Fam,1Story,TA,TA,Y,109500,109500,0
267,L-000267,2006-05-24,2006-06-09,0,31.7,6,5,1511,802,11207,9,9,3.5,2,1,3.22,1.55,2.96,0.0,6.27,5,Gilbert,1Fam,2Story,TA,TA,Y,185000,185000,0
887,L-000887,2006-05-25,2006-06-25,1,32.0,5,5,1712,1626,8393,47,1,2.0,2,0,3.5,1.62,2.13,61300.0,6.27,5,NAmes,Duplex,1Story,TA,TA,Y,145000,145000,0
1330,L-001330,2006-05-28,2006-06-26,0,29.5,7,5,1632,935,9084,8,8,2.5,2,1,3.62,1.66,3.51,0.0,6.27,5,Gilbert,1Fam,2Story,TA,TA,Y,176500,176500,0
1010,L-001010,2006-05-29,2006-06-18,1,35.2,5,5,1522,1008,6000,80,56,2.0,0,0,2.65,1.22,3.01,32800.0,6.27,5,SWISU,1Fam,1.5Fin,TA,TA,Y,102000,102000,0
608,L-000608,2006-05-29,2006-08-04,1,37.1,5,8,2008,896,7800,58,4,4.0,1,0,1.48,5.6,1.12,85000.0,6.27,5,Edwards,1Fam,2Story,TA,Ex,Y,225000,225000,0
70,L-000070,2006-05-30,2006-07-08,0,22.4,7,4,2287,1304,15593,53,53,2.0,2,1,4.8,3.97,3.22,0.0,6.27,5,ClearCr,1Fam,1.5Fin,Gd,TA,Y,225000,225000,0
360,L-000360,2006-05-30,2006-06-15,0,51.5,8,5,1924,1086,12011,8,8,3.5,2,1,0.44,6.71,1.03,0.0,6.27,5,NoRidge,1Fam,2Story,Gd,Gd,Y,280000,280000,0
855,L-000855,2006-05-30,2006-07-26,1,43.3,5,4,1779,1763,17920,51,32,2.5,2,1,0.87,2.48,3.04,76000.0,6.27,5,Sawyer,1Fam,1Story,TA,TA,Y,170000,170000,0
233,L-000233,2006-05-30,2006-06-25,0,43.1,6,5,987,483,1680,34,34,1.5,1,1,2.08,3.41,0.66,0.0,6.27,5,BrDale,Twnhs,2Story,TA,TA,Y,94500,94500,0
832,L-000832,2006-05-31,2006-06-21,0,41.3,7,5,1200,600,3180,1,1,2.5,2,0,1.32,3.23,2.54,0.0,6.27,5,Somerst,TwnhsE,2Story,TA,Gd,Y,151000,151000,0
805,L-000805,2006-06-02,2006-06-26,0,33.1,5,5,1128,936,9000,52,52,1.0,1,0,2.68,1.82,2.43,0.0,6.32,6,NAmes,1Fam,1Story,TA,TA,Y,118000,118000,0
173,L-000173,2006-06-04,2006-06-22,0,49.8,7,7,1767,1064,5306,19,19,3.0,2,1,0.58,5.62,0.88,0.0,6.32,6,StoneBr,TwnhsE,2Story,Gd,Gd,Y,239000,239000,0
936,L-000936,2006-06-04,2006-06-25,1,39.5,4,5,747,600,5825,80,53,1.0,2,0,3.15,0.55,2.92,27900.0,6.32,6,BrkSide,1Fam,1Story,TA,TA,Y,79900,79900,0
182,L-000182,2006-06-04,2006-07-20,1,36.5,7,6,1802,793,7588,86,56,1.5,1,1,2.03,1.27,4.24,73300.0,6.32,6,Crawfor,1Fam,2Story,TA,TA,Y,200100,200100,0
1379,L-001379,2006-06-04,2006-06-22,0,45.6,6,5,987,483,1953,33,33,1.5,1,0,1.51,3.95,0.72,0.0,6.32,6,BrDale,Twnhs,2Story,TA,TA,Y,83000,83000,0
58,L-000058,2006-06-05,2006-08-19,0,26.7,7,5,1720,860,11645,2,2,2.5,2,0,3.57,3.26,2.51,0.0,6.32,6,CollgCr,1Fam,2Story,Gd,Gd,Y,196500,196500,0
1064,L-001064,2006-06-05,2006-07-06,1,63.1,6,6,1103,1103,6000,81,26,1.0,2,1,0.62,5.16,0.39,30100.0,6.32,6,OldTown,1Fam,1Story,TA,Gd,Y,110500,110500,0
909,L-000909,2006-06-05,2006-06-22,0,31.5,5,5,902,864,8885,23,23,2.0,2,0,2.76,4.75,1.01,0.0,6.32,6,Mitchel,1Fam,1Story,TA,TA,Y,131000,131000,0
777,L-000777,2006-06-05,2006-07-01,1,32.4,7,5,1614,1614,11210,1,0,2.0,3,0,2.47,2.35,2.32,58200.0,6.32,6,CollgCr,1Fam,1Story,Gd,Gd,Y,221500,221500,0
1403,L-001403,2006-06-05,2006-07-09,0,32.4,7,5,1294,1286,6762,0,0,2.0,2,1,2.64,2.7,1.65,0.0,6.32,6,CollgCr,1Fam,1Story,Gd,Gd,Y,193879,193879,0
617,L-000617,2006-06-05,2006-06-26,1,31.1,6,5,1509,783,7861,4,3,3.5,2,1,3.82,1.27,3.48,41000.0,6.32,6,Gilbert,1Fam,2Story,Gd,Gd,Y,183200,183200,0
1454,L-001454,2006-06-06,2006-07-16,0,31.0,5,5,1140,1140,17217,0,0,1.0,0,0,2.29,6.68,1.26,0.0,6.32,6,Mitchel,1Fam,1Story,TA,TA,Y,84500,84500,0
737,L-000737,2006-06-06,2006-07-01,0,35.1,3,4,1040,0,8544,56,56,2.0,2,0,2.9,1.31,2.16,0.0,6.32,6,NAmes,Duplex,1Story,TA,TA,N,93500,93500,0
1057,L-001057,2006-06-07,2006-06-25,0,33.8,7,5,1364,1364,7052,1,1,3.0,2,1,1.89,2.56,2.95,0.0,6.32,6,NridgHt,TwnhsE,1Story,Gd,Gd,Y,185850,185850,0
1198,L-001198,2006-06-07,2006-07-20,1,60.1,7,6,1690,815,8850,90,56,1.0,1,1,0.55,3.82,0.47,104900.0,6.32,6,OldTown,1Fam,2.5Unf,TA,TA,Y,144000,144000,0
697,L-000697,2006-06-07,2006-06-27,1,47.1,5,7,616,616,6000,85,56,1.0,1,0,2.04,0.68,3.21,31700.0,6.32,6,BrkSide,1Fam,1Story,TA,TA,Y,89000,89000,0
288,L-000288,2006-06-08,2006-06-26,0,33.9,4,4,858,858,8125,35,35,1.0,0,0,2.45,2.05,2.04,0.0,6.32,6,NAmes,1Fam,1Story,TA,TA,Y,88000,88000,0
782,L-000782,2006-06-09,2006-07-05,0,36.9,6,5,1603,761,7153,14,14,2.5,2,0,1.39,2.01,5.58,0.0,6.32,6,SawyerW,1Fam,2Story,Gd,Gd,Y,175900,175900,0
1120,L-001120,2006-06-10,2006-07-03,0,35.5,5,5,1040,1040,7560,47,47,1.0,1,0,2.08,2.0,2.2,0.0,6.32,6,NAmes,1Fam,1Story,TA,TA,Y,133700,133700,0
753,L-000753,2006-06-10,2006-07-02,0,31.6,6,5,1494,1479,9236,9,9,3.0,2,0,2.19,3.07,2.59,0.0,6.32,6,CollgCr,1Fam,1Story,TA,Gd,Y,217000,217000,0
539,L-000539,2006-06-11,2006-07-09,0,42.7,5,5,1159,1051,11553,38,38,1.5,1,1,1.03,1.68,4.21,0.0,6.32,6,Sawyer,1Fam,1Story,TA,TA,Y,158000,158000,0
670,L-000670,2006-06-12,2006-07-01,1,33.8,4,5,1180,700,11600,84,56,1.0,1,1,1.82,1.99,5.52,48800.0,6.32,6,Crawfor,1Fam,1Story,TA,Fa,Y,137500,137500,0
1424,L-001424,2006-06-12,2006-08-09,0,35.2,6,7,2201,697,19690,40,40,2.0,2,1,1.97,3.28,1.39,0.0,6.32,6,Edwards,1Fam,SLvl,Gd,Gd,Y,274970,274970,0
815,L-000815,2006-06-14,2006-07-25,1,32.8,5,7,1250,686,8248,88,56,2.0,1,0,1.82,5.85,1.61,38000.0,6.32,6,Edwards,1Fam,1.5Fin,TA,Fa,Y,116000,116000,0
1104,L-001104,2006-06-14,2006-07-21,0,30.6,6,6,1194,655,8910,47,47,1.5,2,1,3.47,1.84,2.4,0.0,6.32,6,NAmes,1Fam,1Story,TA,TA,Y,159500,159500,0
271,L-000271,2006-06-15,2006-08-14,0,39.1,8,5,1939,1095,10728,0,0,2.5,3,1,1.99,2.7,1.75,0.0,6.32,6,Somerst,1Fam,2Story,Gd,Gd,Y,266000,266000,0
913,L-000913,2006-06-15,2006-07-10,1,48.0,5,7,1015,768,6120,81,56,1.0,1,0,1.91,0.77,2.43,47500.0,6.32,6,BrkSide,1Fam,1Story,TA,TA,N,88000,88000,0
1031,L-001031,2006-06-16,2006-07-20,1,44.6,5,8,1928,686,7082,90,11,2.0,0,0,3.89,0.55,3.01,46500.0,6.32,6,SWISU,2fmCon,2Story,TA,TA,Y,160000,160000,0
1113,L-001113,2006-06-16,2006-07-05,0,36.5,5,7,816,816,7100,49,49,2.0,1,0,2.25,1.51,2.26,0.0,6.32,6,NAmes,1Fam,1Story,TA,TA,Y,129900,129900,0
817,L-000817,2006-06-16,2006-07-12,0,29.7,5,6,1008,1008,11425,52,52,1.0,1,1,3.52,2.21,2.19,0.0,6.32,6,NAmes,1Fam,1Story,TA,TA,Y,137000,137000,0
404,L-000404,2006-06-16,2006-07-10,0,51.7,8,5,2263,1141,12090,8,8,2.5,2,1,0.53,6.37,0.67,0.0,6.32,6,NoRidge,1Fam,2Story,Gd,Gd,Y,258000,258000,0
941,L-000941,2006-06-18,2006-07-22,0,30.8,6,5,1728,1728,12640,30,30,2.0,2,0,3.05,5.16,0.89,0.0,6.32,6,Mitchel,Duplex,1Story,TA,TA,Y,150900,150900,0
1431,L-001431,2006-06-18,2006-07-09,0,29.1,5,5,1838,732,21930,1,1,2.5,2,1,4.32,1.52,3.17,0.0,6.32,6,Gilbert,1Fam,2Story,Gd,TA,Y,192140,192140,0
1236,L-001236,2006-06-21,2006-07-04,1,40.1,5,5,1784,747,13132,92,56,1.5,1,0,1.49,1.21,4.76,47400.0,6.32,6,Crawfor,1Fam,2Story,TA,TA,Y,138887,138887,0
214,L-000214,2006-06-21,2006-07-09,0,28.5,5,5,990,990,13568,11,11,1.5,2,0,3.32,2.3,3.12,0.0,6.32,6,CollgCr,1Fam,1Story,TA,TA,Y,156000,156000,0
1334,L-001334,2006-06-21,2006-07-20,1,43.1,5,6,1360,803,7200,68,11,1.5,1,0,1.23,5.98,1.39,45700.0,6.32,6,IDOTRR,1Fam,1.5Fin,TA,Gd,Y,125500,125500,0
1085,L-001085,2006-06-22,2006-07-11,1,31.5,6,5,1498,691,13031,11,10,2.5,2,1,3.64,1.2,3.9,53200.0,6.32,6,Gilbert,1Fam,2Story,TA,TA,Y,187500,187500,0
696,L-000696,2006-06-24,2006-07-07,0,32.3,6,6,1137,1112,13811,19,19,3.0,2,1,2.07,2.44,3.66,0.0,6.32,6,Timber,1Fam,1Story,TA,Gd,Y,176000,176000,0
359,L-000359,2006-06-26,2006-07-22,0,25.1,5,4,1352,1062,6930,48,48,1.5,1,0,5.41,2.71,2.23,0.0,6.32,6,ClearCr,1Fam,SLvl,TA,Gd,Y,130000,130000,0
903,L-000903,2006-06-26,2006-07-23,0,27.2,7,5,1509,783,7875,3,3,2.5,2,1,3.38,2.33,4.23,0.0,6.32,6,Gilbert,1Fam,2Story,Gd,Gd,Y,180000,180000,0
1319,L-001319,2006-06-26,2006-08-16,1,25.9,8,5,1787,1753,14781,5,4,2.0,3,1,3.47,3.27,3.23,53700.0,6.32,6,CollgCr,1Fam,1Story,Gd,Gd,Y,275000,275000,0
365,L-000365,2006-06-27,2006-07-22,0,22.1,6,5,1574,796,18800,30,30,3.5,2,1,4.56,3.35,5.25,0.0,6.32,6,NWAmes,1Fam,2Story,TA,TA,Y,190000,190000,0
702,L-000702,2006-06-29,2006-07-19,0,23.3,7,5,1164,1164,9600,37,37,1.5,2,0,4.74,3.68,2.85,0.0,6.32,6,NWAmes,1Fam,1Story,TA,TA,Y,140000,140000,0
324,L-000324,2006-06-29,2006-07-13,1,58.5,3,8,1163,1162,5820,51,1,2.0,1,0,0.65,4.22,0.38,33400.0,6.32,6,OldTown,1Fam,1Story,TA,TA,Y,126175,126175,0
402,L-000402,2006-06-29,2006-07-13,0,29.4,7,5,1310,1310,8767,1,1,2.0,2,1,2.92,3.01,2.23,0.0,6.32,6,CollgCr,1Fam,1Story,Gd,Gd,Y,164990,164990,0
1022,L-001022,2006-06-29,2006-07-26,0,29.2,7,5,1220,1199,7406,0,0,3.0,2,0,3.35,2.27,2.61,0.0,6.32,6,CollgCr,1Fam,1Story,Gd,Gd,Y,194000,194000,0
1201,L-001201,2006-06-30,2006-07-22,0,29.5,4,5,864,864,9353,36,36,1.0,1,0,3.48,2.29,2.24,0.0,6.32,6,NAmes,1Fam,1Story,TA,TA,Y,116050,116050,0
321,L-000321,2006-06-30,2006-09-08,0,28.4,9,5,2596,1249,16259,0,0,3.5,3,0,2.28,5.01,2.85,0.0,6.32,6,NridgHt,1Fam,2Story,TA,Gd,Y,342643,342643,0
830,L-000830,2006-06-30,2006-07-25,0,39.1,7,5,1223,600,2544,1,1,2.5,2,0,1.65,2.86,2.67,0.0,6.32,6,Somerst,Twnhs,2Story,Gd,Gd,Y,147400,147400,0
996,L-000996,2006-07-02,2006-08-04,1,46.9,4,7,1230,747,4712,60,56,2.5,1,0,2.59,0.57,2.39,24400.0,6.4,7,BrkSide,1Fam,1.5Fin,TA,TA,Y,121600,121600,0
1332,L-001332,2006-07-02,2006-07-14,0,32.3,5,5,954,911,10780,30,30,1.0,2,0,2.51,1.98,2.99,0.0,6.4,7,CollgCr,1Fam,SLvl,TA,TA,Y,132500,132500,0
513,L-000513,2006-07-03,2006-07-13,0,38.1,5,5,864,864,9100,48,48,2.0,2,0,3.03,1.68,2.07,0.0,6.4,7,NAmes,1Fam,1Story,TA,TA,Y,129900,129900,0
377,L-000377,2006-07-03,2006-07-24,0,30.1,5,5,914,870,8846,10,10,1.0,2,0,3.06,2.08,2.97,0.0,6.4,7,CollgCr,1Fam,SFoyer,Gd,TA,Y,148000,148000,0
437,L-000437,2006-07-03,2006-10-08,1,56.7,6,8,1118,648,4400,86,56,1.0,2,0,0.67,5.34,0.43,44400.0,6.4,7,OldTown,1Fam,1.5Fin,TA,TA,Y,116000,116000,0
556,L-000556,2006-07-04,2006-08-08,1,44.4,5,6,1048,993,6380,84,56,1.0,1,1,2.49,0.76,2.94,27100.0,6.4,7,BrkSide,1Fam,1.5Unf,TA,TA,Y,113000,113000,0
346,L-000346,2006-07-04,2006-10-05,1,40.7,6,5,1577,972,6435,67,56,1.0,1,1,3.25,0.42,3.17,63800.0,6.4,7,BrkSide,1Fam,1.5Fin,TA,Fa,Y,140200,140200,0
455,L-000455,2006-07-04,2006-07-25,0,30.6,5,5,1728,1728,9297,30,30,4.0,2,0,2.9,5.42,0.98,0.0,6.4,7,Mitchel,Duplex,1Story,TA,TA,Y,188000,188000,0
977,L-000977,2006-07-04,2006-08-10,1,39.7,4,7,869,440,5900,83,48,1.0,0,0,2.92,0.67,2.33,30000.0,6.4,7,BrkSide,1Fam,1Story,TA,Fa,Y,85500,85500,0
1356,L-001356,2006-07-05,2006-09-04,1,23.9,7,6,1920,570,10192,38,14,3.0,2,1,4.57,2.9,3.75,78600.0,6.4,7,NWAmes,1Fam,SLvl,TA,Gd,Y,170000,170000,0
1146,L-001146,2006-07-05,2006-08-14,1,46.6,5,6,1576,1042,6240,78,56,1.0,1,1,2.72,0.58,2.25,38100.0,6.4,7,BrkSide,1Fam,1.5Fin,TA,TA,Y,149000,149000,0
860,L-000860,2006-07-07,2006-08-21,1,35.0,6,7,2654,1054,11029,38,22,3.5,2,1,3.7,3.61,3.13,50000.0,6.4,7,NWAmes,1Fam,2Story,TA,Gd,Y,250000,250000,0
1205,L-001205,2006-07-07,2006-07-25,0,26.1,5,6,1074,1056,10140,31,31,2.5,2,0,3.06,4.28,2.9,0.0,6.4,7,NWAmes,1Fam,1Story,TA,TA,Y,153500,153500,0
994,L-000994,2006-07-07,2006-08-08,1,32.6,6,5,1500,750,8846,1,0,2.5,2,0,2.84,2.14,1.84,39600.0,6.4,7,CollgCr,1Fam,2Story,TA,Gd,Y,173900,173900,0
91,L-000091,2006-07-08,2006-07-25,0,30.9,4,5,1040,0,7200,56,56,1.0,2,0,3.75,1.77,2.06,0.0,6.4,7,NAmes,1Fam,1Story,TA,TA,Y,109900,109900,0
1188,L-001188,2006-07-10,2006-07-24,1,48.8,8,5,1624,1624,12461,12,11,3.0,3,1,0.55,7.57,0.99,52100.0,6.4,7,NoRidge,1Fam,1Story,Gd,Gd,Y,262000,262000,0
482,L-000482,2006-07-10,2006-08-27,1,29.7,9,5,1792,1792,11846,3,2,3.0,3,1,1.98,4.03,4.07,69800.0,6.4,7,NridgHt,1Fam,1Story,Gd,Ex,Y,374000,374000,0
492,L-000492,2006-07-10,2006-08-13,1,41.8,6,7,1578,806,9490,65,56,2.0,1,2,2.54,1.8,1.24,89700.0,6.4,7,NAmes,1Fam,1.5Fin,TA,Fa,Y,133000,133000,0
952,L-000952,2006-07-11,2006-07-23,0,41.5,5,5,965,828,7800,41,41,2.0,1,0,1.98,1.9,3.55,0.0,6.4,7,SawyerW,1Fam,1Story,TA,TA,Y,119900,119900,0
596,L-000596,2006-07-12,2006-08-09,1,46.3,8,5,1826,1814,11302,1,0,3.0,3,1,0.74,6.53,0.89,108300.0,6.4,7,StoneBr,1Fam,1Story,Gd,Gd,Y,319000,319000,0
904,L-000904,2006-07-14,2006-08-17,0,30.0,7,5,1670,1670,14859,0,0,2.0,3,1,2.9,2.23,3.08,0.0,6.4,7,Gilbert,1Fam,1Story,Gd,Gd,Y,240000,240000,0
1450,L-001450,2006-07-15,2006-08-25,0,38.9,5,7,630,630,1533,36,36,2.0,0,0,2.4,1.91,2.39,0.0,6.4,7,MeadowV,Twnhs,SFoyer,TA,Ex,Y,92000,92000,0
130,L-000130,2006-07-16,2006-07-27,1,32.7,5,7,1053,1008,8973,48,15,2.0,2,0,2.86,2.3,1.62,23900.0,6.4,7,NAmes,1Fam,1Story,TA,Ex,Y,150000,150000,0
1219,L-001219,2006-07-16,2006-07-26,1,43.8,4,5,912,0,6240,59,56,1.0,0,0,3.03,0.84,1.83,28000.0,6.4,7,BrkSide,1Fam,1.5Fin,TA,TA,N,80500,80500,0
1115,L-001115,2006-07-17,2006-08-07,1,51.4,5,7,833,833,5400,52,6,1.0,1,0,0.72,4.54,0.44,15700.0,6.4,7,OldTown,1Fam,1Story,TA,Gd,Y,117000,117000,0
304,L-000304,2006-07-17,2006-07-26,0,30.8,5,7,894,894,9800,34,34,2.0,2,0,2.79,2.31,2.62,0.0,6.4,7,CollgCr,1Fam,1Story,TA,TA,Y,149900,149900,0
990,L-000990,2006-07-18,2006-08-27,0,41.7,7,5,1576,770,8125,0,0,2.5,2,0,1.79,2.28,1.63,0.0,6.4,7,Somerst,1Fam,2Story,Gd,Gd,Y,197000,197000,0
939,L-000939,2006-07-19,2006-08-14,0,29.7,7,5,1962,1391,8760,0,0,2.5,3,0,2.62,2.82,2.98,0.0,6.4,7,CollgCr,1Fam,2Story,Gd,Gd,Y,239799,239799,0
97,L-000097,2006-07-19,2006-08-13,0,30.4,7,5,1588,1588,10264,7,7,2.0,2,0,2.51,2.85,2.7,0.0,6.4,7,CollgCr,1Fam,1Story,Gd,Gd,Y,214000,214000,0
1244,L-001244,2006-07-23,2006-09-12,0,28.6,10,5,2076,2076,13891,0,0,3.5,3,1,2.23,3.86,4.07,0.0,6.4,7,NridgHt,1Fam,1Story,Ex,Ex,Y,465000,465000,0
54,L-000054,2006-07-25,2006-11-27,1,38.0,9,5,1842,1842,50271,25,19,2.5,3,1,3.89,0.48,3.44,100700.0,6.4,7,Veenker,1Fam,1Story,Gd,Gd,Y,385000,385000,0
382,L-000382,2006-07-26,2006-08-13,0,40.1,7,5,1301,1293,7200,0,0,3.0,2,1,1.58,2.56,2.78,0.0,6.4,7,Somerst,1Fam,1Story,Gd,Gd,Y,187750,187750,0
1238,L-001238,2006-07-29,2006-09-12,1,31.4,7,5,1948,847,12393,2,1,2.5,2,1,2.41,2.26,3.38,77300.0,6.4,7,CollgCr,1Fam,2Story,Gd,Gd,Y,195000,195000,0
507,L-000507,2006-07-29,2006-09-23,1,38.3,8,5,1911,777,9554,13,12,2.5,2,1,1.88,1.21,3.62,134800.0,6.4,7,SawyerW,1Fam,2Story,Gd,Gd,Y,215000,215000,0
736,L-000736,2006-08-01,2006-10-11,1,60.5,7,7,1768,880,10800,92,36,1.5,2,2,0.48,6.82,0.34,64800.0,6.4,8,OldTown,1Fam,2.5Unf,TA,TA,N,163000,163000,0
1073,L-001073,2006-08-02,2006-08-25,1,40.3,5,3,1456,810,7585,58,56,2.5,1,1,1.55,6.47,1.31,38800.0,6.4,8,Edwards,1Fam,1.5Fin,TA,TA,Y,91500,91500,0
52,L-000052,2006-08-03,2006-09-09,1,43.0,6,6,1176,816,6240,72,56,1.0,2,1,2.99,0.73,2.93,35700.0,6.4,8,BrkSide,1Fam,1.5Fin,TA,TA,Y,114500,114500,0
1224,L-001224,2006-08-03,2006-10-05,0,31.6,5,3,2136,2136,10680,55,55,2.0,2,0,3.27,2.15,1.7,0.0,6.4,8,NAmes,1Fam,1Story,TA,TA,N,137900,137900,0
1391,L-001391,2006-08-04,2006-09-04,0,28.2,7,5,1525,1525,9100,6,6,3.0,2,0,2.89,3.31,2.71,0.0,6.4,8,CollgCr,1Fam,1Story,Gd,Gd,Y,235000,235000,0
692,L-000692,2006-08-06,2007-01-11,1,46.9,10,6,4316,2444,21535,13,12,4.0,3,2,0.6,9.84,1.03,220200.0,6.4,8,NoRidge,1Fam,2Story,Ex,Ex,Y,755000,755000,0
558,L-000558,2006-08-08,2006-09-19,1,39.3,4,6,1336,637,11040,86,56,1.5,1,0,1.61,4.31,1.1,29500.0,6.4,8,IDOTRR,1Fam,1.5Fin,TA,TA,Y,108000,108000,0
59,L-000059,2006-08-09,2006-10-09,0,48.6,10,5,2945,1410,13682,0,0,3.5,3,1,0.61,5.33,1.03,0.0,6.4,8,StoneBr,1Fam,2Story,Ex,Gd,Y,438780,438780,0
36,L-000036,2006-08-11,2006-09-25,1,28.2,8,5,2452,1117,13418,2,1,3.5,3,1,2.58,4.33,2.58,81900.0,6.4,8,NridgHt,1Fam,2Story,Gd,Gd,Y,309000,309000,0
218,L-000218,2006-08-11,2006-09-03,1,59.2,4,4,1328,686,9906,81,56,1.0,1,0,0.75,2.68,0.38,56800.0,6.4,8,OldTown,1Fam,2Story,TA,TA,N,107000,107000,0
1307,L-001307,2006-08-14,2006-09-15,1,27.8,7,5,1368,1368,6955,1,0,2.0,2,1,3.35,2.68,2.89,56800.0,6.4,8,NridgHt,TwnhsE,1Story,Gd,Gd,Y,202500,202500,0
545,L-000545,2006-08-16,2006-09-06,0,26.4,7,5,1496,654,17104,0,0,3.5,2,1,4.54,1.86,4.14,0.0,6.4,8,Gilbert,1Fam,2Story,Gd,Gd,Y,179665,179665,0
698,L-000698,2006-08-20,2006-09-25,0,36.3,5,7,1148,980,6420,54,54,1.5,1,0,1.7,4.19,1.22,0.0,6.4,8,Edwards,1Fam,1Story,TA,TA,Y,123500,123500,0
597,L-000597,2006-08-23,2006-10-02,1,55.4,6,7,1368,684,3600,96,13,1.0,1,0,0.78,3.74,0.54,57500.0,6.4,8,OldTown,1Fam,2Story,TA,TA,N,114504,114504,0
1360,L-001360,2006-08-25,2006-09-23,1,33.9,9,5,1980,1980,16737,2,1,3.0,3,1,1.84,3.06,2.38,96600.0,6.4,8,NridgHt,1Fam,1Story,Gd,Ex,Y,315000,315000,0
560,L-000560,2006-08-26,2006-10-04,1,34.6,7,5,1557,1374,3196,3,2,2.0,2,1,1.95,6.04,0.92,59900.0,6.4,8,Blmngtn,TwnhsE,1Story,Gd,Gd,Y,234000,234000,0
1094,L-001094,2006-08-26,2006-10-10,1,35.2,5,8,1200,864,9230,41,8,2.5,2,0,3.61,2.18,1.87,39500.0,6.4,8,NAmes,1Fam,1Story,TA,Gd,Y,146000,146000,0
640,L-000640,2006-08-27,2006-10-13,0,35.7,8,5,1567,1520,3982,0,0,3.0,3,1,1.73,5.09,1.11,0.0,6.4,8,Blmngtn,TwnhsE,1Story,Gd,Ex,Y,264561,264561,0
955,L-000955,2006-08-29,2006-10-03,0,32.9,6,5,980,945,9400,31,31,3.0,0,0,1.7,5.98,1.84,0.0,6.4,8,Edwards,Duplex,SFoyer,TA,TA,Y,127500,127500,0
1055,L-001055,2006-08-29,2006-11-03,0,32.7,8,5,1989,1065,11367,4,4,3.5,2,1,2.63,2.06,2.27,0.0,6.4,8,CollgCr,1Fam,2Story,Gd,Gd,Y,255000,255000,0
1108,L-001108,2006-08-30,2006-09-20,0,31.2,7,5,2021,868,23257,0,0,2.5,2,1,3.49,1.35,3.66,0.0,6.4,8,Gilbert,1Fam,2Story,Gd,Gd,Y,274725,274725,0
111,L-000111,2006-09-03,2006-10-24,1,33.8,6,4,1855,994,9525,52,34,2.0,1,0,1.64,4.61,2.07,45400.0,6.44,9,Edwards,1Fam,1.5Fin,TA,TA,Y,136900,136900,0
769,L-000769,2006-09-08,2006-10-20,1,26.4,7,5,1836,1860,9100,2,1,2.0,2,1,3.95,3.29,2.16,44200.0,6.44,9,CollgCr,1Fam,1Story,Gd,Gd,Y,216837,216837,0
1383,L-001383,2006-09-09,2006-10-24,1,60.2,7,7,1762,596,7200,86,56,2.5,2,0,0.49,5.27,0.44,60000.0,6.44,9,OldTown,1Fam,2Story,TA,Gd,Y,157000,157000,0
1197,L-001197,2006-09-10,2006-11-04,0,26.4,7,5,1863,879,14054,0,0,2.5,3,1,4.46,2.22,3.03,0.0,6.44,9,Gilbert,1Fam,2Story,Gd,Gd,Y,219210,219210,0
572,L-000572,2006-09-12,2006-10-23,0,32.9,6,6,864,864,7332,47,47,2.0,1,0,2.83,1.68,2.56,0.0,6.44,9,NAmes,1Fam,1Story,TA,Gd,Y,120000,120000,0
1290,L-001290,2006-09-15,2006-10-22,0,31.9,8,5,1970,1085,11065,0,0,2.5,3,1,1.67,4.46,3.31,0.0,6.44,9,NridgHt,1Fam,2Story,Gd,Ex,Y,281000,281000,0
666,L-000666,2006-09-17,2006-11-16,0,27.7,8,5,1936,1406,11194,6,6,2.5,2,1,4.73,1.68,3.15,0.0,6.44,9,Gilbert,1Fam,2Story,Gd,Gd,Y,230500,230500,0
535,L-000535,2006-09-18,2006-10-13,0,27.9,8,5,1414,707,9056,2,2,2.5,2,1,4.84,1.79,2.6,0.0,6.44,9,Gilbert,1Fam,2Story,Gd,Gd,Y,178000,178000,0
1395,L-001395,2006-09-20,2006-10-27,0,35.3,7,5,1500,1356,4045,0,0,3.0,3,1,2.33,3.72,0.83,0.0,6.44,9,Blmngtn,TwnhsE,1Story,Gd,Gd,Y,246578,246578,0
18,L-000018,2006-09-20,2006-10-19,0,41.8,4,5,1296,0,10791,39,39,2.0,2,0,1.09,1.62,4.86,0.0,6.44,9,Sawyer,Duplex,1Story,TA,TA,Y,90000,90000,0
1152,L-001152,2006-09-21,2006-11-10,0,35.4,5,4,1466,1466,17755,47,47,1.5,2,2,1.64,5.13,1.34,0.0,6.44,9,Edwards,1Fam,1Story,TA,Fa,Y,149900,149900,0
523,L-000523,2006-09-21,2006-10-26,1,51.7,6,7,1664,1004,5000,59,56,2.0,2,2,2.81,0.48,2.8,46800.0,6.44,9,BrkSide,1Fam,1.5Fin,TA,TA,Y,159000,159000,0
923,L-000923,2006-09-23,2006-10-05,1,29.2,6,5,1316,1316,10237,1,0,2.0,2,1,3.84,1.52,4.03,41300.0,6.44,9,Gilbert,1Fam,1Story,Gd,Gd,Y,169990,169990,0
625,L-000625,2006-09-24,2006-11-10,0,26.5,6,5,1790,732,10400,34,34,3.0,2,1,3.12,3.5,3.27,0.0,6.44,9,NWAmes,1Fam,2Story,TA,TA,Y,165150,165150,0
121,L-000121,2006-09-24,2006-10-07,0,25.1,6,5,988,938,21453,37,37,2.0,2,2,3.78,3.06,3.68,0.0,6.44,9,ClearCr,1Fam,SLvl,TA,TA,Y,180000,180000,0
1200,L-001200,2006-09-25,2006-10-19,1,45.4,4,5,1382,1051,11235,43,27,1.5,2,1,0.74,2.43,3.07,27600.0,6.44,9,Sawyer,1Fam,1Story,TA,TA,Y,148000,148000,0
636,L-000636,2006-09-25,2007-03-17,1,51.0,6,7,3395,1440,10896,93,12,2.0,0,0,3.12,0.75,1.99,109000.0,6.44,9,SWISU,2fmCon,2.5Fin,Fa,Fa,Y,200000,200000,0
1296,L-001296,2006-10-02,2006-11-06,0,41.4,5,5,1052,1052,8400,38,38,2.5,1,0,2.3,1.46,2.28,0.0,6.43,10,NAmes,1Fam,1Story,TA,TA,Y,138500,138500,0
930,L-000930,2006-10-05,2006-11-09,0,29.4,7,5,2236,964,13006,9,9,2.5,2,1,3.55,2.4,2.03,0.0,6.43,10,Gilbert,1Fam,2Story,TA,Gd,Y,222000,222000,0
669,L-000669,2006-10-06,2006-11-23,1,45.6,5,6,1437,1188,14175,50,19,2.5,2,1,0.87,1.98,2.43,43700.0,6.43,10,Sawyer,1Fam,1Story,TA,TA,Y,168000,168000,0
145,L-000145,2006-10-11,2006-11-12,0,54.2,5,5,1728,1728,9100,43,43,3.0,2,0,0.61,2.05,2.77,0.0,6.43,10,Sawyer,Duplex,1Story,TA,TA,Y,125000,125000,0
807,L-000807,2006-10-11,2006-10-27,0,33.3,5,5,980,980,9750,39,39,2.0,1,0,2.86,1.45,2.93,0.0,6.43,10,NAmes,1Fam,SLvl,TA,TA,Y,135500,135500,0
917,L-000917,2006-10-11,2006-10-24,1,36.7,2,3,480,480,9000,57,56,1.0,1,0,1.59,5.57,1.54,10500.0,6.43,10,IDOTRR,1Fam,1Story,TA,TA,N,35311,35311,0
721,L-000721,2006-10-13,2006-12-14,0,41.0,8,5,1742,1742,6563,21,21,3.0,2,1,0.92,8.51,1.28,0.0,6.43,10,StoneBr,1Fam,1Story,Gd,Gd,Y,275000,275000,0
1273,L-001273,2006-10-15,2006-11-07,0,38.6,5,6,935,935,13526,41,41,2.0,1,0,1.04,2.87,4.96,0.0,6.43,10,Sawyer,1Fam,1Story,TA,TA,Y,137000,137000,0
21,L-000021,2006-10-15,2006-11-12,1,30.1,8,5,2376,1158,14215,1,0,3.5,3,1,2.41,3.06,2.93,95200.0,6.43,10,NridgHt,1Fam,2Story,Gd,Gd,Y,325300,325300,0
1033,L-001033,2006-10-16,2006-11-18,0,51.1,8,7,2520,1338,14541,13,13,3.5,3,1,0.51,5.33,0.95,0.0,6.43,10,NoRidge,1Fam,2Story,Gd,Gd,Y,310000,310000,0
846,L-000846,2006-10-19,2007-01-12,1,42.8,5,5,1701,1390,16647,32,26,3.0,2,2,0.86,2.31,4.16,59000.0,6.43,10,Sawyer,1Fam,SFoyer,TA,TA,Y,171000,171000,0
1207,L-001207,2006-10-20,2006-11-01,0,44.1,4,4,1056,1056,8900,40,40,2.0,1,0,2.08,1.12,4.38,0.0,6.43,10,SawyerW,1Fam,1Story,TA,TA,Y,107000,107000,0
310,L-000310,2006-10-21,2006-11-13,1,28.6,9,5,1944,1896,12378,3,2,3.0,3,3,2.63,3.45,2.91,59100.0,6.43,10,NridgHt,1Fam,1Story,Gd,Ex,Y,360000,360000,0
452,L-000452,2006-10-23,2006-12-13,0,23.9,7,5,1533,1533,70761,31,31,3.0,2,2,4.55,3.29,3.08,0.0,6.43,10,ClearCr,1Fam,1Story,TA,Gd,Y,280000,280000,0
41,L-000041,2006-10-24,2006-12-27,0,31.3,6,5,1324,1088,8658,41,41,2.0,2,1,2.97,1.98,2.56,0.0,6.43,10,NAmes,1Fam,1Story,TA,TA,Y,160000,160000,0
717,L-000717,2006-10-29,2007-07-11,1,58.1,7,8,2554,718,10800,117,9,1.5,2,0,0.58,3.96,0.61,102000.0,6.43,10,OldTown,1Fam,2Story,TA,TA,Y,159500,159500,0
1221,L-001221,2006-10-31,2006-11-23,0,33.8,5,5,912,912,7800,42,42,1.0,1,0,2.54,1.96,2.07,0.0,6.43,10,NAmes,1Fam,1Story,TA,TA,Y,115000,115000,0
1303,L-001303,2006-11-01,2006-12-06,0,46.4,8,5,2526,1165,10120,12,12,3.5,3,1,0.65,6.23,1.23,0.0,6.52,11,NoRidge,1Fam,2Story,Gd,Gd,Y,290000,290000,0
29,L-000029,2006-11-07,2006-12-16,1,37.3,5,6,1600,1484,16321,49,9,2.0,1,2,2.72,1.31,1.53,51900.0,6.52,11,NAmes,1Fam,1Story,TA,TA,Y,207500,207500,0
971,L-000971,2006-11-09,2006-12-10,1,32.8,4,4,1192,720,10800,57,56,1.5,0,0,3.25,1.78,1.75,51500.0,6.52,11,NAmes,1Fam,1.5Fin,TA,TA,N,135000,135000,0
92,L-000092,2006-11-09,2006-12-27,0,29.5,5,3,1235,1235,8500,45,45,1.0,2,0,3.25,2.19,2.72,0.0,6.52,11,NAmes,1Fam,1Story,TA,TA,Y,98600,98600,0
1267,L-001267,2006-11-14,2007-01-04,1,67.1,7,4,1889,925,10120,97,57,1.5,1,1,0.54,3.62,0.32,74100.0,6.52,11,OldTown,2fmCon,2.5Unf,Fa,TA,N,122000,122000,0
1246,L-001246,2006-11-15,2007-01-10,1,22.9,6,7,1868,585,12090,23,4,3.5,2,1,4.3,5.02,2.63,40500.0,6.52,11,NWAmes,1Fam,SLvl,TA,TA,Y,178000,178000,0
1325,L-001325,2006-11-17,2007-02-03,1,35.5,8,5,1795,1795,9986,1,0,2.0,3,1,1.51,3.64,2.26,68300.0,6.52,11,Somerst,1Fam,1Story,Gd,Gd,Y,147000,147000,0
1374,L-001374,2006-11-18,2007-03-19,1,48.2,10,5,2633,2633,11400,6,5,3.5,3,2,0.69,7.14,0.67,197600.0,6.52,11,NoRidge,1Fam,1Story,Ex,Ex,Y,466500,466500,0
570,L-000570,2006-11-19,2006-12-21,0,33.6,5,5,943,943,7032,27,27,2.0,2,2,2.69,1.64,2.54,0.0,6.52,11,NAmes,Duplex,SFoyer,TA,TA,Y,135960,135960,0
694,L-000694,2006-11-22,2006-12-08,1,54.1,5,6,1073,1073,5400,85,38,1.0,1,0,0.59,3.58,0.53,37800.0,6.52,11,OldTown,1Fam,1Story,TA,TA,Y,108480,108480,0
1420,L-001420,2006-11-24,2006-12-27,0,35.9,6,5,1844,1844,16381,37,37,3.0,2,1,2.41,1.09,4.17,0.0,6.52,11,Crawfor,1Fam,1Story,Gd,Gd,Y,223000,223000,0
352,L-000352,2006-11-28,2006-12-27,0,24.7,7,5,1453,1453,5271,20,20,2.5,2,1,3.99,3.56,2.91,0.0,6.52,11,ClearCr,1Fam,1Story,TA,Gd,Y,190000,190000,0
281,L-000281,2006-11-29,2007-01-21,0,31.1,7,6,1982,807,11287,18,18,2.5,2,1,2.77,1.62,4.96,0.0,6.52,11,SawyerW,1Fam,2Story,Gd,Gd,Y,228500,228500,0
71,L-000071,2006-12-04,2007-02-06,0,34.1,7,6,2223,2223,13651,34,34,3.0,2,2,2.8,1.52,2.3,0.0,6.54,12,NAmes,1Fam,1Story,TA,TA,Y,244000,244000,0
1223,L-001223,2006-12-07,2007-01-25,1,38.2,6,6,1846,1040,10496,58,57,2.0,1,1,3.09,1.67,1.97,57200.0,6.54,12,NAmes,1Fam,1.5Fin,TA,TA,Y,143000,143000,0
1393,L-001393,2006-12-12,2006-12-27,0,31.2,5,5,900,864,7838,39,39,2.0,1,1,3.61,1.92,1.84,0.0,6.54,12,NAmes,1Fam,SFoyer,TA,TA,Y,123000,123000,0
151,L-000151,2006-12-13,2007-01-07,0,31.3,5,6,969,969,10356,32,32,1.5,2,0,3.23,1.87,2.31,0.0,6.54,12,CollgCr,1Fam,1Story,TA,TA,Y,122000,122000,0
1174,L-001174,2006-12-14,2007-03-01,1,23.5,5,6,3086,1598,18030,61,13,3.0,0,1,5.12,2.89,3.32,92300.0,6.54,12,ClearCr,1Fam,1.5Fin,TA,Ex,Y,200500,200500,0
478,L-000478,2006-12-15,2007-03-13,0,34.9,9,5,2643,2153,13693,1,1,2.5,3,1,1.54,3.35,2.76,0.0,6.54,12,NridgHt,1Fam,2Story,Ex,Ex,Y,380000,380000,0
50,L-000050,2006-12-17,2007-01-06,0,39.7,5,7,955,955,7742,41,41,2.0,1,0,0.99,3.29,3.39,0.0,6.54,12,Sawyer,1Fam,1Story,TA,TA,Y,127000,127000,0
877,L-000877,2006-12-18,2007-01-09,0,31.4,4,5,1040,1064,25286,44,44,2.0,2,0,2.78,7.4,0.73,0.0,6.54,12,Mitchel,1Fam,1Story,TA,TA,Y,132250,132250,0
1143,L-001143,2006-12-25,2007-04-07,1,31.3,8,5,2828,1466,9965,1,0,4.0,3,1,3.52,1.82,2.04,187300.0,6.54,12,CollgCr,1Fam,2Story,Gd,Gd,Y,424870,424870,0
1312,L-001312,2006-12-29,2007-01-20,1,32.6,7,5,1274,1274,8814,2,0,3.0,2,0,2.6,2.53,1.77,48800.0,6.54,12,CollgCr,1Fam,1Story,Gd,Gd,Y,203000,203000,0
916,L-000916,2006-12-30,2007-01-20,0,38.5,4,5,1092,546,2001,37,37,1.5,1,0,2.23,2.26,2.44,0.0,6.54,12,MeadowV,Twnhs,2Story,TA,TA,Y,75000,75000,0
1007,L-001007,2007-01-03,2007-03-20,0,39.8,6,3,1657,1657,12155,37,37,2.5,2,1,3.41,2.14,2.41,0.0,6.53,1,NAmes,1Fam,1Story,TA,TA,Y,163500,163500,0
598,L-000598,2007-01-04,2007-02-02,1,31.6,7,5,1402,1258,3922,1,0,2.0,3,1,2.34,7.56,0.97,54500.0,6.53,1,Blmngtn,TwnhsE,1Story,Gd,Gd,Y,194201,194201,0
1002,L-001002,2007-01-06,2007-01-24,1,55.3,5,6,691,691,5400,87,57,1.0,1,0,0.54,4.15,0.43,19600.0,6.53,1,OldTown,1Fam,1Story,TA,Ex,Y,86000,86000,0
488,L-000488,2007-01-07,2007-02-02,0,23.4,5,6,1484,1484,12243,36,36,2.0,2,1,5.18,2.75,3.67,0.0,6.53,1,NWAmes,1Fam,1Story,TA,TA,Y,175000,175000,0
534,L-000534,2007-01-12,2007-01-20,1,38.7,1,3,334,0,5000,61,57,1.0,0,0,3.17,0.6,3.03,6400.0,6.53,1,BrkSide,1Fam,1Story,Fa,Fa,N,39300,39300,0
1320,L-001320,2007-01-19,2007-02-01,0,35.9,4,5,948,864,10215,53,53,1.0,1,0,1.67,3.95,1.47,0.0,6.53,1,Edwards,1Fam,1Story,TA,TA,Y,111000,111000,0
207,L-000207,2007-01-19,2007-03-20,0,45.0,5,5,1696,1140,13673,45,45,1.5,1,1,0.63,3.07,4.02,0.0,6.53,1,Sawyer,1Fam,1Story,TA,TA,Y,143900,143900,0
1390,L-001390,2007-01-21,2007-03-19,1,42.3,6,6,1218,735,6000,66,57,1.5,2,1,3.86,0.56,3.17,40100.0,6.53,1,BrkSide,1Fam,1.5Fin,TA,TA,Y,131000,131000,0
530,L-000530,2007-01-22,2007-03-08,1,35.1,6,3,2515,2035,32668,50,32,4.0,2,2,2.03,1.42,5.18,132000.0,6.53,1,Crawfor,1Fam,1Story,Gd,TA,Y,200624,200624,0
1396,L-001396,2007-01-25,2007-02-24,1,28.2,8,5,2482,1094,12665,2,1,2.5,3,1,3.28,2.22,3.78,78300.0,6.53,1,Timber,1Fam,2Story,Gd,Gd,Y,281213,281213,0
127,L-000127,2007-01-25,2007-02-18,0,34.8,6,5,958,1078,4928,31,31,2.0,2,1,1.92,2.23,2.74,0.0,6.53,1,NPkVill,TwnhsE,1Story,TA,TA,Y,128000,128000,0
814,L-000814,2007-01-25,2007-04-07,0,31.5,6,6,1442,1442,9750,49,49,1.5,1,0,2.9,1.79,3.07,0.0,6.53,1,NAmes,1Fam,1Story,TA,TA,Y,157900,157900,0
55,L-000055,2007-01-29,2007-02-27,0,26.9,5,5,1360,384,7134,52,52,1.0,2,1,4.59,2.26,2.46,0.0,6.53,1,NAmes,1Fam,SLvl,TA,TA,Y,130000,130000,0
1096,L-001096,2007-01-31,2007-03-06,0,28.3,6,5,1314,1314,9317,1,1,2.0,2,1,3.47,2.4,2.77,0.0,6.53,1,CollgCr,1Fam,1Story,Gd,Gd,Y,176432,176432,0
1097,L-001097,2007-02-06,2007-03-08,1,45.9,6,7,1355,684,6882,93,1,1.5,0,0,1.06,5.36,1.25,41400.0,6.6,2,IDOTRR,1Fam,2Story,TA,Gd,Y,127000,127000,0
1364,L-001364,2007-02-08,2007-03-07,1,28.7,6,5,1412,616,8499,1,0,2.5,2,1,3.95,1.83,3.0,48000.0,6.6,2,Gilbert,1Fam,2Story,TA,Gd,Y,156932,156932,0
1023,L-001023,2007-02-08,2007-03-09,1,63.8,5,5,1248,912,9439,77,57,1.0,1,0,0.35,3.75,0.61,40300.0,6.6,2,OldTown,1Fam,1.5Fin,TA,TA,Y,87000,87000,0
1233,L-001233,2007-02-09,2007-03-06,0,30.1,4,5,1224,0,9842,45,45,2.0,2,0,4.15,1.66,2.29,0.0,6.6,2,NAmes,Duplex,1Story,TA,TA,Y,101800,101800,0
1398,L-001398,2007-02-09,2007-05-06,1,47.8,5,8,1513,939,6120,87,3,1.5,1,0,2.63,0.48,2.45,39400.0,6.6,2,BrkSide,1Fam,2Story,TA,TA,Y,137500,137500,0
62,L-000062,2007-02-10,2007-03-08,1,46.5,5,7,1111,530,7200,87,11,1.0,1,0,0.98,4.62,1.53,26000.0,6.6,2,IDOTRR,1Fam,2.5Unf,TA,Fa,N,101000,101000,0
480,L-000480,2007-02-10,2007-03-07,1,58.6,4,7,1131,907,5925,70,7,1.0,2,0,0.53,4.19,0.65,26800.0,6.6,2,OldTown,1Fam,1Story,TA,TA,Y,89471,89471,0
797,L-000797,2007-02-11,2007-04-09,0,39.6,6,5,1285,660,8197,30,30,1.5,2,1,1.1,2.73,3.22,0.0,6.6,2,Sawyer,1Fam,1Story,TA,TA,Y,143500,143500,0
646,L-000646,2007-02-12,2007-03-07,0,33.9,6,5,981,981,10530,36,36,2.5,2,0,2.64,1.74,2.21,0.0,6.6,2,NAmes,1Fam,1Story,TA,TA,Y,143250,143250,0
688,L-000688,2007-02-13,2007-03-18,0,42.4,7,5,1102,551,5105,3,3,2.5,2,0,1.71,1.92,2.0,0.0,6.6,2,Somerst,TwnhsE,2Story,Gd,Gd,Y,148800,148800,0
1191,L-001191,2007-02-14,2007-03-16,1,29.8,4,4,1622,1249,32463,46,32,2.0,4,1,2.885,5.36,1.17,26300.0,6.6,2,Mitchel,2fmCon,1Story,TA,TA,Y,168000,168000,0
933,L-000933,2007-02-17,2007-03-23,0,34.0,9,5,1905,1905,11670,1,1,2.0,3,1,1.61,3.43,2.91,0.0,6.6,2,Somerst,1Fam,1Story,Ex,Ex,Y,320000,320000,0
419,L-000419,2007-02-20,2007-04-06,1,33.1,5,6,1134,756,8160,67,57,2.5,1,0,1.7,5.5,1.88,41700.0,6.6,2,Edwards,1Fam,1.5Fin,TA,TA,N,126000,126000,0
1026,L-001026,2007-02-20,2007-03-02,0,32.3,5,5,882,882,7700,35,35,2.0,2,0,2.67,2.26,2.09,0.0,6.6,2,CollgCr,1Fam,1Story,TA,TA,Y,112500,112500,0
485,L-000485,2007-02-20,2007-03-22,1,42.3,5,7,999,999,7758,45,6,2.0,1,0,0.91,2.06,4.97,33000.0,6.6,2,Sawyer,1Fam,1Story,TA,Gd,Y,132500,132500,0
209,L-000209,2007-02-22,2007-04-18,1,34.1,7,5,2062,1157,14364,19,18,3.5,2,1,2.03,1.74,4.51,64400.0,6.6,2,SawyerW,1Fam,2Story,Gd,TA,Y,277000,277000,0
958,L-000958,2007-02-23,2007-04-24,0,43.8,5,5,1057,1057,7420,45,45,1.0,2,0,0.86,2.1,3.74,0.0,6.6,2,Sawyer,1Fam,1Story,TA,TA,Y,132000,132000,0
439,L-000439,2007-02-26,2007-03-08,1,36.2,5,6,694,440,4280,94,5,1.0,1,1,1.66,1.65,5.54,20200.0,6.6,2,Crawfor,1Fam,1Story,TA,Gd,N,90350,90350,0
667,L-000667,2007-02-27,2007-08-15,1,32.2,6,5,2380,1021,18450,42,28,2.5,2,1,3.77,1.47,2.05,93300.0,6.6,2,NAmes,1Fam,2Story,TA,TA,Y,129000,129000,0
1430,L-001430,2007-02-28,2007-04-06,0,20.5,6,7,1440,1440,12546,26,26,2.0,2,1,5.28,5.14,3.33,0.0,6.6,2,NWAmes,1Fam,1Story,Gd,Gd,Y,182900,182900,0
302,L-000302,2007-02-28,2007-05-17,1,28.2,8,5,2452,1028,16226,9,8,2.5,2,1,3.04,2.75,3.12,114400.0,6.6,2,CollgCr,1Fam,2Story,Gd,Gd,Y,267000,267000,0
118,L-000118,2007-02-28,2007-04-06,1,30.9,5,5,1125,1125,8536,1,0,1.5,2,0,2.24,5.27,1.62,29400.0,6.6,2,Edwards,1Fam,1Story,TA,TA,Y,155000,155000,0
1176,L-001176,2007-03-01,2007-04-05,1,48.4,8,5,2872,1683,10678,15,7,2.5,2,1,0.64,7.0,0.79,93400.0,6.6,3,NoRidge,1Fam,1.5Fin,Gd,Gd,Y,285000,285000,0
467,L-000467,2007-03-02,2007-04-01,0,30.4,7,5,1277,1277,10628,37,37,2.0,2,1,3.35,1.69,3.2,0.0,6.6,3,NAmes,1Fam,1Story,TA,TA,Y,167000,167000,0
169,L-000169,2007-03-02,2007-05-05,0,28.1,7,5,1720,840,8244,3,3,2.5,2,1,4.12,1.87,3.12,0.0,6.6,3,Gilbert,1Fam,2Story,Gd,Gd,Y,183500,183500,0
1060,L-001060,2007-03-03,2007-03-25,1,37.1,6,7,1991,854,11275,75,57,1.5,2,1,1.75,1.34,5.47,72200.0,6.6,3,Crawfor,1Fam,1.5Fin,TA,TA,Y,220000,220000,0
1029,L-001029,2007-03-05,2007-04-15,1,39.3,5,5,1376,768,9492,66,57,2.0,1,1,2.35,1.95,2.21,18200.0,6.6,3,NAmes,1Fam,1.5Fin,TA,TA,Y,105000,105000,0
547,L-000547,2007-03-06,2007-05-25,1,35.3,6,7,1635,1065,8737,84,57,1.5,2,1,3.56,0.9,2.61,27000.0,6.6,3,BrkSide,1Fam,1.5Fin,TA,TA,Y,210000,210000,0
1318,L-001318,2007-03-07,2007-04-03,1,39.8,7,5,1352,1352,4230,1,0,2.0,2,1,1.79,2.41,2.3,44100.0,6.6,3,Somerst,TwnhsE,1Story,Gd,Gd,Y,208900,208900,0
176,L-000176,2007-03-09,2007-06-23,1,30.9,6,7,2158,1202,12615,57,6,3.0,2,1,2.29,9.09,1.05,51700.0,6.6,3,Edwards,1Fam,1Story,TA,Gd,Y,243000,243000,0
882,L-000882,2007-03-11,2007-04-04,1,27.4,7,5,1717,1156,13758,17,16,2.5,2,1,3.27,2.62,3.51,82600.0,6.6,3,Timber,1Fam,1.5Fin,Gd,Gd,Y,187500,187500,0
503,L-000503,2007-03-11,2007-04-04,0,37.2,5,7,1214,1214,9170,42,42,2.0,2,0,1.88,6.78,1.51,0.0,6.6,3,Edwards,1Fam,1Story,TA,TA,Y,140000,140000,0
642,L-000642,2007-03-12,2007-05-27,0,38.2,7,5,1929,1057,7050,6,6,3.5,2,1,1.78,3.51,2.06,0.0,6.6,3,Somerst,1Fam,2Story,Gd,Gd,Y,226000,226000,0
610,L-000610,2007-03-15,2007-04-12,0,50.5,4,5,1029,1029,7943,46,46,2.0,1,0,0.85,2.24,2.21,0.0,6.6,3,Sawyer,1Fam,1Story,TA,TA,Y,118500,118500,0
347,L-000347,2007-03-15,2007-04-09,1,30.6,6,8,958,958,12772,47,9,1.0,1,0,3.04,2.43,2.08,28900.0,6.6,3,NAmes,1Fam,1Story,TA,TA,Y,151500,151500,0
1070,L-001070,2007-03-16,2007-05-07,1,32.9,5,7,893,845,9600,58,4,1.5,2,0,2.69,2.2,1.88,34800.0,6.6,3,NAmes,1Fam,1.5Unf,TA,Gd,Y,135000,135000,0
383,L-000383,2007-03-17,2007-04-17,0,29.2,7,5,1797,939,9245,1,1,2.5,2,0,2.57,3.21,2.97,0.0,6.6,3,CollgCr,1Fam,2Story,Gd,Gd,Y,213500,213500,0
1080,L-001080,2007-03-17,2007-04-03,0,27.3,5,5,990,990,8775,13,13,1.0,1,0,3.22,3.0,3.01,0.0,6.6,3,CollgCr,1Fam,1Story,TA,TA,Y,126000,126000,0
1103,L-001103,2007-03-17,2007-04-04,1,29.2,5,7,1134,1010,7000,47,5,1.0,1,0,3.62,1.74,3.54,31900.0,6.6,3,NAmes,1Fam,1Story,TA,TA,Y,135000,135000,0
1163,L-001163,2007-03-18,2007-05-22,0,42.8,5,5,894,894,8724,39,39,1.0,2,1,0.87,2.47,3.48,0.0,6.6,3,Sawyer,1Fam,1Story,TA,TA,Y,129000,129000,0
644,L-000644,2007-03-19,2007-04-13,0,25.8,5,5,1620,780,10793,38,38,2.5,2,0,3.8,3.16,2.86,0.0,6.6,3,NWAmes,1Fam,2Story,TA,TA,Y,152000,152000,0
522,L-000522,2007-03-19,2007-05-13,0,37.3,6,6,1244,1244,11988,50,50,1.5,1,2,3.89,1.79,1.39,0.0,6.6,3,NAmes,1Fam,1Story,TA,TA,Y,150000,150000,0
306,L-000306,2007-03-19,2007-07-11,1,30.4,8,5,2000,2000,10386,3,2,3.0,3,0,2.77,2.71,2.31,68100.0,6.6,3,CollgCr,1Fam,1Story,Gd,Gd,Y,305900,305900,0
868,L-000868,2007-03-20,2007-05-09,0,49.4,4,5,1120,1040,6970,46,46,2.5,2,0,0.91,2.22,2.4,0.0,6.6,3,Sawyer,1Fam,1Story,TA,Fa,Y,129000,129000,0
164,L-000164,2007-03-20,2007-04-02,0,53.7,4,6,882,882,5500,51,51,1.0,0,0,0.55,4.55,0.53,0.0,6.6,3,OldTown,1Fam,1.5Unf,TA,TA,Y,103200,103200,0
1053,L-001053,2007-03-20,2007-06-05,1,38.7,6,6,1977,816,9500,43,29,2.0,2,1,2.83,1.95,1.69,66400.0,6.6,3,NAmes,1Fam,2Story,TA,TA,Y,165000,165000,0
1075,L-001075,2007-03-21,2007-05-04,0,28.5,7,5,1240,1240,8556,1,1,2.0,3,0,3.05,2.14,4.56,0.0,6.6,3,CollgCr,1Fam,1Story,Gd,Gd,Y,194000,194000,0
1449,L-001449,2007-03-21,2007-05-04,1,32.8,4,7,1346,560,11767,97,7,1.5,1,0,1.69,6.73,1.72,39300.0,6.6,3,Edwards,1Fam,2Story,TA,TA,N,112000,112000,0
279,L-000279,2007-03-22,2007-05-18,1,28.0,9,5,2121,2121,14450,1,0,2.5,3,1,2.54,3.81,3.33,83900.0,6.6,3,NridgHt,1Fam,1Story,Ex,Ex,Y,415298,415298,0
171,L-000171,2007-03-26,2007-05-24,1,67.6,5,6,1382,720,12358,66,57,1.5,2,0,0.48,5.05,0.26,24200.0,6.6,3,OldTown,1Fam,1.5Fin,TA,TA,Y,128500,128500,0
1348,L-001348,2007-03-29,2007-05-07,1,28.3,8,5,1776,1732,15306,1,0,3.0,3,1,2.69,2.95,3.85,67100.0,6.6,3,Timber,1Fam,1Story,Gd,Gd,Y,283463,283463,0
548,L-000548,2007-03-29,2007-04-23,0,31.9,5,7,768,768,7244,37,37,2.0,2,0,2.81,7.71,0.62,0.0,6.6,3,Mitchel,1Fam,SFoyer,TA,TA,Y,129500,129500,0
105,L-000105,2007-03-29,2007-06-27,1,45.0,7,4,1818,1040,7758,76,57,1.5,1,2,1.14,6.01,1.13,68500.0,6.6,3,IDOTRR,1Fam,1.5Fin,TA,TA,Y,169500,169500,0
1446,L-001446,2007-03-30,2007-05-04,0,43.5,6,5,913,814,8400,41,41,2.0,1,0,0.76,2.81,3.79,0.0,6.6,3,Sawyer,1Fam,SFoyer,TA,TA,Y,129000,129000,0
270,L-000270,2007-04-01,2007-05-04,0,36.2,6,7,1113,1143,7917,31,31,2.5,1,1,1.47,5.13,1.47,0.0,6.57,4,Edwards,1Fam,1Story,TA,TA,Y,148000,148000,0
792,L-000792,2007-04-01,2007-05-11,0,32.0,6,5,1062,1029,11333,31,31,2.0,2,2,3.26,3.99,0.78,0.0,6.57,4,Mitchel,1Fam,SLvl,TA,TA,Y,146800,146800,0
1140,L-001140,2007-04-03,2007-05-03,1,36.3,5,5,1167,915,8731,87,57,1.0,2,1,3.39,0.71,3.58,29300.0,6.57,4,BrkSide,1Fam,1Story,TA,TA,Y,144000,144000,0
927,L-000927,2007-04-04,2007-05-24,1,33.9,8,5,2374,1181,11999,4,3,2.5,3,1,1.65,3.88,2.42,95000.0,6.57,4,NridgHt,1Fam,2Story,Gd,Ex,Y,285000,285000,0
405,L-000405,2007-04-05,2007-05-07,1,31.6,6,5,1572,806,10364,12,11,2.5,2,1,3.36,1.56,2.71,56000.0,6.57,4,Gilbert,1Fam,2Story,TA,TA,Y,168000,168000,0
183,L-000183,2007-04-06,2007-06-16,1,37.2,5,6,1340,0,9060,50,1,1.0,1,1,1.76,6.31,1.88,28000.0,6.57,4,Edwards,1Fam,1Story,TA,TA,Y,120000,120000,0
1105,L-001105,2007-04-06,2007-04-24,0,39.4,5,5,1302,630,2016,37,37,2.5,2,0,2.4,4.79,0.74,0.0,6.57,4,BrDale,TwnhsE,2Story,TA,TA,Y,106000,106000,0
944,L-000944,2007-04-06,2007-06-02,0,31.9,5,4,1632,1632,25000,40,40,2.0,2,0,2.83,6.78,0.67,0.0,6.57,4,Mitchel,Duplex,1Story,TA,TA,Y,143000,143000,0
250,L-000250,2007-04-08,2007-06-07,1,24.2,6,7,2144,1444,159000,49,1,2.5,2,2,4.54,2.82,3.59,92600.0,6.57,4,ClearCr,1Fam,1.5Fin,Gd,Gd,Y,277000,277000,0
1133,L-001133,2007-04-08,2007-05-23,1,51.7,6,4,2210,1008,9900,127,57,2.0,1,0,0.9,7.06,0.46,89200.0,6.57,4,OldTown,1Fam,2Story,TA,Fa,Y,117500,117500,0
1107,L-001107,2007-04-09,2007-05-05,1,35.4,7,5,1442,910,10357,17,16,3.0,2,1,2.62,2.19,3.75,74400.0,6.57,4,SawyerW,1Fam,1Story,Gd,Gd,Y,179900,179900,0
1121,L-001121,2007-04-09,2007-05-11,1,46.8,6,5,1012,1012,8263,87,57,1.0,1,1,1.12,5.23,0.93,42300.0,6.57,4,IDOTRR,1Fam,1Story,TA,TA,Y,118400,118400,0
95,L-000095,2007-04-10,2007-05-15,0,28.0,6,5,1786,824,9337,10,10,3.5,2,0,3.12,2.52,3.63,0.0,6.57,4,CollgCr,1Fam,2Story,TA,Gd,Y,204750,204750,0
1136,L-001136,2007-04-11,2007-05-08,1,47.4,6,5,986,960,6180,81,57,1.0,1,1,2.38,0.57,2.63,22900.0,6.57,4,BrkSide,1Fam,1Story,TA,TA,N,102000,102000,0
501,L-000501,2007-04-12,2007-05-04,0,43.3,6,5,1218,672,1890,34,34,1.5,1,0,1.87,3.93,0.7,0.0,6.57,4,BrDale,Twnhs,2Story,TA,TA,Y,113000,113000,0
444,L-000444,2007-04-13,2007-06-03,1,34.4,7,5,1258,1258,3922,1,0,2.0,3,1,2.02,5.2,0.99,44600.0,6.57,4,Blmngtn,TwnhsE,1Story,Gd,Gd,Y,172500,172500,0
192,L-000192,2007-04-14,2007-06-25,1,33.6,7,9,1479,725,7472,35,3,2.5,2,0,2.89,1.54,2.37,74000.0,6.57,4,NAmes,1Fam,2Story,TA,Gd,Y,184000,184000,0
519,L-000519,2007-04-14,2007-05-10,0,33.9,6,5,1796,794,9531,9,9,3.5,2,0,2.11,2.08,2.94,0.0,6.57,4,CollgCr,1Fam,2Story,TA,TA,Y,211000,211000,0
2,L-000002,2007-04-14,2007-05-04,0,42.2,6,8,1262,1262,9600,31,31,2.5,2,1,5.03,0.4,3.49,0.0,6.57,4,Veenker,1Fam,1Story,TA,TA,Y,181500,181500,0
1216,L-001216,2007-04-15,2007-05-21,0,44.6,5,5,894,894,7094,41,41,1.0,1,0,0.81,2.14,3.51,0.0,6.57,4,Sawyer,1Fam,1Story,TA,TA,Y,125000,125000,0
1019,L-001019,2007-04-15,2007-05-11,1,29.6,7,5,1472,384,10784,16,15,2.5,2,1,3.97,1.6,3.0,67500.0,6.57,4,Gilbert,1Fam,SLvl,Gd,Gd,Y,160000,160000,0
542,L-000542,2007-04-17,2007-06-23,0,48.7,8,5,2285,969,11000,7,7,2.5,3,1,0.63,7.73,0.73,0.0,6.57,4,NoRidge,1Fam,2Story,Gd,Gd,Y,248000,248000,0
1226,L-001226,2007-04-18,2007-06-03,0,37.0,6,8,1138,588,10482,49,49,1.5,1,0,2.1,1.83,1.74,0.0,6.57,4,NAmes,1Fam,SLvl,TA,TA,Y,145000,145000,0
24,L-000024,2007-04-18,2007-06-12,0,42.6,5,7,1060,1040,4224,31,31,2.0,2,1,1.44,2.3,2.97,0.0,6.57,4,MeadowV,TwnhsE,1Story,TA,TA,Y,129900,129900,0
1425,L-001425,2007-04-19,2007-06-16,1,29.4,5,5,1344,1024,9503,49,24,2.0,1,1,4.23,1.56,2.93,34100.0,6.57,4,NAmes,1Fam,1Story,TA,TA,Y,144000,144000,0
1185,L-001185,2007-04-21,2007-05-12,0,32.4,5,4,1572,1572,35133,44,44,2.5,3,2,2.36,1.93,3.69,0.0,6.57,4,Timber,1Fam,1Story,TA,TA,Y,186700,186700,0
98,L-000098,2007-04-21,2007-05-20,0,37.6,4,5,960,960,10921,42,42,2.0,1,0,1.43,5.42,1.14,0.0,6.57,4,Edwards,1Fam,1Story,TA,TA,Y,94750,94750,0
889,L-000889,2007-04-21,2007-10-02,0,29.5,8,6,2217,2217,15865,37,37,3.0,2,1,4.0,2.01,2.07,0.0,6.57,4,NAmes,1Fam,1Story,Gd,Gd,Y,268000,268000,0
468,L-000468,2007-04-21,2007-06-08,1,39.4,5,7,1644,728,9480,65,12,1.5,1,2,2.93,1.57,1.85,64200.0,6.57,4,NAmes,1Fam,2Story,TA,Gd,Y,146500,146500,0
469,L-000469,2007-04-22,2007-05-13,0,33.3,8,5,1634,1626,11428,1,1,2.0,3,1,1.78,3.22,2.86,0.0,6.57,4,NridgHt,1Fam,1Story,Gd,Gd,Y,250000,250000,0
881,L-000881,2007-04-23,2007-06-10,1,33.7,5,5,1090,1090,7024,2,1,2.5,2,0,1.6,5.72,1.84,16200.0,6.57,4,Edwards,1Fam,1Story,TA,TA,Y,157000,157000,0
307,L-000307,2007-04-23,2007-06-20,1,38.9,7,5,2243,700,13474,17,16,3.5,3,1,1.85,2.23,3.97,59600.0,6.57,4,SawyerW,1Fam,2Story,Gd,Gd,Y,225000,225000,0
741,L-000741,2007-04-23,2007-05-22,1,58.9,5,7,1432,264,9600,97,5,2.0,2,0,0.59,4.78,0.4,40000.0,6.57,4,OldTown,1Fam,2Story,TA,TA,Y,132000,132000,0
735,L-000735,2007-04-24,2007-05-24,0,41.1,5,5,948,948,8978,39,39,1.0,1,0,0.9,2.93,3.83,0.0,6.57,4,Sawyer,1Fam,1Story,TA,TA,Y,108000,108000,0
113,L-000113,2007-04-25,2007-10-07,0,29.4,7,5,2696,1264,9965,0,0,3.5,3,1,3.77,1.9,2.6,0.0,6.57,4,CollgCr,1Fam,2Story,Gd,Ex,Y,383970,383970,0
122,L-000122,2007-04-25,2007-06-12,1,43.5,4,5,1123,732,6060,68,57,1.0,1,0,1.36,4.9,1.17,17900.0,6.57,4,IDOTRR,1Fam,1.5Fin,TA,TA,Y,100000,100000,0
544,L-000544,2007-04-25,2007-06-01,0,34.2,7,5,767,723,4058,9,9,2.0,1,0,5.04,1.78,2.88,0.0,6.57,4,NAmes,TwnhsE,SFoyer,TA,TA,Y,133000,133000,0
1250,L-001250,2007-04-26,2007-05-27,0,29.8,5,7,988,876,7200,57,57,1.0,1,0,3.51,2.14,2.26,0.0,6.57,4,NAmes,1Fam,1Story,TA,TA,Y,119000,119000,0
837,L-000837,2007-04-26,2007-06-05,1,56.8,5,6,1559,1559,8100,59,34,2.0,2,0,0.7,5.08,0.38,28200.0,6.57,4,OldTown,1Fam,1Story,TA,TA,Y,153500,153500,0
1254,L-001254,2007-04-27,2007-07-10,1,39.3,7,7,2167,1192,17542,33,4,3.5,2,2,3.49,0.4,4.34,53200.0,6.57,4,Veenker,1Fam,2Story,Gd,Gd,Y,294000,294000,0
497,L-000497,2007-04-28,2007-05-25,1,50.7,8,5,3228,3200,12692,15,14,4.0,2,1,0.58,5.34,0.76,134100.0,6.57,4,NoRidge,1Fam,1Story,Gd,Gd,Y,430000,430000,0
1076,L-001076,2007-04-28,2007-07-08,1,31.7,7,6,1740,800,13125,67,23,1.5,1,2,2.49,1.85,4.18,68200.0,6.57,4,Crawfor,1Fam,2Story,TA,TA,Y,219500,219500,0
732,L-000732,2007-04-30,2007-05-15,0,28.7,7,5,1146,868,9590,4,4,3.0,2,1,2.45,3.31,3.75,0.0,6.57,4,Timber,1Fam,SLvl,Gd,Gd,Y,187500,187500,0
322,L-000322,2007-05-01,2007-06-19,0,33.6,8,5,2468,1136,12099,3,3,3.5,3,1,1.83,3.27,2.39,0.0,6.64,5,NridgHt,1Fam,2Story,Gd,Gd,Y,354000,354000,0
1313,L-001313,2007-05-01,2007-06-15,0,51.0,8,5,2810,1453,9572,17,17,2.5,2,1,0.53,8.81,0.63,0.0,6.64,5,NoRidge,1Fam,2Story,Gd,Gd,Y,302000,302000,0
1114,L-001114,2007-05-01,2007-05-13,1,34.5,5,7,1008,1008,8923,54,1,2.0,1,0,2.4,2.01,1.91,39900.0,6.64,5,NAmes,1Fam,1Story,TA,Gd,Y,134500,134500,0
581,L-000581,2007-05-01,2007-06-26,1,36.0,6,6,1429,1144,14585,47,20,1.5,2,2,2.66,1.57,1.62,83000.0,6.64,5,NAmes,1Fam,1Story,TA,Gd,Y,181900,181900,0
1004,L-001004,2007-05-02,2007-06-22,0,29.4,5,6,1680,1680,11500,31,31,2.0,2,0,4.17,3.26,3.3,0.0,6.64,5,NWAmes,Duplex,1Story,TA,TA,Y,136905,136905,0
298,L-000298,2007-05-02,2007-06-17,1,41.1,7,5,1950,975,7399,10,9,2.5,2,1,1.72,2.16,2.19,47400.0,6.64,5,Somerst,1Fam,2Story,Gd,Gd,Y,239000,239000,0
907,L-000907,2007-05-02,2007-06-20,0,40.7,8,5,1636,1623,13501,1,1,3.0,3,1,1.37,2.08,1.92,0.0,6.64,5,Somerst,1Fam,1Story,Gd,Gd,Y,255000,255000,0
385,L-000385,2007-05-03,2007-06-24,0,29.5,6,5,1953,1580,53107,15,15,3.5,2,2,5.55,2.87,2.28,0.0,6.64,5,ClearCr,1Fam,2Story,Gd,Gd,Y,240000,240000,0
1183,L-001183,2007-05-04,2007-07-23,0,45.9,10,5,4476,2396,15623,11,11,4.5,3,2,0.72,8.6,0.87,0.0,6.64,5,NoRidge,1Fam,2Story,Gd,Ex,Y,745000,745000,0
323,L-000323,2007-05-04,2007-08-01,1,34.0,7,5,2730,1502,10380,21,20,3.5,2,1,2.04,2.05,3.25,78300.0,6.64,5,SawyerW,1Fam,2Story,Gd,Gd,Y,301000,301000,0
361,L-000361,2007-05-05,2007-06-21,0,32.9,6,6,912,888,7540,29,29,2.0,2,1,2.59,4.64,0.88,0.0,6.64,5,Mitchel,1Fam,SFoyer,TA,TA,Y,156000,156000,0
1276,L-001276,2007-05-05,2007-07-12,1,38.9,5,5,1920,928,11345,59,57,2.0,2,0,2.68,1.68,2.25,43600.0,6.64,5,NAmes,Duplex,2Story,TA,TA,Y,137000,137000,0
707,L-000707,2007-05-06,2007-06-19,1,27.2,7,5,1824,1643,115149,36,5,3.0,2,2,4.68,2.48,1.95,59900.0,6.64,5,ClearCr,1Fam,1Story,TA,Gd,Y,302000,302000,0
1437,L-001437,2007-05-07,2007-05-23,0,34.5,4,6,864,864,9000,36,36,1.0,2,0,2.98,1.43,2.05,0.0,6.64,5,NAmes,1Fam,1Story,TA,TA,Y,120500,120500,0
781,L-000781,2007-05-07,2007-06-14,1,29.3,7,5,1253,1237,7875,12,11,2.0,2,1,5.32,1.12,3.7,48500.0,6.64,5,Gilbert,1Fam,1Story,TA,TA,Y,176000,176000,0
1264,L-001264,2007-05-07,2007-07-07,1,38.2,6,6,1824,764,13515,88,57,1.0,2,1,2.81,0.71,3.45,38700.0,6.64,5,BrkSide,1Fam,2Story,TA,TA,Y,180500,180500,0
979,L-000979,2007-05-08,2007-05-27,0,32.8,4,5,894,894,9450,53,53,1.0,2,0,1.76,5.79,1.75,0.0,6.64,5,Edwards,1Fam,1Story,TA,TA,Y,110000,110000,0
921,L-000921,2007-05-08,2007-07-10,0,33.7,6,5,1721,928,8462,13,13,3.0,2,0,2.0,2.08,3.69,0.0,6.64,5,SawyerW,1Fam,2Story,Gd,Gd,Y,201000,201000,0
487,L-000487,2007-05-08,2007-06-10,0,31.1,5,7,1073,1073,10289,42,42,2.5,2,0,2.89,1.82,3.33,0.0,6.64,5,NAmes,1Fam,1Story,TA,TA,Y,156000,156000,0
297,L-000297,2007-05-08,2007-06-10,0,48.9,5,5,1558,910,13710,57,57,1.5,1,0,0.93,4.15,1.19,0.0,6.64,5,IDOTRR,1Fam,1.5Fin,TA,TA,Y,152000,152000,0
1231,L-001231,2007-05-08,2007-08-07,0,55.4,5,5,2620,1361,18890,30,30,3.0,2,1,0.6,1.77,2.73,0.0,6.64,5,Sawyer,Duplex,1.5Fin,TA,TA,Y,190000,190000,0
790,L-000790,2007-05-09,2007-07-16,1,23.6,6,8,2087,832,12205,41,0,2.5,2,0,4.73,3.99,2.39,74200.0,6.64,5,ClearCr,1Fam,2Story,TA,Gd,Y,187500,187500,0
794,L-000794,2007-05-09,2007-06-25,0,39.1,8,5,1496,1496,9158,0,0,2.0,2,0,1.32,2.17,2.95,0.0,6.64,5,Somerst,1Fam,1Story,Gd,Gd,Y,225000,225000,0
583,L-000583,2007-05-09,2007-05-27,0,31.7,6,5,816,816,11841,17,17,2.0,0,0,2.03,6.84,1.4,0.0,6.64,5,Edwards,Duplex,SFoyer,TA,TA,Y,118500,118500,0
674,L-000674,2007-05-10,2007-06-21,1,37.6,6,7,1839,1477,14442,50,3,3.0,2,2,1.42,1.72,5.78,98600.0,6.64,5,Crawfor,1Fam,1Story,TA,Gd,Y,257500,257500,0
800,L-000800,2007-05-10,2007-06-12,1,39.6,5,7,1768,731,7200,70,57,2.5,1,2,3.59,0.92,2.93,67300.0,6.64,5,SWISU,1Fam,1.5Fin,TA,Gd,Y,175000,175000,0
514,L-000514,2007-05-11,2007-06-22,0,35.3,6,5,1080,1084,9187,24,24,1.5,2,0,2.26,5.17,0.65,0.0,6.64,5,Mitchel,1Fam,1Story,TA,TA,Y,134000,134000,0
1242,L-001242,2007-05-11,2007-06-09,0,39.0,7,6,1689,1689,9849,0,0,2.0,3,0,1.3,2.93,2.01,0.0,6.64,5,Somerst,1Fam,1Story,Gd,Gd,Y,248328,248328,0
1327,L-001327,2007-05-14,2007-05-20,1,39.9,3,6,774,544,4270,76,1,1.0,0,0,1.81,6.04,1.56,16000.0,6.64,5,Edwards,1Fam,1Story,TA,Gd,Y,79000,79000,0
68,L-000068,2007-05-15,2007-06-13,0,30.8,7,5,1479,1453,10665,4,4,3.0,2,0,2.53,2.55,2.84,0.0,6.64,5,CollgCr,1Fam,1Story,Gd,Gd,Y,226000,226000,0
1165,L-001165,2007-05-17,2007-06-07,0,43.9,5,7,1432,1360,16157,29,29,2.5,2,1,3.625,0.44,3.74,0.0,6.64,5,Veenker,1Fam,SLvl,TA,Gd,Y,194000,194000,0
793,L-000793,2007-05-17,2007-06-06,1,50.4,7,5,2013,1117,9920,11,10,3.5,2,1,0.53,7.89,0.77,72500.0,6.64,5,NoRidge,1Fam,2Story,Gd,TA,Y,269790,269790,0
861,L-000861,2007-05-17,2007-06-12,1,35.5,7,8,1426,912,7642,89,9,1.5,1,1,1.81,1.74,4.33,49000.0,6.64,5,Crawfor,1Fam,1.5Fin,Gd,Gd,Y,189950,189950,0
1071,L-001071,2007-05-18,2007-06-11,0,31.5,5,5,1048,1048,10152,51,51,2.0,1,0,2.81,2.24,2.29,0.0,6.64,5,NAmes,1Fam,1Story,TA,TA,Y,135000,135000,0
993,L-000993,2007-05-18,2007-07-23,1,28.5,6,8,1851,822,9760,43,14,2.5,2,1,4.76,2.08,1.82,41000.0,6.64,5,NAmes,1Fam,2Story,TA,Gd,Y,187000,187000,0
624,L-000624,2007-05-18,2007-06-23,0,41.9,6,5,1512,756,2117,7,7,2.5,2,1,1.49,2.31,2.5,0.0,6.64,5,Somerst,TwnhsE,2Story,Gd,Gd,Y,168500,168500,0
1388,L-001388,2007-05-18,2007-08-18,1,64.7,6,7,2526,714,8520,91,57,2.0,1,1,0.53,4.78,0.45,95600.0,6.64,5,OldTown,1Fam,1.5Fin,TA,Gd,N,136000,136000,0
1341,L-001341,2007-05-03,2007-06-07,0,33.3,4,5,872,858,8294,36,36,1.0,4,0,2.66,1.98,2.04,0.0,6.64,5,NAmes,1Fam,1Story,TA,TA,Y,123000,123000,0
901,L-000901,2007-05-20,2007-06-04,0,34.0,4,6,858,858,7340,36,36,1.0,1,0,2.61,1.9,1.95,0.0,6.64,5,NAmes,1Fam,1Story,TA,TA,Y,110000,110000,0
1343,L-001343,2007-05-21,2007-08-19,0,33.3,8,5,2169,1284,9375,5,5,2.5,2,1,2.16,2.81,2.02,0.0,6.64,5,CollgCr,1Fam,2Story,Gd,Gd,Y,228500,228500,0
72,L-000072,2007-05-23,2007-06-06,1,29.7,4,6,845,845,7599,25,1,2.0,2,0,3.69,7.79,0.58,22600.0,6.64,5,Mitchel,1Fam,1Story,TA,TA,Y,129500,129500,0
500,L-000500,2007-05-23,2007-06-16,1,31.6,5,7,912,912,7535,49,22,1.5,1,0,3.12,1.97,2.12,23700.0,6.64,5,NAmes,1Fam,1Story,TA,TA,Y,120000,120000,0
1193,L-001193,2007-05-23,2007-07-21,1,60.8,5,8,1472,702,9600,82,13,1.0,1,0,0.64,2.95,0.36,41000.0,6.64,5,OldTown,1Fam,1.5Fin,TA,Gd,Y,125000,125000,0
398,L-000398,2007-05-23,2007-07-22,0,43.7,5,5,1812,864,7590,45,45,2.0,1,1,2.7,2.18,1.59,0.0,6.64,5,NAmes,1Fam,2Story,TA,TA,Y,169500,169500,0
690,L-000690,2007-05-24,2007-06-13,1,30.5,6,5,1362,1362,7577,2,1,2.0,2,1,2.03,3.94,3.05,58800.0,6.64,5,NridgHt,TwnhsE,1Story,Gd,Gd,Y,194700,194700,0
844,L-000844,2007-05-24,2007-07-02,0,35.5,5,4,1800,1800,8000,46,46,2.0,0,0,2.99,2.19,2.57,0.0,6.64,5,NAmes,Duplex,1Story,TA,TA,N,141000,141000,0
850,L-000850,2007-05-25,2007-08-05,1,46.1,6,7,1855,528,9600,31,13,2.5,2,1,3.55,0.32,3.61,51800.0,6.64,5,Veenker,1Fam,SLvl,Gd,TA,Y,187000,187000,0
116,L-000116,2007-05-25,2007-06-08,0,45.9,6,5,1458,729,3230,8,8,2.5,2,1,0.94,3.47,2.11,0.0,6.64,5,Somerst,TwnhsE,2Story,TA,TA,Y,176000,176000,0
609,L-000609,2007-05-26,2007-09-05,1,32.9,8,6,3194,965,12168,73,9,2.5,2,2,3.17,1.13,4.28,104000.0,6.64,5,Crawfor,1Fam,2Story,TA,TA,Y,359100,359100,0
227,L-000227,2007-05-26,2007-06-18,0,48.6,7,5,2520,1203,9950,12,12,2.5,3,1,0.6,6.67,0.91,0.0,6.64,5,NoRidge,1Fam,2Story,Gd,Gd,Y,290000,290000,0
619,L-000619,2007-05-28,2007-07-05,0,32.6,9,5,1828,1822,11694,0,0,2.0,3,1,1.77,3.64,2.95,0.0,6.64,5,NridgHt,1Fam,1Story,Ex,Gd,Y,314813,314813,0
1129,L-001129,2007-05-28,2007-07-11,1,28.8,7,5,1959,847,11796,3,2,2.5,2,1,5.18,1.56,2.35,87400.0,6.64,5,Gilbert,1Fam,2Story,Gd,Gd,Y,215000,215000,0
286,L-000286,2007-05-29,2007-06-10,1,40.7,7,5,1250,625,4251,1,0,2.5,2,0,1.51,2.67,2.54,43600.0,6.64,5,Somerst,TwnhsE,2Story,Gd,Gd,Y,164700,164700,0
684,L-000684,2007-05-30,2007-07-19,0,26.5,9,5,1668,1626,11248,5,5,3.0,3,1,3.85,2.84,2.72,0.0,6.64,5,CollgCr,1Fam,1Story,Gd,Gd,Y,285000,285000,0
1156,L-001156,2007-05-30,2007-07-17,1,40.3,5,8,1437,1437,10768,31,3,3.0,2,1,3.34,0.4,3.62,53100.0,6.64,5,Veenker,1Fam,1Story,Gd,Gd,Y,218000,218000,0
290,L-000290,2007-05-30,2007-07-08,1,37.5,6,7,1396,698,8730,92,4,1.0,1,0,2.86,0.84,2.81,24200.0,6.64,5,BrkSide,1Fam,2Story,TA,TA,Y,153575,153575,0
22,L-000022,2007-05-31,2007-06-26,1,43.7,7,7,1108,637,7449,77,57,1.0,1,1,1.22,5.18,1.39,52600.0,6.64,5,IDOTRR,1Fam,1.5Unf,TA,Gd,Y,139400,139400,0
474,L-000474,2007-05-31,2007-07-11,1,32.2,8,5,1976,1976,14977,1,0,3.0,3,1,1.96,2.94,3.26,120600.0,6.64,5,NridgHt,1Fam,1Story,Gd,Gd,Y,440000,440000,0
989,L-000989,2007-05-31,2007-06-27,0,22.3,6,6,2030,848,12046,31,31,2.5,2,1,5.4,3.83,2.78,0.0,6.64,5,NWAmes,1Fam,2Story,TA,Gd,Y,195000,195000,0
476,L-000476,2007-05-31,2007-07-04,0,44.8,5,6,970,970,8480,44,44,2.0,2,0,0.87,1.94,3.15,0.0,6.64,5,Sawyer,1Fam,1Story,TA,TA,Y,132500,132500,0
275,L-000275,2007-06-02,2007-06-26,0,30.1,5,7,816,816,8314,25,25,1.0,1,0,3.2,5.62,0.88,0.0,6.61,6,Mitchel,1Fam,1Story,TA,TA,Y,124500,124500,0
181,L-000181,2007-06-02,2007-06-22,0,37.8,6,5,1525,756,2117,7,7,2.5,2,1,1.6,4.06,2.56,0.0,6.61,6,Somerst,Twnhs,2Story,Gd,Gd,Y,177000,177000,0
1035,L-001035,2007-06-03,2007-06-19,1,39.5,5,7,954,920,6305,69,57,1.0,1,1,1.4,1.42,5.04,33700.0,6.61,6,Crawfor,1Fam,1Story,TA,Fa,Y,119750,119750,0
1125,L-001125,2007-06-03,2007-07-13,0,26.6,7,5,1482,384,9125,15,15,2.5,2,1,4.84,1.82,3.56,0.0,6.61,6,Gilbert,1Fam,SLvl,TA,Gd,Y,163900,163900,0
16,L-000016,2007-06-04,2007-07-10,1,45.9,7,8,854,832,6120,78,6,1.0,2,0,2.39,0.7,2.64,18200.0,6.61,6,BrkSide,1Fam,1.5Unf,TA,TA,Y,132000,132000,0
128,L-000128,2007-06-04,2007-06-19,1,67.8,5,7,840,672,4388,77,57,1.0,0,1,0.46,4.54,0.32,20500.0,6.61,6,OldTown,1Fam,1.5Unf,TA,TA,Y,87000,87000,0
1063,L-001063,2007-06-05,2007-09-20,1,58.1,5,5,2337,662,13600,107,57,2.0,2,0,0.63,4.47,0.43,43100.0,6.61,6,OldTown,2fmCon,2Story,TA,TA,N,90000,90000,0
115,L-000115,2007-06-06,2007-07-14,1,35.3,6,8,2320,1028,7259,62,5,3.5,1,1,1.82,1.65,5.15,49900.0,6.61,6,Crawfor,1Fam,2Story,TA,Gd,Y,259500,259500,0
450,L-000450,2007-06-07,2007-06-22,1,60.8,3,7,1183,649,6000,59,5,1.5,1,0,0.54,3.67,0.44,24300.0,6.61,6,OldTown,1Fam,1.5Fin,TA,TA,Y,120000,120000,0
774,L-000774,2007-06-07,2007-07-26,0,33.2,5,5,912,912,10150,49,49,1.0,1,0,4.02,2.1,2.6,0.0,6.61,6,NAmes,1Fam,1Story,TA,TA,Y,114500,114500,0
84,L-000084,2007-06-07,2007-07-09,0,34.7,5,5,1065,1065,8892,47,47,1.5,2,0,2.39,2.06,1.78,0.0,6.61,6,NAmes,1Fam,1Story,TA,TA,Y,126500,126500,0
515,L-000515,2007-06-07,2007-06-23,1,34.8,5,5,789,768,10594,81,57,1.0,1,0,2.01,1.58,4.69,15400.0,6.61,6,Crawfor,1Fam,1.5Unf,TA,TA,N,96500,96500,0
133,L-000133,2007-06-08,2007-07-11,1,30.9,5,6,1327,1063,7388,48,5,2.0,2,0,2.87,2.42,2.22,47300.0,6.61,6,NAmes,1Fam,1Story,TA,Gd,Y,150750,150750,0
337,L-000337,2007-06-09,2007-07-27,1,47.9,9,5,1922,1922,14157,2,1,3.0,3,1,0.73,5.5,0.76,83300.0,6.61,6,StoneBr,1Fam,1Story,Gd,Gd,Y,377426,377426,0
48,L-000048,2007-06-09,2007-07-15,0,39.0,8,5,1656,1656,11096,1,1,2.0,3,0,1.81,3.3,1.76,0.0,6.61,6,Somerst,1Fam,1Story,Gd,Gd,Y,249700,249700,0
299,L-000299,2007-06-10,2007-06-25,0,24.9,6,6,1743,702,11700,39,39,2.5,2,1,4.24,3.81,2.25,0.0,6.61,6,NWAmes,1Fam,2Story,Gd,TA,Y,175000,175000,0
876,L-000876,2007-06-10,2007-08-16,0,42.1,8,5,2610,1184,9000,0,0,2.5,2,1,1.45,2.82,1.91,0.0,6.61,6,Somerst,1Fam,2Story,Gd,Ex,Y,303477,303477,0
966,L-000966,2007-06-10,2007-07-07,1,33.3,6,5,1484,783,10237,2,0,2.5,2,1,2.89,1.34,3.28,70400.0,6.61,6,Gilbert,1Fam,2Story,Gd,Gd,Y,178900,178900,0
51,L-000051,2007-06-11,2007-07-06,0,33.9,6,6,1470,794,13869,10,10,2.5,2,0,3.42,1.23,2.28,0.0,6.61,6,Gilbert,1Fam,2Story,TA,TA,Y,177000,177000,0
951,L-000951,2007-06-11,2007-07-02,1,30.9,5,8,864,864,7200,57,5,2.0,2,0,2.73,2.43,2.5,21100.0,6.61,6,NAmes,1Fam,1Story,TA,Gd,Y,129000,129000,0
1270,L-001270,2007-06-11,2007-07-12,0,39.7,5,5,1524,874,11344,49,49,1.5,1,0,3.3,1.61,1.32,0.0,6.61,6,NAmes,1Fam,1.5Fin,TA,TA,Y,144000,144000,0
527,L-000527,2007-06-11,2007-06-25,1,28.7,5,7,928,928,13300,51,7,1.0,1,0,3.28,2.47,2.71,63300.0,6.61,6,NAmes,1Fam,1Story,TA,TA,Y,132000,132000,0
393,L-000393,2007-06-12,2007-07-04,0,32.8,5,7,882,0,8339,48,48,1.0,1,0,3.1,1.82,1.89,0.0,6.61,6,NAmes,1Fam,1Story,TA,TA,Y,106500,106500,0
1345,L-001345,2007-06-13,2007-07-21,0,30.1,7,5,1456,728,11103,1,1,2.5,2,1,2.71,3.39,1.96,0.0,6.61,6,CollgCr,1Fam,2Story,Gd,Gd,Y,155835,155835,0
453,L-000453,2007-06-14,2007-07-17,1,27.6,6,5,1756,872,9303,11,10,3.5,2,0,2.91,2.91,3.89,78600.0,6.61,6,Timber,1Fam,2Story,Gd,TA,Y,204000,204000,0
709,L-000709,2007-06-16,2007-07-27,0,28.9,7,5,1456,728,9018,0,0,2.5,2,1,4.84,1.55,2.56,0.0,6.61,6,Gilbert,1Fam,2Story,Gd,Gd,Y,179540,179540,0
891,L-000891,2007-06-17,2007-07-08,1,36.9,5,7,924,672,8064,58,1,1.0,2,1,4.22,1.51,1.73,28600.0,6.61,6,NAmes,1Fam,1.5Fin,TA,TA,Y,122900,122900,0
433,L-000433,2007-06-18,2007-08-04,0,47.7,5,5,1365,765,1920,36,36,2.5,2,0,1.39,3.75,0.6,0.0,6.61,6,BrDale,TwnhsE,2Story,TA,TA,Y,122500,122500,0
375,L-000375,2007-06-19,2007-07-22,1,30.6,7,5,1928,847,8200,4,3,2.5,2,1,2.92,2.77,1.92,35400.0,6.61,6,CollgCr,1Fam,2Story,Gd,Gd,Y,219500,219500,0
14,L-000014,2007-06-19,2007-08-05,1,33.5,7,5,1494,1494,10652,1,0,2.0,3,1,2.12,2.28,2.76,40900.0,6.61,6,CollgCr,1Fam,1Story,Gd,Gd,Y,279500,279500,0
802,L-000802,2007-06-20,2007-07-15,1,45.6,4,7,1196,1196,4800,91,17,2.0,2,0,1.06,5.24,1.34,35400.0,6.61,6,IDOTRR,1Fam,1Story,TA,TA,Y,109900,109900,0
285,L-000285,2007-06-20,2007-07-14,0,35.4,6,5,1575,1575,8012,15,15,3.0,2,0,2.0,1.71,3.29,0.0,6.61,6,SawyerW,TwnhsE,1Story,Gd,Gd,Y,179200,179200,0
1102,L-001102,2007-06-21,2007-07-14,0,32.5,5,5,950,950,9758,36,36,1.0,1,0,2.93,1.86,2.16,0.0,6.61,6,NAmes,1Fam,1Story,TA,TA,Y,119500,119500,0
137,L-000137,2007-06-22,2007-07-25,0,33.0,5,5,1214,1214,10355,40,40,2.0,1,1,2.6,2.22,1.96,0.0,6.61,6,NAmes,1Fam,1Story,TA,TA,Y,143000,143000,0
180,L-000180,2007-06-23,2007-07-13,1,57.7,5,6,968,968,8520,84,1,1.0,2,0,0.72,4.5,0.32,23700.0,6.61,6,OldTown,1Fam,1Story,Gd,TA,Y,100000,100000,0
529,L-000529,2007-06-24,2007-07-16,1,35.4,4,7,605,528,9098,87,5,2.0,0,0,1.92,3.38,1.38,14800.0,6.61,6,Edwards,1Fam,1Story,TA,TA,Y,86000,86000,0
963,L-000963,2007-06-25,2007-07-26,0,36.6,6,6,1548,804,2308,31,31,3.5,2,1,1.62,2.53,2.33,0.0,6.61,6,NPkVill,TwnhsE,2Story,TA,Gd,Y,155000,155000,0
1404,L-001404,2007-06-26,2007-08-26,0,37.8,8,5,1464,1485,15256,0,0,3.0,3,0,1.53,2.89,1.72,0.0,6.61,6,Somerst,1Fam,1Story,Gd,Gd,Y,282922,282922,0
42,L-000042,2007-06-26,2007-07-05,0,31.6,5,6,1328,1350,16905,48,48,2.0,1,2,2.02,2.69,4.1,0.0,6.61,6,Timber,1Fam,1Story,TA,TA,Y,170000,170000,0
775,L-000775,2007-06-27,2007-07-27,0,30.9,8,5,1973,1935,14226,1,1,2.0,3,1,1.83,6.07,2.32,0.0,6.61,6,NridgHt,1Fam,1Story,Gd,Gd,Y,395000,395000,0
1346,L-001346,2007-06-27,2007-07-21,1,61.5,4,4,960,960,6000,87,57,1.0,1,0,0.48,4.7,0.38,29100.0,6.61,6,OldTown,1Fam,1Story,TA,Fa,Y,108500,108500,0
395,L-000395,2007-06-28,2007-07-24,1,56.7,5,6,1034,735,10134,67,57,1.0,1,0,0.41,5.59,0.46,49900.0,6.61,6,OldTown,1Fam,1.5Fin,TA,TA,Y,109000,109000,0
1135,L-001135,2007-06-28,2007-08-07,0,29.3,6,5,1600,916,8773,10,10,2.5,2,1,4.24,1.46,3.36,0.0,6.61,6,Gilbert,1Fam,2Story,TA,TA,Y,169000,169000,0
35,L-000035,2007-06-29,2007-08-03,0,31.8,9,5,1561,1561,7313,2,2,3.0,2,1,1.96,4.19,2.29,0.0,6.61,6,NridgHt,TwnhsE,1Story,Ex,Ex,Y,277500,277500,0
7,L-000007,2007-06-30,2007-08-03,1,38.5,8,5,1694,1686,10084,3,2,3.0,2,1,1.53,2.17,2.21,71200.0,6.61,6,Somerst,1Fam,1Story,Gd,Gd,Y,307000,307000,0
632,L-000632,2007-07-01,2007-08-15,0,30.9,8,5,1554,1554,4590,1,1,2.0,2,1,1.89,3.84,3.51,0.0,6.64,7,NridgHt,Twnhs,1Story,Gd,Gd,Y,209500,209500,0
1384,L-001384,2007-07-02,2007-08-06,1,41.1,5,7,1416,816,25339,89,0,2.0,2,0,0.89,3.21,3.43,46400.0,6.64,7,Sawyer,1Fam,1Story,TA,Gd,Y,112000,112000,0
687,L-000687,2007-07-03,2007-08-25,0,43.7,7,6,1761,874,10207,0,0,3.0,2,0,1.35,2.06,2.58,0.0,6.64,7,Somerst,1Fam,2Story,Gd,Gd,Y,227875,227875,0
612,L-000612,2007-07-04,2007-07-24,0,22.1,6,6,1032,1032,10395,29,29,2.5,2,1,4.7,4.63,3.01,0.0,6.64,7,NWAmes,1Fam,SLvl,TA,TA,Y,148000,148000,0
358,L-000358,2007-07-04,2007-08-21,0,41.5,5,5,1142,1142,4224,31,31,2.5,2,1,1.8,1.89,2.79,0.0,6.64,7,MeadowV,TwnhsE,1Story,TA,TA,Y,134000,134000,0
1051,L-001051,2007-07-05,2007-08-21,0,29.5,7,5,1302,1302,8993,0,0,2.0,2,0,3.38,1.98,2.99,0.0,6.64,7,Gilbert,1Fam,1Story,Gd,Gd,Y,176485,176485,0
634,L-000634,2007-07-08,2007-07-27,1,33.8,5,7,1056,1056,9250,53,2,1.5,1,0,2.39,2.04,2.26,26800.0,6.64,7,NAmes,1Fam,1Story,TA,TA,Y,139400,139400,0
956,L-000956,2007-07-08,2007-08-10,1,39.7,6,6,1958,979,7136,61,57,2.0,2,0,2.8,1.14,6.79,56000.0,6.64,7,Crawfor,Duplex,2Story,TA,TA,N,145000,145000,0
1083,L-001083,2007-07-09,2007-09-01,0,32.3,7,5,1459,1459,8749,5,5,2.0,2,1,2.22,2.7,2.55,0.0,6.64,7,CollgCr,1Fam,1Story,Gd,Gd,Y,192000,192000,0
475,L-000475,2007-07-10,2007-08-10,0,45.3,8,5,1652,1494,5330,7,7,3.0,2,0,0.74,5.77,1.18,0.0,6.64,7,StoneBr,TwnhsE,1Story,Gd,Ex,Y,251000,251000,0
1013,L-001013,2007-07-10,2007-08-26,1,33.7,6,7,1502,602,10592,84,11,1.5,1,2,2.13,1.52,6.19,40100.0,6.64,7,Crawfor,1Fam,2Story,TA,Gd,Y,165000,165000,0
356,L-000356,2007-07-11,2007-08-06,0,30.7,6,5,1200,1200,11249,12,12,3.0,2,0,2.84,2.19,2.81,0.0,6.64,7,CollgCr,1Fam,1Story,Gd,Gd,Y,177500,177500,0
752,L-000752,2007-07-12,2007-08-06,0,29.7,7,5,1320,660,7750,4,4,2.5,2,0,2.86,2.0,4.4,0.0,6.64,7,Gilbert,1Fam,2Story,Gd,Gd,Y,162000,162000,0
416,L-000416,2007-07-13,2007-08-08,0,27.6,7,5,1340,1340,8899,0,0,2.0,2,0,4.68,1.96,2.55,0.0,6.64,7,Gilbert,1Fam,1Story,Gd,Gd,Y,181134,181134,0
627,L-000627,2007-07-14,2007-08-25,1,32.0,5,5,1422,978,12342,47,29,1.0,1,1,3.07,1.88,2.17,37400.0,6.64,7,NAmes,1Fam,1Story,TA,TA,Y,139900,139900,0
409,L-000409,2007-07-16,2007-08-26,0,30.4,7,5,2172,1063,14154,1,1,2.5,3,1,1.86,4.78,3.23,0.0,6.64,7,NridgHt,1Fam,2Story,Gd,Gd,Y,280000,280000,0
914,L-000914,2007-07-17,2007-08-10,1,44.0,5,6,2002,1001,6270,58,57,2.0,3,0,1.95,1.17,5.12,52400.0,6.64,7,Crawfor,Duplex,2Story,TA,TA,N,145000,145000,0
943,L-000943,2007-07-19,2007-08-19,0,34.8,4,3,1440,1440,7711,30,30,4.0,0,0,1.72,7.56,1.01,0.0,6.64,7,Edwards,Duplex,1Story,TA,TA,Y,150000,150000,0
1433,L-001433,2007-07-19,2007-08-01,1,53.6,4,6,968,656,10800,80,0,2.0,1,0,0.61,3.95,0.48,46800.0,6.64,7,OldTown,1Fam,1Story,TA,TA,Y,64500,64500,0
853,L-000853,2007-07-21,2007-08-12,1,33.6,7,5,1646,918,7128,66,57,2.0,1,2,2.32,1.36,6.1,41000.0,6.64,7,Crawfor,1Fam,2.5Unf,TA,TA,Y,164000,164000,0
1130,L-001130,2007-07-21,2007-08-08,0,57.7,5,5,936,936,7200,27,27,2.0,2,0,0.71,4.35,0.35,0.0,6.64,7,OldTown,Duplex,SFoyer,TA,TA,Y,140000,140000,0
109,L-000109,2007-07-22,2007-08-22,1,49.8,5,7,1517,793,8500,88,2,2.0,0,0,1.25,5.06,1.08,85600.0,6.64,7,IDOTRR,1Fam,1.5Fin,TA,Fa,N,115000,115000,0
525,L-000525,2007-07-22,2007-08-14,1,47.9,7,5,2398,1379,11787,11,10,3.5,3,1,0.68,6.24,0.82,61300.0,6.64,7,NoRidge,1Fam,2Story,Gd,Gd,Y,315750,315750,0
107,L-000107,2007-07-22,2007-08-03,1,57.4,4,7,1047,641,10800,122,12,1.0,1,0,0.69,4.33,0.41,17100.0,6.64,7,OldTown,1Fam,1Story,TA,TA,Y,100000,100000,0
332,L-000332,2007-07-25,2007-08-22,1,36.1,5,6,1056,1056,8176,49,15,2.0,1,0,2.39,1.57,2.0,28900.0,6.64,7,NAmes,1Fam,1Story,TA,TA,Y,139000,139000,0
1349,L-001349,2007-07-27,2007-08-12,0,40.4,7,5,1494,1482,16196,9,9,3.0,2,1,1.69,1.09,3.49,0.0,6.64,7,SawyerW,1Fam,1Story,Gd,Gd,Y,215000,215000,0
905,L-000905,2007-07-27,2007-08-10,0,43.3,5,6,902,876,6173,40,40,1.0,1,0,0.83,2.38,3.9,0.0,6.64,7,Sawyer,1Fam,1Story,TA,TA,Y,125500,125500,0
1456,L-001456,2007-07-28,2007-08-20,1,29.8,6,5,1647,953,7917,8,7,2.5,2,1,3.23,2.01,3.01,72300.0,6.64,7,Gilbert,1Fam,2Story,TA,TA,Y,175000,175000,0
242,L-000242,2007-07-30,2007-08-13,1,64.7,5,9,866,686,3880,62,10,1.0,0,0,0.4,3.32,0.42,21500.0,6.64,7,OldTown,1Fam,1Story,TA,Gd,Y,110500,110500,0
90,L-000090,2007-08-01,2007-08-06,1,26.2,4,5,990,990,8070,13,12,2.0,0,0,4.09,2.57,3.03,18400.0,6.55,8,CollgCr,1Fam,1Story,TA,TA,Y,123600,123600,0
686,L-000686,2007-08-03,2007-09-20,0,47.4,7,5,2090,1190,5062,23,23,3.0,2,1,0.68,6.16,0.92,0.0,6.55,8,StoneBr,TwnhsE,2Story,Gd,Gd,Y,207500,207500,0
1132,L-001132,2007-08-04,2007-09-06,1,29.1,5,5,974,974,10712,16,15,1.0,0,0,3.61,5.19,0.93,22100.0,6.55,8,Mitchel,1Fam,1Story,TA,TA,Y,93500,93500,0
94,L-000094,2007-08-05,2007-11-25,1,58.2,6,6,2291,1214,7200,97,9,2.5,2,1,0.47,4.81,0.43,48800.0,6.55,8,OldTown,2fmCon,2.5Unf,TA,TA,N,133900,133900,0
114,L-000114,2007-08-07,2007-10-23,0,37.8,6,5,2259,1809,21000,54,54,3.0,2,2,1.77,1.4,3.75,0.0,6.55,8,Crawfor,1Fam,1Story,TA,Gd,Y,217000,217000,0
456,L-000456,2007-08-07,2007-09-19,0,24.0,7,6,1242,1242,9600,34,34,1.5,2,1,5.59,2.66,2.84,0.0,6.55,8,NWAmes,1Fam,1Story,TA,TA,Y,175500,175500,0
629,L-000629,2007-08-08,2007-09-19,0,32.7,5,5,2080,1040,11606,38,38,2.5,2,2,3.62,1.55,1.8,0.0,6.55,8,NAmes,1Fam,2Story,TA,Fa,Y,135000,135000,0
63,L-000063,2007-08-09,2007-10-10,0,32.2,8,5,1370,1370,6442,1,1,2.0,2,1,1.69,3.92,3.4,0.0,6.55,8,NridgHt,TwnhsE,1Story,Gd,Gd,Y,202500,202500,0
429,L-000429,2007-08-19,2007-09-09,0,31.4,7,5,1208,1208,6762,0,0,3.0,2,0,2.92,2.03,2.48,0.0,6.55,8,CollgCr,1Fam,1Story,Gd,Gd,Y,195400,195400,0
66,L-000066,2007-08-19,2007-10-21,1,32.5,8,5,2473,1143,9591,3,2,2.5,3,1,1.81,3.69,2.76,93500.0,6.55,8,NridgHt,1Fam,2Story,Gd,Gd,Y,317000,317000,0
165,L-000165,2007-08-19,2007-10-10,1,56.1,6,7,1616,1149,5400,81,3,2.0,1,0,0.66,5.1,0.53,53900.0,6.55,8,OldTown,1Fam,1Story,TA,Gd,Y,152000,152000,0
249,L-000249,2007-08-20,2007-09-16,0,31.4,7,5,1668,840,11317,4,4,2.5,2,0,2.42,2.75,2.48,0.0,6.55,8,CollgCr,1Fam,2Story,Gd,Gd,Y,180000,180000,0
197,L-000197,2007-08-21,2007-09-14,0,35.8,7,5,1726,1726,9416,0,0,3.0,3,1,1.54,3.7,1.95,0.0,6.55,8,Somerst,1Fam,1Story,Ex,Ex,Y,311872,311872,0
823,L-000823,2007-08-24,2007-10-03,0,26.3,7,5,1733,847,12394,4,4,2.5,2,1,5.36,1.86,3.04,0.0,6.55,8,Gilbert,1Fam,2Story,Gd,Gd,Y,225000,225000,0
661,L-000661,2007-08-25,2007-11-03,0,22.1,7,7,1935,793,12384,31,31,2.5,2,1,5.05,4.3,2.87,0.0,6.55,8,NWAmes,1Fam,2Story,TA,TA,Y,197900,197900,0
779,L-000779,2007-08-26,2007-10-16,0,45.3,5,5,2020,0,8400,30,30,2.0,2,2,2.2,1.75,4.34,0.0,6.55,8,SawyerW,Duplex,1Story,TA,TA,Y,144000,144000,0
177,L-000177,2007-08-26,2007-09-21,1,27.6,6,5,2060,1151,10029,19,18,3.0,2,1,3.69,2.27,3.24,58800.0,6.55,8,ClearCr,1Fam,2Story,Gd,TA,Y,211000,211000,0
472,L-000472,2007-08-26,2007-11-11,0,33.9,7,6,1969,808,11952,30,30,2.5,2,1,3.41,4.8,3.57,0.0,6.55,8,NWAmes,1Fam,2Story,TA,TA,Y,190000,190000,0
886,L-000886,2007-08-27,2008-01-02,1,39.2,9,5,1709,1698,5119,9,8,3.0,2,1,1.6,3.24,2.42,72500.0,6.55,8,Somerst,TwnhsE,1Story,Gd,Gd,Y,328900,328900,0
959,L-000959,2007-08-30,2007-10-02,0,33.0,7,5,1337,1337,8450,4,4,3.0,2,0,2.42,2.72,1.74,0.0,6.55,8,CollgCr,1Fam,1Story,Gd,Gd,Y,185000,185000,0
331,L-000331,2007-09-08,2007-11-05,0,31.4,5,4,1728,1728,10624,43,43,2.5,1,0,3.08,1.88,2.51,0.0,6.49,9,NAmes,Duplex,1Story,TA,TA,Y,119000,119000,0
254,L-000254,2007-09-09,2007-10-25,1,32.8,6,7,1302,1302,9350,43,16,2.5,1,0,3.45,1.37,2.38,33000.0,6.49,9,NAmes,1Fam,SLvl,TA,Gd,Y,158000,158000,0
262,L-000262,2007-09-11,2007-11-06,0,33.4,8,5,2574,1482,9588,0,0,2.5,3,1,2.24,2.59,2.02,0.0,6.49,9,CollgCr,1Fam,2Story,Gd,Ex,Y,276000,276000,0
1440,L-001440,2007-09-12,2007-11-06,0,22.6,7,6,1725,539,11584,28,28,2.5,2,1,4.23,4.06,3.89,0.0,6.49,9,NWAmes,1Fam,SLvl,TA,TA,Y,197000,197000,0
191,L-000191,2007-09-14,2007-12-06,1,36.9,8,8,2727,853,10570,75,13,2.5,2,2,1.73,1.45,5.03,114600.0,6.49,9,Crawfor,1Fam,2Story,Gd,Gd,Y,315000,315000,0
1128,L-001128,2007-09-15,2007-11-04,0,28.7,7,5,1530,1530,14572,3,3,3.0,3,1,4.72,1.4,3.52,0.0,6.49,9,Gilbert,1Fam,1Story,Gd,Gd,Y,259000,259000,0
1315,L-001315,2007-09-15,2007-10-15,0,33.7,4,6,948,948,8190,53,53,2.0,1,1,1.96,3.98,1.57,0.0,6.49,9,Edwards,1Fam,1Story,TA,TA,Y,119000,119000,0
1192,L-001192,2007-09-15,2007-11-19,1,39.5,8,5,1441,776,2645,8,7,2.5,2,0,1.51,3.98,2.03,133500.0,6.49,9,Somerst,Twnhs,2Story,Gd,Gd,Y,174000,174000,0
689,L-000689,2007-09-16,2007-10-06,0,47.1,8,6,1419,1419,8089,0,0,3.0,2,1,0.72,5.56,0.92,0.0,6.49,9,StoneBr,1Fam,1Story,Gd,Gd,Y,392000,392000,0
680,L-000680,2007-09-18,2007-10-08,0,41.7,5,5,988,988,9945,46,46,2.0,2,0,1.01,2.5,2.81,0.0,6.49,9,Sawyer,1Fam,1Story,TA,TA,Y,128500,128500,0
1015,L-001015,2007-09-19,2007-11-04,1,40.9,6,5,1082,1082,11664,59,57,1.0,1,1,2.53,1.56,1.87,51000.0,6.49,9,NAmes,1Fam,1Story,TA,TA,Y,119200,119200,0
978,L-000978,2007-09-25,2007-11-01,1,41.9,7,5,1241,1241,4274,1,0,2.5,2,0,1.9,2.24,1.39,38200.0,6.49,9,Somerst,TwnhsE,1Story,Gd,Gd,Y,199900,199900,0
1256,L-001256,2007-09-27,2007-11-24,1,48.5,6,6,1367,884,6240,76,57,1.0,1,1,2.48,0.53,2.06,20500.0,6.49,9,BrkSide,1Fam,1.5Fin,TA,TA,Y,127500,127500,0
1052,L-001052,2007-09-29,2007-10-15,0,29.3,7,5,1316,1316,11175,0,0,2.0,2,1,2.76,3.52,2.12,0.0,6.49,9,CollgCr,1Fam,1Story,Gd,Gd,Y,200141,200141,0
418,L-000418,2007-10-02,2007-11-04,1,47.2,6,6,2624,1370,22420,89,57,3.5,3,1,1.53,1.0,3.52,103900.0,6.42,10,Crawfor,1Fam,2Story,TA,TA,N,239000,239000,0
574,L-000574,2007-10-03,2007-12-04,0,28.7,7,5,1430,384,9967,7,7,2.5,2,1,4.59,1.46,3.38,0.0,6.42,10,Gilbert,1Fam,SLvl,TA,TA,Y,170000,170000,0
1098,L-001098,2007-10-07,2007-10-25,0,44.1,8,5,1088,1074,3696,21,21,1.5,2,0,0.81,7.24,1.04,0.0,6.42,10,StoneBr,TwnhsE,1Story,Gd,Gd,Y,170000,170000,0
1151,L-001151,2007-10-08,2007-11-11,0,35.5,6,5,932,932,8280,57,57,1.0,1,1,2.55,1.27,2.82,0.0,6.42,10,NAmes,1Fam,1Story,TA,Gd,Y,124000,124000,0
1109,L-001109,2007-10-09,2007-11-12,0,31.0,6,5,1690,924,8063,7,7,2.5,2,1,3.76,1.32,3.41,0.0,6.42,10,Gilbert,1Fam,2Story,TA,TA,Y,181000,181000,0
1331,L-001331,2007-10-11,2007-12-09,0,39.5,8,5,1588,1588,10000,1,1,2.0,3,1,1.53,1.82,2.3,0.0,6.42,10,Somerst,1Fam,1Story,Gd,Gd,Y,227000,227000,0
919,L-000919,2007-10-11,2007-11-20,0,35.0,7,5,2127,1104,13125,16,16,3.5,3,1,1.77,1.89,4.55,0.0,6.42,10,SawyerW,1Fam,2Story,Gd,Gd,Y,238000,238000,0
1445,L-001445,2007-10-14,2007-11-12,0,25.7,7,5,1422,1422,8500,3,3,2.0,2,0,4.36,2.97,2.42,0.0,6.42,10,CollgCr,1Fam,1Story,Gd,Gd,Y,179600,179600,0
318,L-000318,2007-10-16,2007-12-01,0,40.7,8,5,1959,1088,9000,1,1,2.5,3,1,1.52,2.72,2.45,0.0,6.42,10,Somerst,1Fam,2Story,Gd,Gd,Y,270000,270000,0
867,L-000867,2007-10-17,2007-11-26,1,29.5,8,5,1646,1638,10656,1,0,2.0,3,1,2.48,2.95,3.4,74700.0,6.42,10,Timber,1Fam,1Story,Gd,Gd,Y,248900,248900,0
399,L-000399,2007-10-19,2007-11-25,1,43.6,5,2,1077,961,8967,87,57,1.0,1,0,1.32,4.6,1.29,19500.0,6.42,10,IDOTRR,1Fam,1Story,TA,TA,Y,67000,67000,0
1116,L-001116,2007-10-19,2007-11-18,0,35.1,8,5,1734,1734,12085,0,0,3.0,3,1,1.89,2.43,2.28,0.0,6.42,10,NridgHt,1Fam,1Story,Gd,Ex,Y,318000,318000,0
1275,L-001275,2007-10-20,2007-11-23,1,35.3,5,6,1250,661,5362,97,4,2.0,2,1,2.1,1.24,6.09,23900.0,6.42,10,Crawfor,1Fam,1.5Fin,TA,TA,Y,139000,139000,0
602,L-000602,2007-10-21,2007-12-09,1,39.9,6,6,1375,780,9000,70,57,1.5,1,1,1.73,4.62,1.43,39100.0,6.42,10,IDOTRR,1Fam,1.5Fin,TA,Gd,Y,141000,141000,0
948,L-000948,2007-10-22,2007-11-12,1,30.2,8,5,1629,1616,14536,5,4,3.0,3,1,2.18,3.25,3.55,77300.0,6.42,10,Timber,1Fam,1Story,Gd,Gd,Y,270000,270000,0
378,L-000378,2007-10-24,2007-12-23,1,37.6,8,5,2466,1580,11143,3,2,3.0,2,1,2.24,2.86,1.69,110900.0,6.42,10,Somerst,1Fam,2Story,Gd,Gd,Y,340000,340000,0
252,L-000252,2007-10-25,2007-12-26,1,41.1,8,5,1625,1573,4750,1,0,3.5,2,1,1.75,1.68,4.37,118200.0,6.42,10,Crawfor,TwnhsE,1Story,Gd,Gd,Y,235000,235000,0
1240,L-001240,2007-10-26,2007-12-01,0,35.3,8,5,1484,1476,9037,1,1,2.0,2,1,1.73,2.1,3.67,0.0,6.42,10,Timber,1Fam,1Story,Gd,Ex,Y,265900,265900,0
1448,L-001448,2007-10-26,2007-12-15,1,31.9,8,5,2090,1220,10000,12,11,3.5,2,1,2.75,2.05,2.48,89900.0,6.42,10,CollgCr,1Fam,2Story,Gd,Gd,Y,240000,240000,0
168,L-000168,2007-10-26,2007-11-15,0,29.5,8,5,2161,1582,10562,0,0,2.5,3,1,2.2,4.1,2.97,0.0,6.42,10,NridgHt,1Fam,2Story,Gd,Ex,Y,325624,325624,0
851,L-000851,2007-10-29,2007-11-20,0,36.2,6,5,848,848,4435,4,4,2.0,2,0,3.09,2.4,1.81,0.0,6.42,10,CollgCr,TwnhsE,1Story,Gd,Gd,Y,131500,131500,0
760,L-000760,2007-11-02,2007-11-21,0,47.2,8,5,2531,1318,12257,12,12,2.5,3,1,0.62,7.14,1.07,0.0,6.45,11,NoRidge,1Fam,2Story,Gd,Gd,Y,290000,290000,0
152,L-000152,2007-11-03,2008-01-02,1,35.2,8,5,1710,1710,13891,1,0,3.0,3,1,1.5,3.31,2.83,114900.0,6.45,11,NridgHt,1Fam,1Story,Gd,Gd,Y,372402,372402,0
614,L-000614,2007-11-08,2007-12-03,0,35.8,5,5,1120,1120,8402,0,0,1.0,0,0,3.32,8.9,0.52,0.0,6.45,11,Mitchel,1Fam,1Story,TA,TA,Y,147000,147000,0
239,L-000239,2007-11-11,2007-12-11,0,30.3,8,5,1694,1694,12030,0,0,2.0,3,0,2.24,4.21,2.25,0.0,6.45,11,NridgHt,1Fam,1Story,Ex,Gd,Y,318000,318000,0
575,L-000575,2007-11-11,2007-12-16,1,32.8,5,7,1109,372,10500,36,2,1.5,1,0,2.89,1.69,2.43,30900.0,6.45,11,NAmes,1Fam,SLvl,TA,TA,Y,139000,139000,0
326,L-000326,2007-11-13,2007-12-01,1,45.0,5,6,803,720,5000,66,57,1.0,2,0,1.09,5.21,1.43,21300.0,6.45,11,IDOTRR,1Fam,1.5Unf,TA,TA,N,87000,87000,0
650,L-000650,2007-11-15,2007-12-06,0,40.3,4,6,630,630,1936,37,37,2.0,0,0,2.11,1.95,2.3,0.0,6.45,11,MeadowV,Twnhs,SFoyer,TA,TA,Y,84500,84500,0
1376,L-001376,2007-11-17,2007-12-01,0,26.0,8,5,1571,1571,10991,0,0,2.0,3,1,3.11,3.4,4.04,0.0,6.45,11,Timber,1Fam,1Story,Gd,Gd,Y,239000,239000,0
743,L-000743,2007-11-25,2007-12-27,1,35.5,7,5,1349,1349,8450,7,6,2.0,2,0,1.82,1.73,4.34,75400.0,6.45,11,SawyerW,1Fam,1Story,TA,TA,Y,179000,179000,0
1406,L-001406,2007-11-25,2008-01-08,1,40.3,8,5,1646,1594,3842,4,3,3.5,2,1,1.95,1.49,4.99,44700.0,6.45,11,Crawfor,TwnhsE,1Story,Gd,Gd,Y,275000,275000,0
351,L-000351,2007-11-26,2007-12-21,0,30.6,9,5,1869,1869,7820,0,0,2.0,2,1,1.95,5.0,2.54,0.0,6.45,11,NridgHt,TwnhsE,1Story,Ex,Ex,Y,318061,318061,0
78,L-000078,2007-11-27,2008-01-15,1,43.6,5,5,1285,672,8635,60,7,2.0,1,0,3.07,0.68,2.64,36500.0,6.45,11,BrkSide,1Fam,1.5Fin,TA,TA,Y,127000,127000,0
1155,L-001155,2007-11-27,2008-05-21,1,31.5,7,6,1820,864,13700,43,20,2.0,2,2,2.88,2.23,2.15,51200.0,6.45,11,NAmes,1Fam,2Story,TA,Gd,Y,201800,201800,0
1,L-000001,2007-11-30,2008-02-19,0,28.0,7,5,1710,856,8450,5,5,3.5,2,0,3.07,3.07,2.71,0.0,6.45,11,CollgCr,1Fam,2Story,Gd,Gd,Y,208500,208500,0
43,L-000043,2007-12-03,2007-12-21,0,37.0,5,7,884,840,9180,24,24,2.0,2,0,1.68,1.71,3.64,0.0,6.34,12,SawyerW,1Fam,SFoyer,TA,Gd,Y,144000,144000,0
459,L-000459,2007-12-09,2008-06-06,1,59.1,8,7,1666,588,5100,83,12,1.0,1,1,0.55,3.48,0.64,102000.0,6.34,12,OldTown,1Fam,2Story,TA,Gd,Y,161000,161000,0
10,L-000010,2007-12-11,2008-01-05,1,52.7,5,6,1077,991,7420,69,58,2.0,1,2,1.51,0.54,2.8,26800.0,6.34,12,BrkSide,2fmCon,1.5Unf,TA,TA,Y,118000,118000,0
658,L-000658,2007-12-15,2008-02-06,1,37.1,7,6,1502,776,7200,77,8,1.5,1,1,1.88,1.42,3.57,43000.0,6.34,12,Crawfor,1Fam,2Story,TA,TA,Y,149000,149000,0
407,L-000407,2007-12-16,2008-03-03,1,37.4,6,5,1639,1064,10480,72,58,1.0,1,0,2.55,0.9,3.43,47600.0,6.34,12,SWISU,1Fam,1.5Fin,TA,TA,Y,115000,115000,0
280,L-000280,2007-12-17,2008-03-06,0,24.2,7,5,2022,1160,10005,31,31,2.5,2,1,6.66,2.3,2.6,0.0,6.34,12,ClearCr,1Fam,2Story,TA,TA,Y,192000,192000,0
1227,L-001227,2007-12-18,2008-01-20,0,40.3,6,5,1933,894,14598,1,1,2.5,3,1,1.89,3.58,1.36,0.0,6.34,12,Somerst,1Fam,2Story,Gd,Gd,Y,214000,214000,0
1326,L-001326,2007-12-18,2008-01-13,1,46.7,4,4,796,796,3636,86,58,1.0,0,0,1.0,5.45,1.21,18800.0,6.34,12,IDOTRR,1Fam,1Story,TA,TA,N,55000,55000,0
204,L-000204,2007-12-22,2008-01-08,0,35.5,6,5,848,848,4438,4,4,2.0,2,1,2.63,2.45,3.0,0.0,6.34,12,CollgCr,TwnhsE,1Story,Gd,Gd,Y,149000,149000,0
202,L-000202,2007-12-22,2008-02-04,0,32.7,6,6,1279,1196,10125,31,31,2.5,2,2,3.01,4.65,0.68,0.0,6.34,12,Mitchel,1Fam,1Story,TA,TA,Y,171500,171500,0
11,L-000011,2007-12-23,2008-02-27,0,44.0,5,5,1040,1040,11200,43,43,2.0,1,0,0.72,3.37,2.92,0.0,6.34,12,Sawyer,1Fam,1Story,TA,TA,Y,129500,129500,0
536,L-000536,2007-12-24,2008-01-23,1,33.4,5,7,1347,1117,7000,98,17,2.0,0,0,1.96,6.14,1.15,44700.0,6.34,12,Edwards,2fmCon,2Story,TA,TA,Y,107500,107500,0
305,L-000305,2007-12-25,2008-05-05,1,59.4,7,9,3493,1470,18386,128,6,3.0,3,1,0.55,4.94,0.42,50900.0,6.34,12,OldTown,1Fam,2.5Fin,TA,Gd,Y,295000,295000,0
1249,L-001249,2007-12-25,2008-04-03,1,56.1,6,5,2058,735,9600,91,58,1.5,2,1,0.62,5.72,0.57,106300.0,6.34,12,OldTown,1Fam,2.5Unf,TA,TA,N,129500,129500,0
33,L-000033,2007-12-25,2008-01-16,0,29.5,8,5,1234,1234,11049,1,1,2.0,2,0,3.31,2.3,2.47,0.0,6.34,12,CollgCr,1Fam,1Story,Gd,Gd,Y,179900,179900,0
308,L-000308,2007-12-28,2008-03-04,1,45.0,6,7,1406,319,7920,88,58,1.0,0,0,1.84,4.36,1.28,43400.0,6.34,12,IDOTRR,1Fam,1.5Fin,TA,Fa,Y,89500,89500,0
579,L-000579,2007-12-28,2008-02-20,0,42.9,7,5,1392,689,3604,1,1,2.0,2,0,1.21,3.03,2.42,0.0,6.34,12,Somerst,TwnhsE,2Story,Gd,Gd,Y,146000,146000,0
1279,L-001279,2007-12-29,2008-03-12,0,31.9,8,5,2031,1128,9473,6,6,3.5,2,1,2.75,2.11,2.35,0.0,6.34,12,CollgCr,1Fam,2Story,Gd,Gd,Y,237000,237000,0
1164,L-001164,2007-12-31,2008-01-20,0,51.1,4,4,1258,1198,12900,39,39,3.0,2,0,0.78,2.06,2.81,0.0,6.34,12,Sawyer,Duplex,SFoyer,TA,TA,Y,108959,108959,0
60,L-000060,2008-01-03,2008-01-21,0,28.4,5,7,780,780,7200,36,36,1.0,1,0,3.17,2.65,2.88,0.0,6.28,1,CollgCr,1Fam,1Story,TA,TA,Y,124900,124900,0
502,L-000502,2008-01-16,2008-02-12,0,39.1,7,5,1768,866,9803,3,3,2.5,2,0,1.7,3.41,1.94,0.0,6.28,1,Somerst,1Fam,2Story,Gd,Gd,Y,226700,226700,0
1352,L-001352,2008-01-18,2008-03-19,0,33.3,6,6,1716,858,9247,46,46,1.5,2,1,3.68,1.59,1.5,0.0,6.28,1,NAmes,1Fam,2Story,TA,TA,Y,171000,171000,0
162,L-000162,2008-01-18,2008-03-19,1,28.5,9,5,2668,1572,13688,5,4,3.5,3,2,2.86,3.33,2.59,123300.0,6.28,1,NridgHt,1Fam,2Story,Gd,Ex,Y,412500,412500,0
184,L-000184,2008-01-20,2008-06-05,0,56.1,7,5,2082,1362,11426,5,5,2.5,2,0,0.73,4.4,0.47,0.0,6.28,1,OldTown,1Fam,1.5Fin,TA,Gd,Y,200000,200000,0
1225,L-001225,2008-01-21,2008-02-24,1,29.8,7,5,1490,788,15384,4,3,3.5,2,1,4.76,1.35,2.76,90400.0,6.28,1,Gilbert,1Fam,2Story,Gd,Gd,Y,184000,184000,0
272,L-000272,2008-01-25,2008-04-24,1,24.0,7,7,1363,1385,39104,54,3,2.0,2,2,3.78,4.61,2.85,39300.0,6.28,1,ClearCr,1Fam,1Story,TA,TA,Y,241500,241500,0
410,L-000410,2008-01-27,2008-04-24,1,44.2,8,5,2078,1034,10800,1,0,3.5,3,1,1.31,2.33,2.05,51000.0,6.28,1,Somerst,1Fam,2Story,Gd,Ex,Y,339750,339750,0
1137,L-001137,2008-01-28,2008-04-27,0,31.1,6,5,1252,1032,9600,58,58,1.0,1,0,3.63,1.59,2.52,0.0,6.28,1,NAmes,1Fam,1.5Fin,TA,TA,Y,119000,119000,0
1394,L-001394,2008-01-28,2008-04-01,1,63.2,6,7,1912,482,10800,103,8,2.0,2,1,0.44,3.6,0.43,45600.0,6.28,1,OldTown,2fmCon,1.5Fin,TA,TA,N,163000,163000,0
1428,L-001428,2008-01-29,2008-04-05,1,38.4,5,6,1558,913,10930,63,58,2.5,1,1,2.58,2.07,1.99,31500.0,6.28,1,NAmes,1Fam,1.5Fin,TA,TA,Y,140000,140000,0
1044,L-001044,2008-02-02,2008-05-02,0,34.9,7,5,2329,1475,11839,18,18,3.5,2,1,1.79,2.06,3.83,0.0,6.24,2,SawyerW,1Fam,2Story,TA,Gd,Y,262280,262280,0
1269,L-001269,2008-02-04,2008-05-02,1,35.6,8,9,3447,728,14100,73,11,3.5,3,2,1.99,1.35,5.45,102200.0,6.24,2,Crawfor,1Fam,1.5Fin,TA,Gd,Y,381000,381000,0
423,L-000423,2008-02-05,2008-02-21,0,37.4,5,5,988,988,21750,54,54,1.0,2,0,2.87,6.68,0.59,0.0,6.24,2,Mitchel,1Fam,1Story,TA,TA,Y,113000,113000,0
9,L-000009,2008-02-05,2008-04-15,1,66.7,7,5,1774,952,6120,77,58,2.0,2,2,0.54,3.47,0.38,75400.0,6.24,2,OldTown,1Fam,1.5Fin,TA,TA,Y,129900,129900,0
888,L-000888,2008-02-06,2008-04-13,0,32.9,5,7,1393,816,16466,53,53,1.5,1,0,1.73,5.1,1.99,0.0,6.24,2,Edwards,1Fam,1.5Fin,TA,TA,Y,135500,135500,0
154,L-000154,2008-02-07,2008-03-02,1,19.5,6,7,1252,1602,13500,48,33,2.0,2,1,6.05,3.78,5.35,46700.0,6.24,2,ClearCr,1Fam,1Story,TA,TA,Y,235000,235000,0
1025,L-001025,2008-02-08,2008-05-01,0,29.6,8,6,2898,1565,15498,32,32,3.0,2,1,2.33,2.55,5.48,0.0,6.24,2,Timber,1Fam,1Story,Gd,Gd,Y,287000,287000,0
269,L-000269,2008-02-08,2008-02-20,1,44.2,5,6,778,740,6900,68,53,1.0,1,1,1.3,6.59,0.9,18400.0,6.24,2,IDOTRR,1Fam,1Story,TA,TA,Y,120500,120500,0
1048,L-001048,2008-02-10,2008-02-27,1,29.7,5,5,990,990,9245,14,13,1.5,2,0,2.89,3.24,1.97,15500.0,6.24,2,CollgCr,1Fam,1Story,TA,TA,Y,145000,145000,0
1028,L-001028,2008-02-12,2008-04-01,1,28.4,8,5,1646,1638,9520,1,0,3.0,3,1,2.65,2.86,4.14,35800.0,6.24,2,Timber,1Fam,1Story,Gd,Gd,Y,293077,293077,0
841,L-000841,2008-02-14,2008-03-12,1,46.1,6,8,1482,672,12155,83,58,2.0,1,0,3.11,0.54,3.49,25600.0,6.24,2,SWISU,1Fam,2Story,TA,Fa,N,140000,140000,0
292,L-000292,2008-02-15,2008-03-24,1,35.7,5,6,1716,780,5687,96,8,3.0,0,0,3.43,0.88,2.65,66300.0,6.24,2,SWISU,2fmCon,2Story,TA,Fa,N,135900,135900,0
353,L-000353,2008-02-16,2008-03-25,1,42.8,5,6,1111,616,9084,67,58,1.5,1,0,1.46,5.77,1.0,33100.0,6.24,2,Edwards,1Fam,1.5Fin,TA,TA,N,95000,95000,0
1423,L-001423,2008-02-17,2008-03-01,0,32.1,6,5,848,848,4435,5,5,2.0,2,0,3.59,3.57,2.03,0.0,6.24,2,CollgCr,TwnhsE,1Story,Gd,Gd,Y,136500,136500,0
1173,L-001173,2008-02-17,2008-03-07,1,34.6,7,5,1250,625,4017,2,1,2.5,2,0,2.37,3.91,2.01,66300.0,6.24,2,Somerst,TwnhsE,2Story,Gd,Gd,Y,171900,171900,0
831,L-000831,2008-02-19,2008-06-07,0,32.6,6,5,1392,1392,11900,51,51,2.5,2,2,3.45,1.33,2.64,0.0,6.24,2,NAmes,1Fam,1Story,TA,TA,Y,166000,166000,0
217,L-000217,2008-02-22,2008-04-04,0,29.4,7,5,1436,1436,8450,4,4,3.0,2,0,3.25,2.53,2.24,0.0,6.24,2,CollgCr,1Fam,1Story,Gd,Gd,Y,210000,210000,0
1255,L-001255,2008-02-23,2008-07-17,1,33.2,7,5,1656,746,6931,5,4,2.5,2,1,2.11,4.41,1.32,68800.0,6.24,2,Edwards,1Fam,2Story,Gd,Gd,Y,165400,165400,0
124,L-000124,2008-02-25,2008-03-20,0,38.1,6,5,1199,1199,7892,15,15,2.0,2,0,1.32,2.19,3.81,0.0,6.24,2,SawyerW,TwnhsE,1Story,Gd,Gd,Y,153900,153900,0
458,L-000458,2008-02-25,2008-03-10,1,26.3,4,6,1663,1364,53227,54,14,2.0,2,2,3.97,2.97,2.49,38700.0,6.24,2,ClearCr,1Fam,1Story,TA,Gd,Y,256000,256000,0
408,L-000408,2008-02-26,2008-03-25,1,40.1,6,7,1680,840,15576,93,32,2.0,1,0,1.67,1.01,4.87,38600.0,6.24,2,Crawfor,1Fam,2Story,TA,TA,Y,177000,177000,0
818,L-000818,2008-02-27,2008-07-01,0,31.2,8,5,1689,1568,13265,6,6,3.0,3,2,2.92,8.06,0.65,0.0,6.24,2,Mitchel,1Fam,1Story,Gd,Gd,Y,271000,271000,0
983,L-000983,2008-02-27,2008-03-26,0,32.2,7,5,1266,1266,3182,1,1,2.0,2,1,2.63,4.41,1.03,0.0,6.24,2,Blmngtn,1Fam,1Story,Gd,Gd,Y,159895,159895,0
984,L-000984,2008-02-28,2008-05-25,0,31.7,8,5,2290,1128,11250,6,6,2.5,2,1,2.78,2.01,2.65,0.0,6.24,2,CollgCr,1Fam,2Story,Gd,Gd,Y,255900,255900,0
1367,L-001367,2008-03-01,2008-06-04,0,27.8,7,5,1790,873,9179,9,9,3.5,2,0,3.59,3.04,2.08,0.0,6.22,3,CollgCr,1Fam,2Story,Gd,Gd,Y,193000,193000,0
926,L-000926,2008-03-01,2008-03-18,0,24.9,5,6,1126,1126,15611,31,31,2.5,2,0,3.77,3.85,2.84,0.0,6.22,3,NWAmes,1Fam,1Story,TA,Ex,Y,175000,175000,0
1092,L-001092,2008-03-02,2008-03-22,1,38.6,7,5,1252,600,2160,9,8,3.5,2,0,1.9,2.84,2.06,29500.0,6.22,3,Somerst,Twnhs,2Story,Gd,Gd,Y,160000,160000,0
920,L-000920,2008-03-02,2008-05-13,1,29.0,6,8,1414,1184,11029,50,6,2.0,2,1,3.5,2.06,2.93,74300.0,6.22,3,NAmes,1Fam,1Story,Ex,TA,Y,176500,176500,0
327,L-000327,2008-03-02,2008-05-17,0,37.9,8,5,1719,1719,10846,15,15,3.5,2,2,3.7,0.49,3.89,0.0,6.22,3,Veenker,TwnhsE,1Story,Gd,Gd,Y,324000,324000,0
1402,L-001402,2008-03-05,2008-04-13,0,31.1,6,5,1593,839,7415,4,4,3.5,2,1,3.51,1.55,2.83,0.0,6.22,3,Gilbert,1Fam,2Story,TA,TA,Y,193000,193000,0
840,L-000840,2008-03-09,2008-05-02,1,35.6,5,6,1200,768,11767,62,13,1.0,1,0,1.42,4.74,1.96,40900.0,6.22,3,Edwards,1Fam,1.5Fin,TA,TA,Y,130500,130500,0
641,L-000641,2008-03-09,2008-04-02,1,31.7,8,5,1518,1518,12677,5,4,1.5,2,1,1.92,3.27,3.44,58700.0,6.22,3,NridgHt,TwnhsE,1Story,Ex,Ex,Y,274000,274000,0
1068,L-001068,2008-03-10,2008-06-02,0,32.6,6,6,1611,780,9760,44,44,2.5,2,0,2.91,2.01,1.93,0.0,6.22,3,NAmes,1Fam,2Story,TA,TA,Y,167900,167900,0
1382,L-001382,2008-03-12,2008-05-14,0,35.3,6,7,2117,1205,12925,38,38,2.5,2,2,2.5,1.61,2.08,0.0,6.22,3,NAmes,1Fam,1Story,TA,TA,Y,237500,237500,0
865,L-000865,2008-03-31,2008-05-16,1,40.4,7,5,1372,1372,8640,1,0,2.0,2,0,1.83,2.02,2.42,46300.0,6.22,3,Somerst,1Fam,1Story,Gd,Gd,Y,250580,250580,0
156,L-000156,2008-03-13,2008-04-21,1,40.4,6,5,1096,572,9600,84,58,1.0,0,0,1.95,4.27,1.04,39100.0,6.22,3,Edwards,1Fam,1.5Fin,TA,TA,N,79000,79000,0
149,L-000149,2008-03-14,2008-04-13,1,34.3,7,5,1080,1080,7500,4,3,2.0,0,0,2.17,1.71,3.48,31200.0,6.22,3,SawyerW,1Fam,1Story,TA,Gd,Y,141000,141000,0
1361,L-001361,2008-03-14,2008-05-20,1,42.8,5,6,2601,612,9842,87,10,3.5,2,0,3.72,0.54,3.23,70200.0,6.22,3,SWISU,1Fam,2Story,TA,TA,Y,189000,189000,0
211,L-000211,2008-03-16,2008-04-20,1,35.1,5,6,864,864,5604,83,58,2.0,0,0,1.5,5.5,1.68,22300.0,6.22,3,Edwards,1Fam,1Story,TA,TA,N,98000,98000,0
391,L-000391,2008-03-17,2008-04-21,1,33.8,5,8,1367,861,8405,108,58,2.0,1,0,1.93,4.78,1.33,32700.0,6.22,3,Edwards,1Fam,1.5Fin,TA,TA,Y,119000,119000,0
1169,L-001169,2008-03-17,2008-07-23,1,31.8,6,7,2108,1127,13728,73,22,2.0,2,2,2.22,4.84,1.46,72200.0,6.22,3,Edwards,1Fam,2Story,TA,Gd,Y,235000,235000,0
664,L-000664,2008-03-17,2008-04-06,0,34.2,4,5,1181,1138,10012,36,36,3.0,2,0,2.05,5.29,0.99,0.0,6.22,3,Edwards,1Fam,SFoyer,TA,TA,Y,137500,137500,0
1329,L-001329,2008-03-18,2008-06-09,1,58.5,6,7,2792,1510,10440,88,58,2.0,2,2,0.77,2.55,0.45,166500.0,6.22,3,OldTown,1Fam,1.5Fin,Gd,TA,Y,256000,256000,0
477,L-000477,2008-03-18,2008-04-19,1,32.3,6,5,1493,1478,13125,11,10,3.0,2,1,2.26,2.53,2.64,48400.0,6.22,3,CollgCr,1Fam,1Story,TA,Gd,Y,208900,208900,0
928,L-000928,2008-03-20,2008-04-18,0,28.7,7,5,1978,832,9900,40,40,2.5,2,1,4.61,4.28,2.3,0.0,6.22,3,NWAmes,1Fam,2Story,TA,TA,Y,176000,176000,0
1434,L-001434,2008-03-21,2008-05-26,0,34.1,6,5,1792,936,10261,8,8,3.5,2,1,3.29,1.3,2.13,0.0,6.22,3,Gilbert,1Fam,2Story,TA,TA,Y,186500,186500,0
801,L-000801,2008-03-21,2008-05-05,0,31.7,6,5,1688,616,12798,11,11,3.5,2,0,4.06,2.61,2.6,0.0,6.22,3,ClearCr,1Fam,2Story,TA,Gd,Y,200000,200000,0
742,L-000742,2008-03-22,2008-05-04,1,50.6,6,8,912,912,6768,47,12,2.5,1,0,0.73,2.45,2.99,30400.0,6.22,3,Sawyer,1Fam,1Story,TA,Gd,Y,142000,142000,0
538,L-000538,2008-03-22,2008-04-08,0,30.4,4,5,864,864,12735,36,36,1.0,2,0,3.23,2.55,1.81,0.0,6.22,3,NAmes,1Fam,1Story,TA,TA,Y,111250,111250,0
798,L-000798,2008-03-24,2008-04-13,0,33.5,5,5,773,773,7677,55,55,1.0,1,0,2.8,1.81,2.01,0.0,6.22,3,NAmes,1Fam,1Story,TA,TA,Y,110000,110000,0
174,L-000174,2008-03-24,2008-06-03,0,33.3,6,5,1362,1362,10197,47,47,2.5,2,1,3.09,1.48,2.36,0.0,6.22,3,NAmes,1Fam,1Story,TA,TA,Y,163000,163000,0
826,L-000826,2008-03-25,2008-06-10,1,41.2,10,5,2084,2078,14803,1,0,3.0,3,1,1.89,4.59,2.59,111100.0,6.22,3,NridgHt,1Fam,1Story,Ex,Ex,Y,385000,385000,0
136,L-000136,2008-03-27,2008-05-13,0,19.7,7,6,1682,1304,10400,38,38,2.0,2,1,4.54,6.09,4.88,0.0,6.22,3,NWAmes,1Fam,1Story,TA,TA,Y,174000,174000,0
1377,L-001377,2008-03-27,2008-04-13,1,36.7,6,5,790,768,6292,78,58,1.0,1,0,3.03,0.79,3.46,24400.0,6.22,3,SWISU,1Fam,1Story,TA,TA,N,91000,91000,0
532,L-000532,2008-03-29,2008-06-02,1,51.9,6,8,1362,611,6155,88,9,2.0,2,0,3.24,0.5,1.83,40800.0,6.22,3,BrkSide,1Fam,2Story,TA,TA,Y,128000,128000,0
77,L-000077,2008-03-29,2008-04-23,0,34.4,4,7,952,952,8475,52,52,1.0,1,0,2.31,1.84,2.47,0.0,6.22,3,NAmes,1Fam,1Story,TA,TA,Y,135750,135750,0
1024,L-001024,2008-03-30,2008-05-11,1,30.1,7,5,1504,1346,3182,3,2,2.0,2,1,2.72,6.65,1.06,40700.0,6.22,3,Blmngtn,TwnhsE,1Story,Gd,Gd,Y,191000,191000,0
498,L-000498,2008-03-30,2008-06-20,1,41.5,7,6,1820,1026,9120,83,58,3.0,1,0,2.77,0.5,2.8,78500.0,6.22,3,BrkSide,1Fam,1.5Fin,TA,TA,Y,184000,184000,0
746,L-000746,2008-03-31,2008-07-20,1,23.4,8,9,2715,1142,8963,32,12,4.0,2,2,4.38,3.72,3.17,84500.0,6.22,3,NWAmes,1Fam,2Story,Ex,Gd,Y,299800,299800,0
567,L-000567,2008-03-31,2008-06-04,1,47.6,9,5,2504,1122,11198,3,1,2.5,3,1,0.75,4.64,0.87,143600.0,6.22,3,StoneBr,1Fam,2Story,Gd,Ex,Y,325000,325000,0
595,L-000595,2008-04-01,2008-04-19,0,25.2,5,6,924,924,7990,33,33,1.0,1,0,3.39,3.97,3.18,0.0,6.16,4,CollgCr,1Fam,1Story,TA,TA,Y,110000,110000,0
208,L-000208,2008-04-02,2008-04-23,0,33.0,4,5,1100,1100,12493,48,48,2.0,1,1,2.59,2.29,1.89,0.0,6.16,4,NAmes,1Fam,1Story,TA,TA,Y,141000,141000,0
724,L-000724,2008-04-02,2008-05-13,1,39.3,4,6,1470,941,8172,54,36,2.0,1,0,1.25,4.64,1.28,24600.0,6.16,4,Edwards,1Fam,1.5Fin,TA,TA,Y,135000,135000,0
108,L-000108,2008-04-02,2008-04-19,1,60.6,5,5,789,789,6000,60,58,1.0,1,0,0.55,3.5,0.46,16800.0,6.16,4,OldTown,1Fam,1Story,TA,TA,Y,115000,115000,0
843,L-000843,2008-04-02,2008-05-11,0,33.5,6,7,1165,1127,9020,42,42,2.5,2,0,2.76,1.93,1.87,0.0,6.16,4,NAmes,1Fam,SLvl,TA,TA,Y,174900,174900,0
425,L-000425,2008-04-02,2008-05-19,0,33.6,6,5,1196,1196,9000,52,52,2.0,1,1,2.57,1.82,2.35,0.0,6.16,4,NAmes,1Fam,1Story,TA,TA,Y,139000,139000,0
1160,L-001160,2008-04-04,2008-07-01,0,23.3,6,6,1876,901,9120,34,34,2.5,2,1,4.76,2.94,3.98,0.0,6.16,4,NWAmes,1Fam,2Story,Gd,Gd,Y,185000,185000,0
32,L-000032,2008-04-04,2008-06-01,1,39.0,5,6,1228,1228,8544,42,2,1.5,1,0,1.0,3.4,3.81,35900.0,6.16,4,Sawyer,1Fam,1Story,TA,Gd,Y,149350,149350,0
584,L-000584,2008-04-04,2008-07-03,1,76.6,10,9,2775,1237,13500,115,8,3.5,2,1,0.53,3.89,0.35,160200.0,6.16,4,OldTown,1Fam,2.5Unf,Ex,Gd,Y,325000,325000,0
219,L-000219,2008-04-05,2008-05-27,1,33.9,7,9,1954,798,15660,69,2,2.0,2,2,2.34,1.45,4.5,51400.0,6.16,4,Crawfor,1Fam,1.5Fin,Gd,Gd,Y,311500,311500,0
257,L-000257,2008-04-06,2008-05-21,0,41.4,6,5,1728,864,8791,5,5,2.5,2,0,1.8,2.3,1.67,0.0,6.16,4,Somerst,1Fam,2Story,Gd,Gd,Y,207500,207500,0
15,L-000015,2008-04-06,2008-05-03,0,31.9,6,5,1253,1253,10920,48,48,2.5,1,1,3.25,2.06,1.71,0.0,6.16,4,NAmes,1Fam,1Story,TA,TA,Y,157000,157000,0
1274,L-001274,2008-04-08,2008-05-05,1,33.1,6,7,1357,1019,11512,49,2,2.0,1,1,2.08,4.35,1.43,72400.0,6.16,4,Edwards,1Fam,SLvl,TA,Ex,Y,177000,177000,0
587,L-000587,2008-04-09,2008-05-11,1,37.6,6,7,838,816,10267,90,8,2.0,1,0,2.49,0.95,3.05,34900.0,6.16,4,BrkSide,1Fam,1Story,TA,Fa,Y,130000,130000,0
827,L-000827,2008-04-09,2008-05-08,1,47.2,5,6,784,784,6130,84,58,2.0,0,0,2.68,0.56,2.13,14700.0,6.16,4,BrkSide,1Fam,1.5Unf,TA,Gd,Y,109500,109500,0
443,L-000443,2008-04-09,2008-06-03,1,45.6,5,7,1573,1078,6240,78,16,2.0,2,1,2.58,0.59,3.18,31200.0,6.16,4,BrkSide,1Fam,1.5Fin,TA,TA,Y,162900,162900,0
648,L-000648,2008-04-12,2008-06-14,0,37.2,6,5,1094,1094,10452,55,55,1.0,2,2,1.51,4.19,1.34,0.0,6.16,4,Edwards,1Fam,1Story,TA,TA,Y,155000,155000,0
1380,L-001380,2008-04-13,2008-05-15,1,29.4,5,5,1394,384,9735,2,1,2.5,2,0,2.48,2.72,4.1,37600.0,6.16,4,Timber,1Fam,SLvl,TA,Gd,Y,167500,167500,0
1316,L-001316,2008-04-15,2008-06-26,0,33.4,6,5,2112,952,11075,39,39,2.5,2,2,2.7,1.84,2.15,0.0,6.16,4,NAmes,1Fam,2Story,TA,TA,Y,206900,206900,0
1056,L-001056,2008-04-15,2008-05-02,0,19.0,6,5,1523,1193,11361,32,32,2.5,2,1,5.67,5.59,4.05,0.0,6.16,4,NWAmes,1Fam,1Story,TA,TA,Y,180000,180000,0
1355,L-001355,2008-04-15,2008-06-13,0,31.0,7,5,1865,992,10316,8,8,3.5,3,1,2.38,2.68,2.94,0.0,6.16,4,CollgCr,1Fam,2Story,Gd,Gd,Y,235000,235000,0
962,L-000962,2008-04-16,2008-07-10,1,36.4,6,7,2872,1330,12227,31,13,3.5,2,1,3.62,3.27,2.61,95900.0,6.16,4,NWAmes,1Fam,2Story,TA,TA,Y,272000,272000,0
259,L-000259,2008-04-16,2008-05-18,0,32.0,7,5,1792,963,12435,7,7,2.5,2,1,2.75,2.16,2.25,0.0,6.16,4,CollgCr,1Fam,2Story,Gd,Gd,Y,231500,231500,0
651,L-000651,2008-04-16,2008-05-15,0,39.6,7,6,1665,813,8125,1,1,2.5,2,0,1.65,3.22,2.03,0.0,6.16,4,Somerst,1Fam,2Story,Gd,Gd,Y,205950,205950,0
842,L-000842,2008-04-16,2008-06-14,1,60.3,5,8,1539,650,10440,104,6,2.0,2,1,0.58,4.34,0.33,34300.0,6.16,4,OldTown,1Fam,2Story,TA,Gd,Y,157500,157500,0
1309,L-001309,2008-04-17,2008-05-25,1,62.6,5,7,1122,924,12000,60,3,2.0,2,0,0.53,3.28,0.34,55000.0,6.16,4,OldTown,1Fam,1Story,TA,Gd,Y,147000,147000,0
431,L-000431,2008-04-19,2008-07-02,0,40.8,6,5,987,483,1680,37,37,1.5,1,0,1.99,4.28,0.93,0.0,6.16,4,BrDale,Twnhs,2Story,TA,TA,Y,85400,85400,0
845,L-000845,2008-04-19,2008-06-18,1,68.0,5,8,1416,876,12665,93,58,1.5,3,1,0.44,4.61,0.34,38300.0,6.16,4,OldTown,1Fam,1.5Fin,TA,TA,Y,153900,153900,0
457,L-000457,2008-04-20,2008-05-25,1,60.8,5,5,1344,624,4571,92,58,1.0,3,0,0.41,6.25,0.52,27900.0,6.16,4,OldTown,1Fam,2Story,TA,TA,N,98000,98000,0
639,L-000639,2008-04-22,2008-05-10,1,40.0,5,7,796,796,8777,98,58,1.0,0,0,1.78,4.18,1.42,11900.0,6.16,4,Edwards,1Fam,1Story,TA,TA,Y,85000,85000,0
362,L-000362,2008-04-24,2008-07-01,1,39.2,5,5,1505,883,9144,68,26,2.0,1,0,2.78,0.63,3.37,34200.0,6.16,4,BrkSide,1Fam,1.5Fin,TA,TA,Y,145000,145000,0
691,L-000691,2008-04-25,2008-05-07,0,34.5,6,5,848,848,4426,4,4,2.0,2,1,3.97,2.18,1.87,0.0,6.16,4,CollgCr,TwnhsE,1Story,Gd,Gd,Y,141000,141000,0
1093,L-001093,2008-04-25,2008-06-05,1,38.1,6,5,1694,1181,8400,83,58,2.0,2,1,3.67,0.51,3.42,53500.0,6.16,4,SWISU,1Fam,1.5Fin,TA,TA,Y,136500,136500,0
1442,L-001442,2008-04-26,2008-05-09,0,36.9,6,5,848,848,4426,4,4,2.0,2,1,2.82,2.61,1.65,0.0,6.16,4,CollgCr,TwnhsE,1Story,Gd,Gd,Y,149300,149300,0
630,L-000630,2008-04-26,2008-06-16,0,37.7,6,5,1350,1248,9020,44,44,2.5,2,0,2.92,2.29,1.55,0.0,6.16,4,NAmes,1Fam,SLvl,TA,TA,Y,168500,168500,0
473,L-000473,2008-04-27,2008-06-05,0,39.3,6,5,1072,547,3675,3,3,2.0,2,0,1.61,6.07,1.52,0.0,6.16,4,Edwards,TwnhsE,SLvl,TA,TA,Y,148000,148000,0
785,L-000785,2008-04-27,2008-06-25,1,62.5,6,6,1484,742,6300,94,7,2.0,0,1,0.41,4.54,0.47,39500.0,6.16,4,OldTown,1Fam,2.5Unf,TA,TA,Y,128000,128000,0
491,L-000491,2008-04-30,2008-06-03,0,39.4,5,6,1304,264,2665,32,32,1.5,1,1,2.51,1.67,2.39,0.0,6.16,4,MeadowV,TwnhsE,2Story,TA,TA,Y,115000,115000,0
1118,L-001118,2008-04-30,2008-05-19,1,46.8,5,7,894,894,9764,41,5,2.0,2,0,0.92,3.01,2.8,23700.0,6.16,4,Sawyer,1Fam,1Story,TA,Gd,Y,130000,130000,0
894,L-000894,2008-04-30,2008-06-10,0,54.3,5,5,1383,1383,13284,54,54,2.0,1,1,0.79,2.29,3.7,0.0,6.16,4,Sawyer,1Fam,1Story,TA,TA,Y,165000,165000,0
30,L-000030,2008-04-30,2008-05-20,1,51.5,4,6,520,520,6324,81,58,1.0,1,0,2.81,0.51,2.61,11800.0,6.16,4,BrkSide,1Fam,1Story,TA,Fa,N,68500,68500,0
981,L-000981,2008-05-02,2008-07-03,1,31.0,7,9,999,944,12122,47,1,2.0,2,0,3.0,2.11,2.44,36400.0,6.12,5,NAmes,1Fam,SFoyer,Ex,Ex,Y,178400,178400,0
768,L-000768,2008-05-03,2008-07-16,1,31.9,6,7,1750,983,12508,68,23,3.0,1,0,2.71,5.12,0.9,52700.0,6.12,5,Mitchel,1Fam,1.5Fin,TA,TA,Y,160000,160000,0
494,L-000494,2008-05-03,2008-06-07,0,36.2,5,6,1269,1269,7931,48,48,1.5,1,1,2.11,1.9,1.95,0.0,6.12,5,NAmes,1Fam,1Story,TA,TA,Y,155000,155000,0
56,L-000056,2008-05-04,2008-07-08,0,31.5,6,5,1425,1425,10175,44,44,2.0,2,1,3.09,2.48,1.61,0.0,6.12,5,NAmes,1Fam,1Story,TA,TA,Y,180500,180500,0
622,L-000622,2008-05-06,2008-06-23,1,21.9,6,7,2614,1522,10800,34,11,2.5,2,1,4.36,5.14,3.28,74500.0,6.12,5,NWAmes,1Fam,2Story,TA,TA,Y,240000,240000,0
1241,L-001241,2008-05-07,2008-07-04,0,29.8,7,5,1768,884,8158,5,5,3.5,2,0,2.89,2.58,2.61,0.0,6.12,5,CollgCr,1Fam,2Story,Gd,Gd,Y,224900,224900,0
618,L-000618,2008-05-07,2008-06-04,0,34.8,6,6,832,832,7227,54,54,1.0,2,0,3.84,2.01,2.07,0.0,6.12,5,NAmes,1Fam,1.5Unf,TA,Gd,Y,105500,105500,0
424,L-000424,2008-05-08,2008-06-17,0,51.0,8,5,2630,1470,9200,10,10,3.5,3,1,0.47,6.65,0.98,0.0,6.12,5,NoRidge,1Fam,2Story,Gd,Gd,Y,315000,315000,0
1021,L-001021,2008-05-08,2008-06-10,0,35.6,4,5,1132,1132,7024,3,3,2.5,2,0,1.66,4.43,1.42,0.0,6.12,5,Edwards,1Fam,1Story,TA,Gd,Y,176000,176000,0
549,L-000549,2008-05-08,2008-06-03,1,66.7,5,7,825,825,8235,53,13,2.0,2,0,0.57,3.67,0.3,31500.0,6.12,5,OldTown,1Fam,1Story,TA,TA,Y,125000,125000,0
1460,L-001460,2008-05-08,2008-06-10,0,40.5,5,6,1256,1256,9937,43,43,2.5,1,0,0.96,5.58,1.7,0.0,6.12,5,Edwards,1Fam,1Story,Gd,TA,Y,147500,147500,0
445,L-000445,2008-05-08,2008-07-07,1,31.1,7,5,1908,915,8750,14,13,3.5,2,1,2.24,2.64,3.47,49700.0,6.12,5,CollgCr,1Fam,2Story,Gd,Gd,Y,210000,210000,0
195,L-000195,2008-05-08,2008-05-19,0,28.2,5,7,864,864,7180,36,36,1.0,1,0,3.48,2.91,2.14,0.0,6.12,5,CollgCr,1Fam,1Story,TA,TA,Y,127000,127000,0
1436,L-001436,2008-05-08,2008-07-01,1,34.8,6,9,1537,1319,8400,46,3,2.5,2,1,2.7,1.7,1.8,33200.0,6.12,5,NAmes,1Fam,1Story,Gd,Gd,Y,174000,174000,0
40,L-000040,2008-05-09,2008-06-06,0,34.6,4,5,1152,0,6040,53,53,2.0,0,0,1.59,5.6,1.58,0.0,6.12,5,Edwards,Duplex,1Story,TA,Fa,N,82000,82000,0
700,L-000700,2008-05-10,2008-07-01,0,42.5,7,5,1391,1391,4282,4,4,2.0,2,0,1.42,2.21,2.64,0.0,6.12,5,Somerst,TwnhsE,1Story,Gd,Gd,Y,196000,196000,0
675,L-000675,2008-05-10,2008-07-09,0,35.1,6,6,1136,1136,9200,43,43,2.0,1,1,2.58,2.02,1.45,0.0,6.12,5,NAmes,1Fam,1Story,TA,TA,Y,140000,140000,0
1159,L-001159,2008-05-12,2008-06-22,1,40.8,8,5,1580,1580,11932,1,0,2.0,3,0,1.79,2.78,1.87,57800.0,6.12,5,Somerst,1Fam,1Story,Gd,Gd,Y,235128,235128,0
161,L-000161,2008-05-12,2008-06-05,0,35.2,6,6,1232,1232,11120,24,24,2.0,2,0,4.39,0.58,4.03,0.0,6.12,5,Veenker,1Fam,1Story,TA,TA,Y,162500,162500,0
563,L-000563,2008-05-13,2008-07-12,1,34.2,5,6,996,996,13907,68,39,2.0,0,1,2.15,4.77,0.97,40600.0,6.12,5,Edwards,1Fam,1Story,TA,TA,Y,108000,108000,0
266,L-000266,2008-05-13,2008-06-11,0,22.2,6,6,1422,1422,12090,27,27,2.0,2,1,4.7,4.08,3.46,0.0,6.12,5,NWAmes,1Fam,1Story,TA,Gd,Y,175500,175500,0
1415,L-001415,2008-05-14,2008-06-24,1,35.3,6,7,1848,833,13053,85,8,1.5,2,1,4.03,0.78,2.61,79700.0,6.12,5,BrkSide,1Fam,1.5Fin,TA,Gd,Y,207000,207000,0
123,L-000123,2008-05-14,2008-06-27,0,32.2,6,7,1080,1080,9464,50,50,1.0,1,0,3.13,1.92,1.94,0.0,6.12,5,NAmes,1Fam,1Story,TA,TA,Y,136000,136000,0
564,L-000564,2008-05-15,2008-07-27,1,37.2,6,7,1674,1163,21780,90,58,2.0,2,1,1.46,4.12,1.5,49600.0,6.12,5,Edwards,1Fam,1.5Fin,TA,TA,Y,185000,185000,0
470,L-000470,2008-05-15,2008-06-06,0,35.9,6,5,1710,832,9291,15,15,2.5,2,0,2.08,1.54,3.16,0.0,6.12,5,SawyerW,1Fam,2Story,Gd,Gd,Y,187000,187000,0
1154,L-001154,2008-05-17,2008-06-12,1,43.4,6,8,816,816,5890,78,1,1.0,1,0,1.27,5.16,1.36,17900.0,6.12,5,IDOTRR,1Fam,1Story,Gd,TA,Y,120500,120500,0
812,L-000812,2008-05-17,2008-06-02,0,35.9,6,5,848,848,4438,4,4,2.0,2,1,2.95,1.78,3.5,0.0,6.12,5,CollgCr,TwnhsE,1Story,Gd,Gd,Y,144500,144500,0
1310,L-001310,2008-05-18,2008-06-11,0,33.4,6,5,1294,1278,7153,17,17,3.0,2,0,2.13,1.94,3.69,0.0,6.12,5,SawyerW,1Fam,1Story,TA,Gd,Y,179200,179200,0
821,L-000821,2008-05-18,2008-06-27,0,29.0,7,5,1640,798,7226,5,5,2.5,2,0,3.03,2.73,2.59,0.0,6.12,5,CollgCr,1Fam,2Story,Gd,Gd,Y,183000,183000,0
265,L-000265,2008-05-18,2008-06-02,1,61.7,5,5,764,680,5232,83,4,1.0,2,0,0.64,5.82,0.45,33000.0,6.12,5,OldTown,1Fam,1Story,TA,TA,N,73000,73000,0
654,L-000654,2008-05-19,2008-06-24,1,45.1,6,7,1469,756,10320,102,13,1.0,1,0,1.11,4.98,1.39,55200.0,6.12,5,IDOTRR,1Fam,1.5Fin,TA,TA,Y,135000,135000,0
1171,L-001171,2008-05-23,2008-07-22,0,33.4,6,6,1118,1096,9880,31,31,2.0,1,1,3.14,3.65,0.68,0.0,6.12,5,Mitchel,1Fam,SLvl,TA,TA,Y,171000,171000,0
1141,L-001141,2008-05-24,2008-06-04,0,29.6,5,7,952,952,7350,57,57,2.0,2,0,3.65,2.53,1.73,0.0,6.12,5,NAmes,1Fam,1Story,TA,TA,Y,139000,139000,0
552,L-000552,2008-05-24,2008-06-11,0,58.0,5,6,928,928,6000,51,51,1.0,1,0,0.6,4.51,0.5,0.0,6.12,5,OldTown,1Fam,1Story,TA,TA,Y,112500,112500,0
19,L-000019,2008-05-25,2008-06-20,0,37.9,5,5,1114,1114,13695,4,4,2.5,2,0,1.63,1.5,4.12,0.0,6.12,5,SawyerW,1Fam,1Story,TA,Gd,Y,159000,159000,0
435,L-000435,2008-05-27,2008-06-15,0,43.6,4,7,630,630,1890,36,36,2.0,0,0,1.77,1.91,1.76,0.0,6.12,5,MeadowV,Twnhs,SFoyer,TA,TA,Y,81000,81000,0
733,L-000733,2008-05-29,2008-07-01,1,27.4,7,5,2031,1153,11404,10,9,2.5,2,1,2.76,3.67,3.3,72700.0,6.12,5,CollgCr,1Fam,2Story,Gd,Gd,Y,222500,222500,0
839,L-000839,2008-05-29,2008-06-19,1,27.4,5,6,1099,1099,9525,13,2,1.5,1,0,2.88,3.51,3.09,41600.0,6.12,5,CollgCr,1Fam,1Story,TA,Gd,Y,144000,144000,0
434,L-000434,2008-05-29,2008-07-03,1,28.0,6,5,1604,926,10839,11,10,2.5,2,1,4.06,1.83,3.47,54100.0,6.12,5,Gilbert,1Fam,2Story,TA,TA,Y,181000,181000,0
210,L-000210,2008-05-29,2008-07-05,0,31.1,6,7,1092,1092,8250,44,44,2.0,2,0,2.68,2.48,2.42,0.0,6.12,5,NAmes,1Fam,1Story,TA,TA,Y,145000,145000,0
804,L-000804,2008-05-31,2009-01-26,1,38.0,9,5,2822,1734,13891,1,0,3.5,3,1,1.07,4.09,3.04,119300.0,6.12,5,NridgHt,1Fam,2Story,Ex,Ex,Y,582933,582933,0
334,L-000334,2008-06-01,2008-07-02,0,40.9,7,5,1358,1358,8198,4,4,3.0,2,1,1.47,3.04,2.84,0.0,6.07,6,NridgHt,TwnhsE,1Story,Gd,Gd,Y,207000,207000,0
1149,L-001149,2008-06-01,2008-08-07,1,61.6,7,7,1111,572,5700,82,58,1.0,1,1,0.57,2.95,0.41,43300.0,6.07,6,OldTown,1Fam,1.5Fin,TA,TA,Y,116900,116900,0
968,L-000968,2008-06-01,2008-07-26,0,32.0,5,7,1098,1098,7390,53,53,2.0,1,0,2.81,2.1,2.23,0.0,6.07,6,NAmes,1Fam,1Story,TA,TA,Y,135000,135000,0
1196,L-001196,2008-06-02,2008-07-09,0,26.9,6,5,1456,728,8029,3,3,2.5,2,0,4.87,1.54,4.63,0.0,6.07,6,Gilbert,1Fam,2Story,TA,Gd,Y,176000,176000,0
1111,L-001111,2008-06-02,2008-06-24,1,31.9,6,5,1658,773,8000,13,12,3.5,2,1,3.37,1.41,3.03,51600.0,6.07,6,Gilbert,1Fam,2Story,TA,TA,Y,188000,188000,0
1042,L-001042,2008-06-03,2008-07-25,1,29.9,6,8,1632,800,9130,42,8,2.0,2,0,4.93,3.27,2.11,72800.0,6.07,6,NWAmes,1Fam,2Story,TA,Gd,Y,173000,173000,0
600,L-000600,2008-06-04,2008-07-20,0,47.3,6,6,1556,716,1950,28,28,3.5,2,1,1.43,2.89,0.82,0.0,6.07,6,Blueste,Twnhs,2Story,TA,TA,Y,151000,151000,0
268,L-000268,2008-06-05,2008-07-06,1,37.9,5,8,2192,720,8400,69,11,2.5,1,1,2.96,0.72,3.15,74900.0,6.07,6,SWISU,1Fam,2.5Fin,TA,Gd,Y,179500,179500,0
1003,L-001003,2008-06-05,2008-07-07,0,38.4,8,5,1574,1574,11957,2,2,2.0,3,1,1.31,2.65,2.64,0.0,6.07,6,Somerst,1Fam,1Story,Gd,Gd,Y,232000,232000,0
1401,L-001401,2008-06-06,2008-07-08,1,45.3,6,7,1158,862,6000,79,58,1.0,1,1,3.18,0.5,2.78,36100.0,6.07,6,BrkSide,1Fam,1.5Fin,TA,TA,Y,120000,120000,0
1375,L-001375,2008-06-06,2008-07-23,0,38.4,7,5,1958,1026,10625,3,3,2.5,3,1,1.75,3.2,2.29,0.0,6.07,6,Somerst,1Fam,2Story,Gd,Gd,Y,250000,250000,0
389,L-000389,2008-06-07,2008-07-05,1,29.2,7,5,1479,1468,9382,9,8,2.0,2,0,2.97,2.47,3.0,58500.0,6.07,6,CollgCr,1Fam,1Story,Gd,Gd,Y,191000,191000,0
31,L-000031,2008-06-07,2008-07-12,1,48.6,4,4,1317,649,8500,88,58,1.0,1,0,1.14,4.88,0.97,42500.0,6.07,6,IDOTRR,1Fam,2Story,TA,TA,N,40000,40000,0
620,L-000620,2008-06-09,2008-08-09,0,28.5,8,5,2262,1482,12244,5,5,3.5,3,2,2.89,2.45,4.07,0.0,6.07,6,Timber,1Fam,2Story,Gd,Gd,Y,305000,305000,0
537,L-000537,2008-06-10,2008-07-11,1,30.5,7,5,1724,880,8924,10,9,2.5,2,0,2.57,2.56,2.96,69500.0,6.07,6,CollgCr,1Fam,2Story,TA,Gd,Y,188000,188000,0
1260,L-001260,2008-06-10,2008-07-22,0,34.8,6,8,1054,1054,9750,39,39,2.5,2,0,2.2,2.09,2.11,0.0,6.07,6,NAmes,1Fam,1Story,TA,TA,Y,151000,151000,0
766,L-000766,2008-06-11,2008-08-13,0,36.6,9,5,1506,1498,14587,0,0,2.0,2,1,1.65,2.77,1.95,0.0,6.07,6,Somerst,1Fam,1Story,Gd,Ex,Y,264132,264132,0
1144,L-001144,2008-06-11,2008-07-06,0,43.5,5,3,1006,1006,9000,49,49,1.0,0,0,0.97,1.83,3.42,0.0,6.07,6,Sawyer,1Fam,1Story,TA,TA,Y,80000,80000,0
372,L-000372,2008-06-11,2008-07-05,0,31.7,4,4,1588,0,17120,49,49,2.0,2,1,4.11,2.72,2.39,0.0,6.07,6,ClearCr,1Fam,1.5Fin,TA,TA,Y,134432,134432,0
593,L-000593,2008-06-11,2008-06-24,1,29.2,5,8,816,816,6600,26,5,2.0,2,0,2.91,8.07,0.98,23900.0,6.07,6,Mitchel,1Fam,1Story,TA,TA,Y,138000,138000,0
555,L-000555,2008-06-12,2008-08-16,1,29.7,7,5,2046,998,10625,5,4,3.5,3,1,2.05,4.52,3.13,60200.0,6.07,6,NridgHt,1Fam,2Story,Gd,Gd,Y,284000,284000,0
428,L-000428,2008-06-12,2008-07-01,0,36.3,4,6,907,907,8593,51,51,1.0,1,0,2.81,1.27,1.89,0.0,6.07,6,NAmes,1Fam,1Story,TA,TA,Y,109008,109008,0
1265,L-001265,2008-06-15,2008-08-25,1,39.4,6,5,1337,1405,4060,10,9,3.0,2,0,3.0,1.95,1.95,61600.0,6.07,6,NAmes,TwnhsE,1Story,Gd,Gd,Y,181000,181000,0
1112,L-001112,2008-06-17,2008-09-09,0,22.9,7,6,1964,803,10480,32,32,2.5,2,1,4.14,4.87,2.94,0.0,6.07,6,NWAmes,1Fam,2Story,TA,TA,Y,205000,205000,0
344,L-000344,2008-06-17,2008-07-22,0,32.1,9,5,1684,1684,8849,3,3,2.0,2,1,1.67,6.33,2.18,0.0,6.07,6,NridgHt,TwnhsE,1Story,Ex,Ex,Y,266000,266000,0
924,L-000924,2008-06-19,2008-07-22,1,35.8,6,5,1617,1604,8012,15,14,3.0,2,1,1.87,1.77,3.35,76700.0,6.07,6,SawyerW,TwnhsE,1Story,Gd,Gd,Y,193000,193000,0
1342,L-001342,2008-06-19,2008-07-26,1,33.6,6,5,1114,1114,13695,5,4,2.0,2,0,1.93,2.22,3.74,49700.0,6.07,6,SawyerW,1Fam,1Story,TA,Gd,Y,155000,155000,0
335,L-000335,2008-06-21,2008-07-20,0,27.8,6,5,1638,943,9042,10,10,3.5,2,2,4.44,1.66,3.67,0.0,6.07,6,Gilbert,1Fam,2Story,TA,TA,Y,192000,192000,0
106,L-000106,2008-06-24,2008-08-09,1,39.9,8,5,1992,1053,9375,5,4,2.5,2,1,1.53,2.98,2.59,71700.0,6.07,6,Somerst,1Fam,2Story,Gd,Gd,Y,250000,250000,0
1259,L-001259,2008-06-24,2008-07-13,0,28.6,7,5,1166,856,9587,3,3,3.0,2,0,3.43,2.2,3.03,0.0,6.07,6,Gilbert,1Fam,SLvl,Gd,Gd,Y,190000,190000,0
464,L-000464,2008-06-24,2008-08-10,1,38.4,6,7,1660,715,11988,74,13,1.5,1,1,1.89,1.04,4.92,61100.0,6.07,6,Crawfor,1Fam,2Story,TA,TA,Y,188700,188700,0
647,L-000647,2008-06-25,2008-07-23,0,31.6,5,5,1048,0,7200,58,58,1.0,2,0,2.78,2.44,2.02,0.0,6.07,6,NAmes,1Fam,1Story,TA,TA,Y,98300,98300,0
806,L-000806,2008-06-26,2008-07-17,0,33.3,7,5,1428,1417,12274,0,0,2.0,2,0,2.3,2.48,2.07,0.0,6.07,6,Somerst,1Fam,1Story,Gd,Ex,Y,227680,227680,0
390,L-000390,2008-06-27,2008-08-14,1,29.8,10,5,2332,1682,12474,1,0,3.5,3,1,2.08,3.98,3.36,178100.0,6.07,6,NridgHt,1Fam,2Story,Ex,Ex,Y,426000,426000,0
1322,L-001322,2008-06-28,2008-07-05,1,43.5,3,6,720,0,6627,59,58,1.0,1,0,2.75,0.89,2.18,24800.0,6.07,6,BrkSide,1Fam,1Story,TA,TA,N,72500,72500,0
1427,L-001427,2008-06-30,2008-08-02,0,48.5,7,5,2127,1223,10944,14,14,3.5,2,2,0.64,7.36,0.75,0.0,6.07,6,NoRidge,1Fam,2Story,Gd,Gd,Y,271000,271000,0
711,L-000711,2008-06-30,2008-07-10,1,39.3,3,6,729,270,4130,73,5,1.0,0,0,2.78,0.65,3.11,8500.0,6.07,6,BrkSide,1Fam,1Story,Gd,TA,Y,52000,52000,0
1257,L-001257,2008-07-01,2008-08-17,0,49.6,8,5,1987,1986,14303,14,14,3.0,2,1,0.65,5.82,0.68,0.0,6.02,7,NoRidge,1Fam,1Story,Gd,Gd,Y,301500,301500,0
559,L-000559,2008-07-03,2008-08-01,1,30.6,7,5,1446,729,21872,12,11,3.0,2,1,3.26,1.6,3.61,76700.0,6.02,7,Gilbert,1Fam,2Story,TA,TA,Y,175000,175000,0
23,L-000023,2008-07-03,2008-09-11,0,29.9,8,5,1795,1777,9742,6,6,2.0,2,1,2.76,3.24,2.07,0.0,6.02,7,CollgCr,1Fam,1Story,Gd,Gd,Y,230000,230000,0
657,L-000657,2008-07-04,2008-08-08,1,34.3,5,7,1053,1053,10007,49,2,2.5,1,0,3.09,1.4,2.06,28200.0,6.02,7,NAmes,1Fam,1Story,Gd,Gd,Y,145500,145500,0
403,L-000403,2008-07-06,2008-08-08,1,40.3,5,8,672,672,10200,68,11,1.0,1,0,0.94,3.01,3.92,15600.0,6.02,7,Sawyer,1Fam,1Story,TA,TA,Y,108000,108000,0
922,L-000922,2008-07-07,2008-09-02,1,39.9,5,7,2200,1272,8777,108,5,5.0,0,0,1.42,6.92,1.68,99400.0,6.02,7,Edwards,Duplex,1.5Fin,TA,TA,Y,145900,145900,0
1441,L-001441,2008-07-08,2008-09-15,1,35.9,6,7,2555,588,11526,86,14,2.0,2,1,2.57,0.98,4.32,87000.0,6.02,7,Crawfor,1Fam,2.5Fin,TA,TA,Y,191000,191000,0
44,L-000044,2008-07-09,2008-07-23,1,29.9,5,6,938,938,9200,33,28,2.0,1,0,2.65,2.79,2.75,28900.0,6.02,7,CollgCr,1Fam,1Story,TA,TA,Y,130250,130250,0
521,L-000521,2008-07-09,2008-08-07,1,58.0,4,7,1294,0,10800,108,8,2.0,0,0,0.45,3.57,0.43,43100.0,6.02,7,OldTown,2fmCon,2Story,TA,TA,N,106250,106250,0
1038,L-001038,2008-07-10,2008-09-16,1,26.4,8,5,2263,1055,9240,7,6,2.5,2,1,3.45,3.49,2.68,39900.0,6.02,7,CollgCr,1Fam,2Story,Gd,Gd,Y,287000,287000,0
759,L-000759,2008-07-14,2008-08-12,0,37.0,7,5,1501,744,2280,9,9,2.5,2,0,2.17,2.88,2.09,0.0,6.02,7,Somerst,Twnhs,2Story,TA,TA,Y,179400,179400,0
236,L-000236,2008-07-18,2008-08-23,0,41.3,6,3,987,483,1680,37,37,1.5,1,0,1.94,3.5,1.07,0.0,6.02,7,BrDale,TwnhsE,2Story,TA,TA,Y,89500,89500,0
719,L-000719,2008-07-20,2008-08-09,1,52.7,7,5,2418,1311,10542,15,14,3.5,3,1,0.47,6.16,0.74,115800.0,6.02,7,NoRidge,1Fam,2Story,Gd,Gd,Y,341000,341000,0
442,L-000442,2008-07-21,2008-09-08,0,35.1,4,4,1440,1440,12108,53,53,2.0,0,0,1.76,4.02,1.49,0.0,6.02,7,Edwards,Duplex,1Story,TA,Fa,N,118000,118000,0
1222,L-001222,2008-07-21,2008-08-17,0,48.1,5,5,1211,952,8250,40,40,1.0,1,1,0.84,2.96,2.72,0.0,6.02,7,Sawyer,1Fam,1Story,TA,TA,Y,134000,134000,0
1062,L-001062,2008-07-22,2008-08-05,1,40.2,3,4,894,894,18000,73,58,1.0,3,0,1.33,7.6,0.96,33700.0,6.02,7,IDOTRR,1Fam,1Story,Fa,TA,Y,81000,81000,0
1372,L-001372,2008-07-22,2008-10-20,1,32.4,6,6,1661,992,9600,53,12,2.0,1,1,2.59,2.26,2.2,80400.0,6.02,7,NAmes,1Fam,SLvl,TA,Gd,Y,165500,165500,0
590,L-000590,2008-07-22,2008-08-17,1,48.7,5,6,935,742,9100,78,48,1.0,1,0,2.9,0.71,2.74,31900.0,6.02,7,BrkSide,1Fam,1Story,TA,TA,Y,79500,79500,0
1230,L-001230,2008-07-22,2008-08-20,0,32.8,5,5,1507,1075,7910,48,48,2.0,1,0,3.38,1.5,2.12,0.0,6.02,7,NAmes,1Fam,SLvl,TA,TA,Y,127000,127000,0
3,L-000003,2008-07-23,2008-09-23,1,34.1,7,5,1786,920,11250,7,6,3.5,2,1,2.16,2.7,1.78,91200.0,6.02,7,CollgCr,1Fam,2Story,Gd,Gd,Y,223500,223500,0
789,L-000789,2008-07-23,2008-08-07,1,60.0,4,7,901,901,6000,54,8,1.0,1,0,0.57,4.47,0.36,12400.0,6.02,7,OldTown,1Fam,1Story,TA,TA,Y,107900,107900,0
954,L-000954,2008-07-25,2008-09-06,0,29.8,5,4,1968,784,11075,39,39,3.0,2,1,2.72,5.8,1.23,0.0,6.02,7,Mitchel,1Fam,2Story,TA,TA,Y,172000,172000,0
986,L-000986,2008-07-25,2008-08-24,0,35.3,5,5,1164,1164,10880,58,58,2.0,1,0,1.63,4.36,1.6,0.0,6.02,7,Edwards,2fmCon,1Story,TA,TA,N,125000,125000,0
336,L-000336,2008-07-27,2008-08-19,0,29.0,5,6,1786,1499,164660,43,43,4.0,2,2,2.33,2.82,5.41,0.0,6.02,7,Timber,2fmCon,1.5Fin,TA,TA,Y,228950,228950,0
190,L-000190,2008-07-27,2008-08-17,1,44.9,8,5,1593,1593,4923,7,6,2.5,2,1,0.75,6.53,1.15,54500.0,6.02,7,StoneBr,TwnhsE,1Story,Gd,Ex,Y,286000,286000,0
1350,L-001350,2008-07-28,2008-12-25,1,63.2,8,5,2358,684,5250,136,21,2.0,0,0,0.42,3.79,0.46,162900.0,6.02,7,OldTown,1Fam,2Story,TA,TA,N,122000,122000,0
655,L-000655,2008-07-29,2008-08-27,0,53.8,8,6,2113,2109,10437,13,13,3.5,3,1,0.45,6.92,0.59,0.0,6.02,7,NoRidge,1Fam,1Story,Gd,Gd,Y,350000,350000,0
531,L-000531,2008-07-30,2008-08-25,1,29.0,6,5,1509,1461,10200,20,19,3.0,2,1,2.41,2.71,5.07,87800.0,6.02,7,Timber,1Fam,SLvl,Gd,Gd,Y,175000,175000,0
1419,L-001419,2008-07-31,2008-08-25,0,32.7,5,5,1144,1144,9204,45,45,2.5,1,0,2.61,1.97,2.5,0.0,6.02,7,NAmes,1Fam,1Story,TA,TA,Y,124000,124000,0
605,L-000605,2008-08-01,2008-09-03,0,31.9,7,5,1494,1494,12803,6,6,3.0,2,1,2.88,2.13,2.13,0.0,5.81,8,CollgCr,1Fam,1Story,Gd,Gd,Y,221000,221000,0
1011,L-001011,2008-08-04,2008-08-26,1,39.9,5,5,1271,720,21286,60,58,2.0,1,1,0.92,3.24,4.29,52600.0,5.81,8,Sawyer,1Fam,1.5Fin,TA,TA,Y,135000,135000,0
835,L-000835,2008-08-06,2008-09-05,0,29.3,5,6,1144,1144,7875,47,47,2.0,2,0,3.48,2.25,2.37,0.0,5.81,8,NAmes,1Fam,1Story,TA,TA,Y,139950,139950,0
13,L-000013,2008-08-07,2008-09-01,0,46.3,5,6,912,912,12968,46,46,2.0,1,0,0.7,2.16,3.56,0.0,5.81,8,Sawyer,1Fam,1Story,TA,TA,Y,144000,144000,0
591,L-000591,2008-08-08,2008-09-16,0,30.0,7,5,1582,770,8320,4,4,2.5,2,0,2.79,2.8,2.36,0.0,5.81,8,CollgCr,1Fam,2Story,Gd,Gd,Y,185900,185900,0
849,L-000849,2008-08-10,2008-09-10,1,28.5,6,8,2358,907,45600,100,11,3.0,2,1,3.51,2.4,2.57,95800.0,5.81,8,ClearCr,1Fam,1.5Fin,TA,TA,Y,240000,240000,0
668,L-000668,2008-08-15,2008-10-14,1,34.9,6,5,1679,1408,8125,14,10,3.0,2,1,1.91,1.68,4.62,35400.0,5.81,8,SawyerW,1Fam,1Story,TA,Gd,Y,193500,193500,0
1157,L-001157,2008-08-16,2008-10-04,1,32.9,5,8,1265,1219,9350,43,9,2.5,2,1,2.64,1.71,2.95,43500.0,5.81,8,NAmes,1Fam,SLvl,TA,Gd,Y,179900,179900,0
432,L-000432,2008-08-18,2008-09-17,1,64.4,6,7,1198,901,5586,88,10,1.0,0,0,0.68,2.95,0.42,28000.0,5.81,8,OldTown,1Fam,1.5Fin,TA,TA,Y,79900,79900,0
935,L-000935,2008-08-19,2008-11-08,1,49.1,7,7,2069,585,27650,48,1,3.0,2,1,1.45,2.58,1.74,104000.0,5.81,8,NAmes,1Fam,1Story,TA,Gd,Y,242000,242000,0
896,L-000896,2008-08-20,2008-10-12,0,34.2,6,5,1796,780,7056,45,45,2.5,2,1,2.38,1.93,2.22,0.0,5.81,8,NAmes,1Fam,2Story,TA,TA,Y,140000,140000,0
166,L-000166,2008-08-23,2008-09-19,1,35.8,5,7,1355,644,10106,68,9,3.0,0,0,1.77,3.93,1.32,39000.0,5.81,8,Edwards,2fmCon,1.5Fin,TA,TA,Y,127500,127500,0
1209,L-001209,2008-08-25,2008-10-05,1,29.1,5,7,1283,931,7763,46,28,2.0,2,0,3.6,2.02,2.76,35500.0,5.81,8,NAmes,1Fam,1Story,TA,TA,Y,140000,140000,0
1426,L-001426,2008-08-27,2008-10-04,0,33.3,6,6,1252,1252,10721,49,49,1.0,2,0,2.6,2.32,1.72,0.0,5.81,8,NAmes,1Fam,1Story,Gd,Gd,Y,142000,142000,0
228,L-000228,2008-08-30,2008-09-23,0,40.3,6,6,987,483,1869,38,38,1.5,1,0,2.56,3.42,0.74,0.0,5.81,8,BrDale,Twnhs,2Story,TA,TA,Y,106000,106000,0
1182,L-001182,2008-08-31,2008-11-05,0,41.0,8,5,1652,1600,5587,0,0,3.5,2,1,1.77,1.64,4.58,0.0,5.81,8,Crawfor,TwnhsE,1Story,Ex,Gd,Y,392500,392500,0
509,L-000509,2008-09-08,2008-10-05,1,56.2,7,9,1378,689,9600,80,3,2.0,2,1,0.72,4.25,0.49,69100.0,5.7,9,OldTown,1Fam,2Story,TA,Gd,Y,161000,161000,0
1229,L-001229,2008-09-08,2008-10-11,0,32.1,9,5,1702,1702,8769,0,0,2.5,3,1,1.76,3.61,3.44,0.0,5.7,9,NridgHt,TwnhsE,1Story,Ex,Ex,Y,367294,367294,0
421,L-000421,2008-09-08,2008-11-17,1,38.9,7,5,1344,1344,7060,11,10,4.0,4,0,2.47,5.13,0.72,42700.0,5.7,9,Mitchel,Duplex,SFoyer,TA,TA,Y,206300,206300,0
83,L-000083,2008-09-09,2008-10-21,0,37.7,8,5,1563,1563,10206,1,1,2.0,3,1,1.63,2.39,1.91,0.0,5.7,9,Somerst,1Fam,1Story,TA,Gd,Y,245000,245000,0
795,L-000795,2008-09-12,2008-10-18,1,29.2,7,5,1895,712,10832,14,12,2.5,2,1,3.96,1.55,3.59,45600.0,5.7,9,Gilbert,1Fam,2Story,Gd,Gd,Y,194500,194500,0
576,L-000576,2008-09-12,2008-10-17,1,33.6,5,5,1216,832,8480,61,58,1.0,1,0,2.23,2.28,2.33,47600.0,5.7,9,NAmes,1Fam,1.5Fin,TA,TA,Y,118500,118500,0
873,L-000873,2008-09-12,2008-10-08,1,31.1,5,7,910,105,8892,55,12,1.0,2,0,2.74,2.69,2.05,32600.0,5.7,9,NAmes,1Fam,1Story,Gd,Gd,Y,116000,116000,0
621,L-000621,2008-09-14,2008-09-26,1,35.6,3,3,864,864,8248,94,58,2.0,0,0,1.86,3.77,1.27,19400.0,5.7,9,Edwards,1Fam,1Story,TA,TA,N,67000,67000,0
803,L-000803,2008-09-14,2008-10-20,0,26.7,7,5,1456,728,8199,3,3,3.5,2,1,3.66,2.72,3.06,0.0,5.7,9,CollgCr,1Fam,2Story,Gd,Gd,Y,189000,189000,0
551,L-000551,2008-09-14,2008-10-10,0,30.4,6,6,1069,1069,4043,31,31,2.0,2,0,2.52,3.18,2.33,0.0,5.7,9,NPkVill,TwnhsE,1Story,TA,TA,Y,140000,140000,0
1177,L-001177,2008-09-15,2008-10-09,1,28.4,5,5,923,876,6951,24,23,2.0,1,0,3.63,6.46,0.89,30500.0,5.7,9,Mitchel,1Fam,1Story,TA,TA,Y,119500,119500,0
713,L-000713,2008-09-16,2008-10-13,1,43.3,8,5,1228,1228,4671,20,19,3.0,2,1,0.85,6.68,1.14,64400.0,5.7,9,StoneBr,TwnhsE,1Story,Gd,Gd,Y,189000,189000,0
571,L-000571,2008-09-18,2008-11-01,0,30.4,5,5,1728,1728,13101,43,43,2.0,2,0,3.51,2.18,1.9,0.0,5.7,9,NAmes,Duplex,1Story,TA,TA,Y,142600,142600,0
1172,L-001172,2008-09-20,2008-11-01,0,30.7,6,6,1261,1261,9120,50,50,2.0,2,1,3.02,2.54,1.95,0.0,5.7,9,NAmes,1Fam,1Story,TA,TA,Y,163000,163000,0
1410,L-001410,2008-09-20,2008-11-13,1,22.4,7,6,2093,791,20544,22,17,2.5,2,1,4.09,4.2,4.19,65900.0,5.7,9,NWAmes,1Fam,2Story,TA,TA,Y,215000,215000,0
349,L-000349,2008-09-22,2008-10-16,1,32.2,7,5,1626,764,2448,5,4,3.5,2,0,1.79,4.15,2.65,68700.0,5.7,9,NridgHt,Twnhs,2Story,Gd,Gd,Y,154000,154000,0
1357,L-001357,2008-09-24,2008-10-27,0,31.1,5,5,892,864,9477,42,42,1.0,1,0,4.34,1.56,1.87,0.0,5.7,9,NAmes,1Fam,1Story,TA,TA,Y,110000,110000,0
745,L-000745,2008-09-25,2008-10-21,0,46.7,8,5,1337,1337,5395,15,15,3.0,2,1,0.79,5.0,0.86,0.0,5.7,9,StoneBr,TwnhsE,1Story,Gd,Gd,Y,180000,180000,0
857,L-000857,2008-09-26,2008-10-09,0,27.9,6,6,1026,940,10970,30,30,2.0,2,0,3.2,3.58,2.1,0.0,5.7,9,CollgCr,1Fam,SLvl,TA,TA,Y,147000,147000,0
1081,L-001081,2008-09-27,2008-10-21,1,21.6,6,7,1258,1258,11040,37,4,2.5,2,0,5.18,4.18,3.26,24900.0,5.7,9,NWAmes,1Fam,1Story,Gd,Gd,Y,145000,145000,0
1162,L-001162,2008-09-27,2008-11-09,1,44.5,6,7,1640,1296,14778,54,2,2.0,2,1,1.93,1.78,4.45,55300.0,5.7,9,Crawfor,1Fam,1Story,Gd,Gd,Y,224000,224000,0
580,L-000580,2008-09-29,2008-11-18,0,59.2,5,5,1795,1050,12150,54,54,2.0,1,0,0.44,7.63,0.54,0.0,5.7,9,OldTown,1Fam,1.5Fin,TA,TA,N,131500,131500,0
1328,L-001328,2008-10-03,2008-10-20,1,31.0,5,9,816,816,6600,26,0,1.5,1,1,3.1,5.92,0.75,26900.0,5.57,10,Mitchel,1Fam,1Story,Gd,Gd,Y,130500,130500,0
1235,L-001235,2008-10-04,2008-11-16,1,43.7,5,6,1964,940,8525,97,58,1.5,0,0,3.38,0.71,3.24,53400.0,5.57,10,SWISU,1Fam,2Story,TA,TA,N,130000,130000,0
1119,L-001119,2008-10-05,2008-12-15,1,43.2,5,6,1601,533,13825,50,21,1.5,1,0,0.82,2.5,3.82,73600.0,5.57,10,Sawyer,1Fam,SLvl,TA,TA,Y,140000,140000,0
528,L-000528,2008-10-05,2008-11-13,0,31.1,9,5,2713,1452,14948,0,0,3.5,3,1,1.74,5.26,2.96,0.0,5.57,10,NridgHt,1Fam,2Story,Ex,Ex,Y,446261,446261,0
1297,L-001297,2008-10-05,2008-12-20,0,30.9,5,6,1128,1120,8700,45,45,3.0,2,0,3.13,2.67,1.62,0.0,5.57,10,NAmes,1Fam,1Story,TA,TA,Y,155000,155000,0
683,L-000683,2008-10-07,2008-11-02,1,22.1,6,5,1291,1291,2887,12,11,2.0,2,1,6.48,2.71,3.59,30500.0,5.57,10,ClearCr,1Fam,1Story,TA,Gd,Y,173000,173000,0
1438,L-001438,2008-10-07,2008-11-21,0,31.1,8,5,1932,1932,12444,0,0,3.0,3,1,2.11,4.42,2.08,0.0,5.57,10,NridgHt,1Fam,1Story,Ex,Ex,Y,394617,394617,0
1337,L-001337,2008-10-07,2008-11-10,0,30.1,5,5,1656,1656,9246,35,35,2.0,2,0,4.2,3.14,2.84,0.0,5.57,10,NWAmes,Duplex,1Story,TA,TA,Y,135000,135000,0
253,L-000253,2008-10-08,2008-12-02,0,33.7,6,5,1640,798,8366,4,4,2.5,2,0,2.04,2.01,3.62,0.0,5.57,10,SawyerW,1Fam,2Story,Gd,Gd,Y,173000,173000,0
838,L-000838,2008-10-12,2008-11-13,0,41.8,6,5,987,483,1680,35,35,2.5,1,0,2.09,4.74,0.62,0.0,5.57,10,BrDale,Twnhs,2Story,TA,TA,Y,100000,100000,0
175,L-000175,2008-10-12,2008-11-06,0,30.7,6,5,1651,1606,12416,22,22,3.0,2,1,2.1,3.21,3.55,0.0,5.57,10,Timber,1Fam,1Story,TA,TA,Y,184000,184000,0
415,L-000415,2008-10-14,2008-12-09,0,36.1,7,5,2097,1080,11228,15,15,3.0,3,1,1.7,1.68,4.94,0.0,5.57,10,SawyerW,1Fam,2Story,Gd,Gd,Y,228000,228000,0
401,L-000401,2008-10-14,2008-12-14,0,38.6,8,5,1288,1260,14963,12,12,2.5,2,2,3.77,0.45,3.51,0.0,5.57,10,Veenker,TwnhsE,1Story,Gd,Ex,Y,245500,245500,0
139,L-000139,2008-10-23,2008-12-24,1,29.8,8,5,1852,1004,9066,9,8,2.5,3,2,2.61,3.49,2.19,85600.0,5.57,10,CollgCr,1Fam,2Story,Gd,Gd,Y,230000,230000,0
974,L-000974,2008-10-24,2008-12-01,1,40.7,7,5,1428,1428,11639,1,0,2.0,2,0,1.76,2.51,1.85,60400.0,5.57,10,Somerst,1Fam,1Story,Gd,Gd,Y,182000,182000,0
368,L-000368,2008-10-28,2008-12-19,0,32.4,6,5,1431,1099,9150,46,46,1.5,1,1,2.88,1.96,2.14,0.0,5.57,10,NAmes,1Fam,SLvl,TA,TA,Y,165000,165000,0
718,L-000718,2008-10-29,2008-11-19,1,24.2,5,6,1178,1176,10000,35,8,2.0,2,1,3.26,5.29,3.28,39000.0,5.57,10,NWAmes,1Fam,1Story,TA,Gd,Y,157000,157000,0
293,L-000293,2008-10-29,2009-01-08,1,35.6,5,4,1716,768,11409,60,1,1.5,1,1,1.53,5.35,1.46,79200.0,5.57,10,Edwards,1Fam,1.5Fin,TA,TA,Y,131000,131000,0
725,L-000725,2008-11-02,2009-02-10,1,32.3,9,5,1698,1698,13286,2,1,3.0,3,1,1.95,6.35,1.43,81200.0,5.52,11,Edwards,1Fam,1Story,Ex,Ex,Y,320000,320000,0
65,L-000065,2008-11-03,2009-02-11,1,29.7,7,5,2034,1057,9375,12,11,3.5,2,0,3.0,2.74,2.26,66300.0,5.52,11,CollgCr,1Fam,2Story,TA,Gd,Y,219500,219500,0
1228,L-001228,2008-11-09,2008-12-02,1,33.9,5,8,912,912,8872,43,0,2.0,2,0,3.12,1.67,1.67,26200.0,5.52,11,NAmes,1Fam,1Story,TA,Gd,Y,147000,147000,0
1006,L-001006,2008-11-10,2008-11-24,0,30.7,5,8,985,985,8385,31,31,2.0,1,0,2.44,2.78,2.8,0.0,5.52,11,CollgCr,1Fam,SLvl,Gd,TA,Y,149900,149900,0
338,L-000338,2008-11-10,2008-12-01,1,30.9,7,5,1536,1536,9135,6,5,3.0,2,0,3.11,2.48,1.81,47200.0,5.52,11,CollgCr,1Fam,1Story,Gd,Gd,Y,214000,214000,0
5,L-000005,2008-11-10,2008-12-18,0,48.7,8,5,2198,1145,14260,8,8,3.5,3,1,0.57,7.93,0.91,0.0,5.52,11,NoRidge,1Fam,2Story,Gd,Gd,Y,250000,250000,0
710,L-000710,2008-11-12,2008-12-26,0,41.3,5,7,904,876,7162,42,42,1.0,1,0,0.93,2.77,3.51,0.0,5.52,11,Sawyer,1Fam,1Story,TA,TA,Y,109900,109900,0
438,L-000438,2008-11-18,2009-01-06,1,44.2,6,7,904,884,6000,83,5,1.0,1,0,2.78,0.76,2.37,40700.0,5.52,11,BrkSide,1Fam,1.5Unf,Gd,TA,Y,119000,119000,0
1443,L-001443,2008-11-23,2009-04-05,0,40.1,10,5,2007,1017,11003,1,1,3.5,3,1,1.68,2.96,1.93,0.0,5.52,11,Somerst,1Fam,2Story,Ex,Ex,Y,310000,310000,0
260,L-000260,2008-11-26,2008-12-25,0,58.1,5,5,882,0,12702,52,52,1.0,1,0,0.56,5.0,0.53,0.0,5.52,11,OldTown,1Fam,1Story,TA,TA,Y,97000,97000,0
125,L-000125,2008-12-06,2009-01-18,1,21.1,6,5,1586,1362,17043,30,11,2.0,2,1,5.42,3.92,3.74,58200.0,5.43,12,NWAmes,1Fam,1Story,TA,TA,Y,181000,181000,0
1317,L-001317,2008-12-08,2009-01-27,0,29.4,8,5,1630,1622,10226,1,1,3.0,3,1,2.51,2.68,4.02,0.0,5.43,12,CollgCr,1Fam,1Story,Gd,Ex,Y,295493,295493,0
637,L-000637,2008-12-10,2009-01-02,1,46.5,2,3,800,264,6120,73,59,1.0,0,1,2.28,0.71,2.48,17800.0,5.43,12,BrkSide,1Fam,1Story,Fa,Fa,N,60000,60000,0
730,L-000730,2008-12-10,2009-01-07,1,43.7,4,5,1208,780,6240,84,59,1.0,2,0,1.3,3.88,1.55,35300.0,5.43,12,IDOTRR,1Fam,1.5Fin,TA,TA,Y,103000,103000,0
945,L-000945,2008-12-15,2009-01-06,0,27.8,6,6,1344,819,14375,51,51,1.5,2,1,3.72,1.76,5.07,0.0,5.43,12,Timber,1Fam,SLvl,TA,Gd,Y,137500,137500,0
200,L-000200,2008-12-18,2009-01-18,1,32.8,8,5,1713,1713,9591,5,4,3.0,3,1,1.92,3.57,2.29,96600.0,5.43,12,NridgHt,1Fam,1Story,Gd,Ex,Y,274900,274900,0
1058,L-001058,2008-12-19,2009-01-14,0,48.3,7,6,1850,973,29959,15,15,2.5,2,1,0.56,7.04,1.11,0.0,5.43,12,NoRidge,1Fam,2Story,Gd,Gd,Y,248000,248000,0
834,L-000834,2008-12-19,2009-02-08,0,32.1,6,6,1516,1516,10004,45,45,1.5,2,0,2.91,2.19,1.91,0.0,5.43,12,NAmes,1Fam,1Story,TA,TA,Y,167000,167000,0
1292,L-001292,2008-12-20,2009-02-10,0,45.0,5,7,1302,630,1680,37,37,2.5,1,0,1.77,3.28,0.67,0.0,5.43,12,BrDale,Twnhs,2Story,TA,TA,Y,119500,119500,0
1202,L-001202,2008-12-23,2009-03-03,0,30.5,7,5,1779,866,10400,11,11,2.5,2,0,3.27,2.41,1.86,0.0,5.43,12,CollgCr,1Fam,2Story,TA,Gd,Y,197900,197900,0
1032,L-001032,2008-12-25,2009-08-18,1,38.4,7,3,3082,824,15863,89,39,3.5,2,2,3.75,0.65,1.98,80100.0,5.43,12,SWISU,1Fam,2.5Fin,TA,TA,Y,197000,197000,0
671,L-000671,2008-12-26,2009-02-07,0,26.6,6,5,1476,738,8633,4,4,3.5,2,0,3.64,3.16,2.54,0.0,5.43,12,CollgCr,1Fam,2Story,Gd,Gd,Y,173500,173500,0
890,L-000890,2008-12-28,2009-02-05,0,37.0,6,4,1505,1505,12160,56,56,2.0,2,1,2.55,2.47,2.19,0.0,5.43,12,NAmes,1Fam,1Story,TA,TA,Y,149500,149500,0
1036,L-001036,2008-12-28,2009-01-25,0,35.2,4,3,845,0,11500,52,52,1.0,1,0,1.38,8.13,1.53,0.0,5.43,12,Edwards,1Fam,1Story,TA,TA,N,84000,84000,0
1009,L-001009,2008-12-30,2009-04-27,1,30.8,7,5,1710,1710,12118,5,4,2.0,2,1,2.62,6.3,1.03,77400.0,5.43,12,Mitchel,1Fam,1Story,Gd,Gd,Y,240000,240000,0
998,L-000998,2009-01-01,2009-02-05,0,36.8,6,6,1442,1442,11717,39,39,2.0,2,1,3.14,3.51,2.96,0.0,5.27,1,NWAmes,1Fam,1Story,TA,TA,Y,185000,185000,0
938,L-000938,2009-01-04,2009-02-09,0,36.6,7,5,1971,1113,9675,4,4,2.5,2,1,1.58,3.2,1.81,0.0,5.27,1,Somerst,1Fam,2Story,Gd,Gd,Y,253000,253000,0
1100,L-001100,2009-01-04,2009-04-14,0,23.2,7,5,1601,1271,11880,31,31,2.0,2,1,4.48,4.07,2.89,0.0,5.27,1,NWAmes,1Fam,1Story,TA,TA,Y,157000,157000,0
541,L-000541,2009-01-09,2009-03-16,0,32.4,9,5,1838,1838,14601,3,3,3.0,3,1,2.19,2.14,3.77,0.0,5.27,1,Timber,1Fam,1Story,Ex,Ex,Y,315000,315000,0
740,L-000740,2009-01-11,2009-04-13,0,27.8,7,5,1728,864,9313,5,5,2.5,2,0,2.7,3.85,2.92,0.0,5.27,1,CollgCr,1Fam,2Story,Gd,Gd,Y,190000,190000,0
734,L-000734,2009-01-13,2009-03-24,1,48.5,5,6,1144,864,10000,48,26,2.0,1,1,0.86,2.25,3.54,36400.0,5.27,1,Sawyer,1Fam,1Story,TA,TA,Y,131400,131400,0
1101,L-001101,2009-01-14,2009-01-25,1,38.3,2,5,438,290,8400,89,59,1.0,1,0,3.47,0.54,3.33,11100.0,5.27,1,SWISU,1Fam,1Story,TA,Fa,N,60000,60000,0
436,L-000436,2009-01-22,2009-04-20,0,42.3,7,6,1661,799,10667,13,13,3.5,2,1,2.49,2.27,2.46,0.0,5.27,1,CollgCr,1Fam,2Story,Gd,Gd,Y,212000,212000,0
728,L-000728,2009-01-22,2009-02-06,0,27.5,7,5,1232,1232,7314,2,2,3.0,2,0,3.8,2.44,2.73,0.0,5.27,1,CollgCr,1Fam,1Story,Gd,Gd,Y,194500,194500,0
822,L-000822,2009-01-22,2009-02-04,0,59.5,4,4,936,936,6000,56,56,1.0,2,0,0.55,5.05,0.4,0.0,5.27,1,OldTown,2fmCon,1Story,Fa,TA,N,93000,93000,0
1088,L-001088,2009-01-31,2009-05-11,1,34.8,8,5,1953,1082,10574,4,3,2.5,3,1,2.27,3.7,2.26,104500.0,5.27,1,Somerst,1Fam,2Story,Gd,Gd,Y,252000,252000,0
1281,L-001281,2009-01-31,2009-03-23,0,26.5,7,5,1573,1573,9808,7,7,3.0,2,0,3.94,2.49,3.15,0.0,5.27,1,CollgCr,1Fam,1Story,Gd,Gd,Y,227000,227000,0
1110,L-001110,2009-01-31,2009-03-05,1,30.7,8,5,1836,1836,11362,5,4,3.0,3,1,2.01,4.46,2.6,77700.0,5.27,1,NridgHt,1Fam,1Story,Gd,Gd,Y,280000,280000,0
1139,L-001139,2009-02-04,2009-05-05,0,32.1,6,5,1567,1567,9819,32,32,3.0,2,2,3.01,5.89,0.63,0.0,5.13,2,Mitchel,1Fam,1Story,TA,Gd,Y,196000,196000,0
430,L-000430,2009-02-06,2009-03-17,0,29.0,6,5,1412,1392,11457,21,21,3.0,2,1,2.79,2.35,4.14,0.0,5.13,2,Timber,1Fam,1Story,TA,Gd,Y,175000,175000,0
274,L-000274,2009-02-06,2009-04-18,1,36.8,6,6,1632,1240,9600,51,21,3.0,1,1,3.14,2.85,1.24,67600.0,5.13,2,NAmes,1Fam,1Story,TA,TA,Y,139000,139000,0
1203,L-001203,2009-02-07,2009-05-23,1,47.8,5,8,1348,884,6000,84,12,2.0,1,1,2.41,0.58,2.24,53000.0,5.13,2,BrkSide,1Fam,1.5Fin,TA,TA,Y,117000,117000,0
1392,L-001392,2009-02-08,2009-04-12,0,36.6,5,5,1584,1584,8944,42,42,2.0,3,0,1.83,1.89,2.61,0.0,5.13,2,NAmes,Duplex,1Story,TA,TA,Y,124000,124000,0
1408,L-001408,2009-02-09,2009-03-09,0,29.8,5,5,833,833,8780,24,24,2.0,0,0,3.55,7.72,0.62,0.0,5.13,2,Mitchel,1Fam,1Story,TA,TA,Y,112000,112000,0
1344,L-001344,2009-02-09,2009-03-25,1,36.3,6,6,1913,896,7558,81,59,1.5,2,1,1.88,1.36,5.18,27900.0,5.13,2,Crawfor,1Fam,1.5Fin,TA,TA,Y,177000,177000,0
676,L-000676,2009-02-09,2009-04-12,0,32.9,6,6,1441,855,2289,31,31,2.5,2,1,1.83,3.31,2.76,0.0,5.13,2,NPkVill,Twnhs,2Story,TA,TA,Y,148500,148500,0
87,L-000087,2009-02-10,2009-03-02,0,32.4,6,5,1560,684,11911,4,4,2.5,2,1,3.1,1.42,3.15,0.0,5.13,2,Gilbert,1Fam,2Story,Gd,Gd,Y,174000,174000,0
858,L-000858,2009-02-10,2009-03-12,1,32.4,6,5,1481,702,8125,15,14,2.5,2,1,3.84,1.3,2.3,55200.0,5.13,2,Gilbert,1Fam,2Story,TA,TA,Y,174000,174000,0
224,L-000224,2009-02-11,2009-03-04,0,30.7,4,6,864,864,10500,38,38,1.0,2,0,3.2,1.86,2.75,0.0,5.13,2,NAmes,1Fam,1Story,TA,TA,Y,97000,97000,0
441,L-000441,2009-02-14,2009-04-19,0,33.1,10,5,2402,3094,15431,1,1,3.0,3,2,1.75,3.54,2.75,0.0,5.13,2,NridgHt,1Fam,1Story,Ex,Ex,Y,555000,555000,0
1117,L-001117,2009-02-15,2009-03-15,0,32.3,8,5,1419,408,7750,7,7,3.5,2,1,2.83,1.62,3.2,0.0,5.13,2,Gilbert,1Fam,SLvl,Gd,Gd,Y,184100,184100,0
964,L-000964,2009-02-16,2009-05-20,0,27.6,9,5,1800,1800,11923,2,2,2.0,2,0,3.28,2.66,3.25,0.0,5.13,2,CollgCr,1Fam,1Story,Gd,Ex,Y,239000,239000,0
660,L-000660,2009-02-17,2009-03-21,1,31.4,5,7,1486,1486,9937,45,10,2.0,2,0,2.13,4.86,1.72,39400.0,5.13,2,Edwards,1Fam,1Story,TA,TA,Y,167000,167000,0
244,L-000244,2009-02-18,2009-04-04,0,35.7,6,6,1217,626,10762,29,29,1.5,1,1,1.66,2.19,3.47,0.0,5.13,2,SawyerW,TwnhsE,2Story,TA,TA,Y,120000,120000,0
1336,L-001336,2009-02-19,2009-04-04,0,25.4,6,5,1334,1350,9650,32,32,2.5,2,1,4.18,2.57,3.62,0.0,5.13,2,NWAmes,1Fam,1Story,TA,TA,Y,167900,167900,0
757,L-000757,2009-02-19,2009-04-03,0,30.3,8,5,1768,866,10769,2,2,2.5,2,0,2.68,2.87,2.35,0.0,5.13,2,CollgCr,1Fam,2Story,Gd,Gd,Y,212000,212000,0
258,L-000258,2009-02-19,2009-03-23,0,29.2,7,5,1604,1604,8814,3,3,3.5,2,1,3.04,2.86,2.28,0.0,5.13,2,CollgCr,1Fam,1Story,Gd,Gd,Y,220000,220000,0
643,L-000643,2009-02-20,2009-07-08,1,38.5,8,7,2704,1952,13860,37,14,3.5,2,3,2.36,1.31,1.61,149300.0,5.13,2,NAmes,1Fam,SLvl,Gd,Ex,Y,345000,345000,0
739,L-000739,2009-02-21,2009-03-25,1,36.3,5,5,1200,1200,10800,22,21,6.0,0,0,1.62,4.31,1.33,26900.0,5.13,2,Edwards,Duplex,1Story,TA,TA,Y,179000,179000,0
1301,L-001301,2009-02-22,2009-05-25,0,28.5,7,5,1983,978,10762,10,10,2.5,2,1,4.22,1.42,4.66,0.0,5.13,2,Gilbert,1Fam,2Story,Gd,Gd,Y,225000,225000,0
319,L-000319,2009-02-23,2009-04-22,0,50.5,7,5,2646,1347,9900,16,16,3.5,3,1,0.53,6.56,0.84,0.0,5.13,2,NoRidge,1Fam,2Story,Gd,Gd,Y,260000,260000,0
748,L-000748,2009-02-24,2009-05-13,1,59.1,7,7,2640,1240,11700,129,6,1.5,4,1,0.59,4.9,0.37,97500.0,5.13,2,OldTown,1Fam,2Story,Gd,Gd,N,265979,265979,0
1407,L-001407,2009-02-24,2009-03-09,1,25.8,5,7,768,768,8445,37,2,2.0,2,0,3.41,3.86,2.79,15600.0,5.13,2,CollgCr,1Fam,SFoyer,TA,TA,Y,133000,133000,0
611,L-000611,2009-02-25,2009-05-24,0,38.5,9,5,2153,1440,11050,9,9,3.5,3,2,3.12,2.39,3.42,0.0,5.13,2,CollgCr,1Fam,2Story,Gd,Ex,Y,313000,313000,0
747,L-000747,2009-02-27,2009-04-16,0,34.7,7,5,2256,952,8795,9,9,2.5,2,1,2.69,1.28,3.04,0.0,5.13,2,Gilbert,1Fam,2Story,Gd,Gd,Y,236000,236000,0
1399,L-001399,2009-03-01,2009-05-06,1,32.1,5,4,1904,1208,7200,59,27,2.5,1,0,3.22,1.7,2.27,77400.0,5.02,3,NAmes,1Fam,1.5Fin,TA,TA,Y,138000,138000,0
756,L-000756,2009-03-01,2009-03-23,0,39.1,6,5,1471,729,3230,10,10,2.5,2,0,1.52,3.59,2.52,0.0,5.02,3,Somerst,TwnhsE,2Story,TA,TA,Y,172500,172500,0
808,L-000808,2009-03-04,2009-05-01,1,37.2,5,6,1576,1324,21384,86,5,3.5,2,1,3.19,0.77,2.79,62300.0,5.02,3,BrkSide,1Fam,2Story,TA,Gd,Y,223500,223500,0
462,L-000462,2009-03-04,2009-04-04,1,42.3,7,9,1135,560,7200,73,2,2.0,2,0,3.76,0.67,2.42,31400.0,5.02,3,SWISU,1Fam,2Story,Gd,Gd,Y,155000,155000,0
878,L-000878,2009-03-04,2009-06-15,1,33.5,9,5,2224,1462,8834,5,4,3.5,3,1,1.52,3.56,3.93,113300.0,5.02,3,NridgHt,1Fam,2Story,Gd,Ex,Y,350000,350000,0
329,L-000329,2009-03-05,2009-07-02,1,51.1,6,6,2134,844,11888,93,15,2.0,2,0,2.53,0.57,3.14,107600.0,5.02,3,BrkSide,1Fam,2.5Unf,TA,Gd,N,214500,214500,0
1072,L-001072,2009-03-05,2009-05-13,0,23.7,6,6,1556,727,11700,41,41,1.5,2,0,3.91,3.87,3.56,0.0,5.02,3,NWAmes,1Fam,2Story,TA,TA,Y,154000,154000,0
376,L-000376,2009-03-06,2009-03-18,1,34.0,1,1,904,683,10020,87,59,1.5,0,0,1.78,6.02,1.29,13300.0,5.02,3,Edwards,1Fam,1Story,Fa,Fa,N,61000,61000,0
695,L-000695,2009-03-07,2009-04-19,1,46.2,5,6,1539,927,6120,73,59,1.5,2,0,2.96,0.63,1.79,39100.0,5.02,3,BrkSide,1Fam,1.5Fin,TA,TA,Y,141500,141500,0
1127,L-001127,2009-03-07,2009-06-02,0,29.2,7,5,1555,1373,3684,2,2,2.0,3,1,3.63,4.97,0.93,0.0,5.02,3,Blmngtn,TwnhsE,1Story,Gd,Gd,Y,174000,174000,0
96,L-000096,2009-03-08,2009-04-16,0,30.4,6,8,1470,680,9765,16,16,2.5,2,1,3.78,1.58,2.8,0.0,5.02,3,Gilbert,1Fam,2Story,Ex,TA,Y,185000,185000,0
309,L-000309,2009-03-10,2009-03-21,1,31.6,4,5,861,861,12342,69,59,1.0,2,0,2.08,7.67,1.24,41000.0,5.02,3,Edwards,1Fam,1Story,TA,TA,Y,82500,82500,0
995,L-000995,2009-03-12,2009-07-08,1,30.6,10,5,1718,1700,12456,3,2,3.0,3,1,2.07,4.06,2.73,83200.0,5.02,3,NridgHt,1Fam,1Story,Ex,Ex,Y,337500,337500,0
750,L-000750,2009-03-13,2009-04-22,1,34.4,4,3,1529,0,8405,64,59,2.0,1,0,1.7,5.42,1.43,62100.0,5.02,3,Edwards,1Fam,1.5Fin,TA,TA,N,98000,98000,0
1416,L-001416,2009-03-14,2009-05-03,0,31.9,7,5,1569,1386,3635,2,2,2.5,3,1,2.28,6.99,1.02,0.0,5.02,3,Blmngtn,TwnhsE,1Story,Gd,Gd,Y,175900,175900,0
483,L-000483,2009-03-14,2009-06-14,1,58.4,7,8,1826,910,2500,94,4,2.5,1,1,0.57,5.75,0.42,64500.0,5.02,3,OldTown,1Fam,2Story,Gd,Ex,Y,155000,155000,0
205,L-000205,2009-03-16,2009-04-04,1,61.1,5,7,1284,720,3500,62,59,1.5,1,0,0.58,2.91,0.45,46100.0,5.02,3,OldTown,1Fam,1.5Fin,TA,TA,Y,110000,110000,0
1286,L-001286,2009-03-16,2009-05-21,1,44.9,6,6,1412,780,6000,70,59,1.0,1,1,2.73,0.56,3.71,40500.0,5.02,3,BrkSide,1Fam,1.5Fin,TA,TA,Y,132500,132500,0
828,L-000828,2009-03-18,2009-04-23,0,37.4,7,5,1434,1454,8529,8,8,2.0,2,1,1.46,1.82,4.9,0.0,5.02,3,SawyerW,1Fam,1Story,Gd,Gd,Y,189000,189000,0
392,L-000392,2009-03-19,2009-06-02,1,33.4,6,5,1961,804,12209,8,7,3.5,2,1,2.68,5.13,0.68,79700.0,5.02,3,Mitchel,1Fam,2Story,TA,Gd,Y,215000,215000,0
261,L-000261,2009-03-19,2009-05-01,0,37.4,6,5,1382,1362,19296,47,47,2.0,2,1,3.04,2.23,1.58,0.0,5.02,3,NAmes,1Fam,SLvl,TA,TA,Y,176000,176000,0
206,L-000206,2009-03-23,2009-05-21,0,31.4,7,5,1442,1424,11851,19,19,2.0,2,0,3.56,1.36,3.24,0.0,5.02,3,Gilbert,1Fam,1Story,TA,TA,Y,180500,180500,0
226,L-000226,2009-03-23,2009-05-17,0,41.6,5,5,1302,630,1680,38,38,2.5,1,0,1.89,3.79,0.99,0.0,5.02,3,BrDale,Twnhs,2Story,TA,TA,Y,112000,112000,0
20,L-000020,2009-03-24,2009-05-17,1,35.0,5,6,1339,1029,7560,51,44,1.0,1,0,2.86,1.14,2.99,53700.0,5.02,3,NAmes,1Fam,1Story,TA,TA,Y,139000,139000,0
199,L-000199,2009-03-24,2009-07-04,1,58.6,6,6,2229,755,5520,97,59,1.0,0,0,0.6,4.54,0.44,66900.0,5.02,3,OldTown,1Fam,2.5Fin,TA,TA,Y,104000,104000,0
953,L-000953,2009-03-25,2009-04-07,1,30.5,5,8,768,768,7200,37,6,1.5,1,0,2.85,2.49,2.4,19100.0,5.02,3,CollgCr,1Fam,SFoyer,TA,TA,Y,133900,133900,0
454,L-000454,2009-03-27,2009-06-08,0,34.8,8,5,1590,768,9000,1,1,2.5,2,0,2.6,2.68,2.48,0.0,5.02,3,Somerst,1Fam,2Story,Gd,Gd,Y,210000,210000,0
364,L-000364,2009-03-27,2009-05-05,1,39.0,6,8,987,483,1680,37,2,1.5,1,0,2.96,3.12,0.81,30800.0,5.02,3,BrDale,Twnhs,2Story,TA,Gd,Y,118000,118000,0
85,L-000085,2009-03-28,2009-05-17,1,25.0,7,5,1474,384,8530,14,13,2.5,2,1,5.21,2.12,3.58,55400.0,5.02,3,Gilbert,1Fam,SLvl,TA,TA,Y,168500,168500,0
1335,L-001335,2009-03-28,2009-05-09,0,44.4,5,6,1365,765,2368,39,39,1.5,2,0,1.75,3.14,0.82,0.0,5.02,3,BrDale,TwnhsE,2Story,TA,TA,Y,125000,125000,0
1005,L-001005,2009-03-29,2009-05-05,1,34.0,7,5,1504,1346,3182,4,3,2.0,2,1,2.48,4.08,0.87,33600.0,5.02,3,Blmngtn,TwnhsE,1Story,Gd,Gd,Y,181000,181000,0
1040,L-001040,2009-03-29,2009-04-17,0,35.4,4,4,630,630,1477,39,39,2.0,1,0,2.94,2.36,2.43,0.0,5.02,3,MeadowV,TwnhsE,SFoyer,TA,TA,Y,80000,80000,0
771,L-000771,2009-03-30,2009-04-27,0,42.9,5,5,858,858,7252,27,27,2.0,2,0,0.85,2.96,2.77,0.0,5.02,3,Sawyer,1Fam,SFoyer,TA,TA,Y,134900,134900,0
283,L-000283,2009-04-01,2009-04-13,1,30.6,7,5,1314,1314,5063,2,1,3.0,2,1,2.02,3.57,3.51,33900.0,5.06,4,NridgHt,Twnhs,1Story,Gd,Gd,Y,207500,207500,0
406,L-000406,2009-04-02,2009-06-06,1,49.0,4,4,1620,1281,9991,33,16,3.0,2,1,0.78,2.77,3.07,28100.0,5.06,4,Sawyer,1Fam,1Story,TA,TA,Y,150000,150000,0
1418,L-001418,2009-04-02,2009-05-20,0,49.9,8,5,2450,1284,16545,11,11,3.5,3,1,0.53,6.3,0.97,0.0,5.06,4,NoRidge,1Fam,2Story,Gd,Gd,Y,340000,340000,0
918,L-000918,2009-04-04,2009-04-27,0,32.6,4,6,1229,1134,17140,53,53,1.0,1,0,1.76,5.33,1.96,0.0,5.06,4,Edwards,1Fam,1Story,TA,TA,Y,135000,135000,0
1452,L-001452,2009-04-05,2009-05-25,1,35.1,8,5,1578,1573,9262,1,0,2.0,3,1,1.74,3.03,2.1,42000.0,5.06,4,Somerst,1Fam,1Story,Gd,Ex,Y,287090,287090,0
957,L-000957,2009-04-05,2009-05-04,0,45.9,6,6,1229,561,1300,29,29,1.5,2,1,1.18,3.85,1.28,0.0,5.06,4,Blueste,TwnhsE,2Story,TA,TA,Y,124000,124000,0
554,L-000554,2009-04-05,2009-05-10,1,44.2,4,5,1126,0,8777,60,6,2.0,2,0,1.11,5.29,1.6,64000.0,5.06,4,Edwards,1Fam,1Story,TA,Gd,Y,108000,108000,0
1039,L-001039,2009-04-06,2009-05-09,1,43.9,4,6,1344,546,1533,39,1,1.5,0,1,1.68,1.57,2.61,22100.0,5.06,4,MeadowV,Twnhs,2Story,TA,TA,Y,97000,97000,0
1444,L-001444,2009-04-07,2009-05-10,1,43.2,6,6,952,952,8854,93,59,1.0,1,1,2.5,0.48,2.54,32400.0,5.06,4,BrkSide,1Fam,1.5Unf,TA,Fa,N,121000,121000,0
81,L-000081,2009-04-08,2009-06-08,0,31.7,6,6,2142,896,13000,41,41,2.5,1,1,2.61,2.14,2.76,0.0,5.06,4,NAmes,1Fam,2Story,TA,Gd,Y,193500,193500,0
633,L-000633,2009-04-08,2009-04-26,0,22.9,7,5,1411,1386,11900,32,32,2.0,2,1,6.65,2.8,2.69,0.0,5.06,4,NWAmes,1Fam,1Story,TA,TA,Y,82500,82500,0
80,L-000080,2009-04-09,2009-05-04,1,62.4,5,6,1230,440,10440,99,28,1.5,2,0,0.5,3.41,0.4,28800.0,5.06,4,OldTown,1Fam,2Story,TA,TA,Y,110000,110000,0
1321,L-001321,2009-04-09,2009-06-19,0,31.5,6,3,1478,1478,8400,52,52,2.5,2,2,3.46,2.0,1.76,0.0,5.06,4,NAmes,1Fam,1Story,TA,TA,Y,156500,156500,0
230,L-000230,2009-04-12,2009-05-12,1,30.6,7,5,1555,1373,3182,4,3,2.0,2,1,2.45,5.51,1.36,43100.0,5.06,4,Blmngtn,TwnhsE,1Story,Gd,Gd,Y,192500,192500,0
320,L-000320,2009-04-13,2009-06-23,0,23.3,7,5,1472,1372,14115,29,29,3.0,2,2,4.11,4.14,3.32,0.0,5.06,4,NWAmes,1Fam,SLvl,TA,TA,Y,187500,187500,0
520,L-000520,2009-04-13,2009-06-09,1,37.4,7,9,2080,1276,10918,83,5,1.5,1,2,1.74,1.21,6.67,69300.0,5.06,4,Crawfor,1Fam,2Story,Gd,Gd,Y,234000,234000,0
1333,L-001333,2009-04-14,2009-05-10,1,33.7,4,6,816,816,8877,71,51,2.0,1,1,1.95,5.0,1.28,15700.0,5.06,4,Edwards,1Fam,1Story,TA,TA,Y,100000,100000,0
187,L-000187,2009-04-15,2009-06-15,1,31.5,7,5,1217,1188,9947,19,18,3.0,2,0,2.62,6.96,0.84,37900.0,5.06,4,Mitchel,1Fam,SLvl,TA,Gd,Y,173000,173000,0
776,L-000776,2009-04-16,2009-06-01,0,34.4,6,5,1204,1204,4500,11,11,3.0,2,0,4.09,5.47,0.67,0.0,5.06,4,Mitchel,TwnhsE,1Story,TA,TA,Y,162000,162000,0
729,L-000729,2009-04-16,2009-07-01,0,32.3,5,5,1776,1584,11475,51,51,3.0,3,0,3.11,1.68,2.35,0.0,5.06,4,NAmes,Duplex,1Story,TA,TA,Y,110000,110000,0
902,L-000902,2009-04-17,2009-05-24,1,33.2,5,7,1306,992,8712,52,9,2.0,1,0,3.23,1.49,2.18,40300.0,5.06,4,NAmes,1Fam,1Story,TA,TA,Y,153000,153000,0
1411,L-001411,2009-04-18,2009-06-09,0,29.4,7,5,1840,944,12420,8,8,3.5,2,0,2.91,2.63,2.76,0.0,5.06,4,CollgCr,1Fam,2Story,Gd,Gd,Y,230000,230000,0
312,L-000312,2009-04-19,2009-05-03,1,31.2,6,6,972,972,8000,61,7,2.0,1,1,3.23,1.94,2.24,34900.0,5.06,4,NAmes,1Fam,1Story,TA,TA,Y,132000,132000,0
980,L-000980,2009-04-19,2009-06-04,0,47.8,5,6,1121,1121,8816,46,46,2.0,2,0,1.01,2.37,2.34,0.0,5.06,4,Sawyer,1Fam,1Story,TA,TA,Y,139000,139000,0
1067,L-001067,2009-04-19,2009-05-22,1,28.3,6,7,1571,799,7837,16,15,2.5,2,1,4.08,1.69,3.63,81700.0,5.06,4,Gilbert,1Fam,2Story,Gd,TA,Y,178000,178000,0
898,L-000898,2009-04-19,2009-06-04,0,39.9,5,5,2240,0,7018,30,30,2.0,2,0,2.04,1.95,2.77,0.0,5.06,4,SawyerW,Duplex,2Story,TA,TA,Y,142953,142953,0
196,L-000196,2009-04-20,2009-07-08,0,33.7,6,6,1456,855,2280,33,33,2.5,2,1,1.86,2.64,3.01,0.0,5.06,4,NPkVill,Twnhs,2Story,TA,TA,Y,148500,148500,0
829,L-000829,2009-04-21,2009-06-02,0,24.2,5,5,2126,1013,28698,42,42,3.0,2,0,4.79,2.91,3.06,0.0,5.06,4,ClearCr,1Fam,2Story,TA,TA,Y,185000,185000,0
543,L-000543,2009-04-22,2009-06-08,1,23.2,7,5,1680,1650,10140,11,10,3.0,2,1,4.6,3.29,3.68,57600.0,5.06,4,NWAmes,1Fam,1Story,Gd,Gd,Y,213250,213250,0
225,L-000225,2009-04-22,2009-06-10,0,31.0,10,5,2392,2392,13472,6,6,2.0,3,1,2.12,4.25,2.22,0.0,5.06,4,NridgHt,1Fam,1Story,Ex,Ex,Y,386250,386250,0
363,L-000363,2009-04-22,2009-07-05,0,35.2,7,5,1922,0,7301,6,6,3.0,2,1,1.59,5.99,1.32,0.0,5.06,4,Edwards,1Fam,SFoyer,Gd,Gd,Y,198500,198500,0
662,L-000662,2009-04-23,2009-07-05,1,50.3,8,7,2448,1629,46589,15,4,3.5,3,1,0.53,7.86,0.78,62700.0,5.06,4,NoRidge,1Fam,2Story,Gd,Gd,Y,402000,402000,0
1017,L-001017,2009-04-23,2009-06-18,0,29.4,7,5,1504,1504,11883,13,13,3.0,2,1,2.89,2.51,3.04,0.0,5.06,4,CollgCr,1Fam,1Story,Gd,Gd,Y,203000,203000,0
592,L-000592,2009-04-24,2009-06-15,0,30.1,10,5,2296,1722,13478,1,1,3.5,3,1,1.89,4.97,3.22,0.0,5.06,4,NridgHt,1Fam,2Story,Ex,Ex,Y,451950,451950,0
1199,L-001199,2009-04-24,2009-06-18,0,30.5,7,5,1212,1212,9100,8,8,2.0,2,0,2.54,2.7,2.79,0.0,5.06,4,CollgCr,1Fam,1Story,Gd,Gd,Y,178000,178000,0
594,L-000594,2009-04-24,2009-05-22,0,34.3,6,5,848,848,4435,6,6,2.0,2,0,3.24,2.39,2.51,0.0,5.06,4,CollgCr,TwnhsE,1Story,Gd,Gd,Y,140000,140000,0
490,L-000490,2009-04-24,2009-05-22,1,39.7,4,8,630,630,1526,39,7,2.0,1,0,1.85,2.37,2.82,20800.0,5.06,4,MeadowV,Twnhs,SFoyer,TA,Gd,Y,86000,86000,0
422,L-000422,2009-04-24,2009-06-02,1,22.8,6,7,1602,1602,16635,32,9,2.5,2,1,4.38,4.59,2.89,25500.0,5.06,4,NWAmes,1Fam,1Story,Gd,Gd,Y,215000,215000,0
942,L-000942,2009-04-25,2009-06-03,0,30.9,7,5,2060,992,8755,10,10,3.5,2,1,3.5,1.46,3.36,0.0,5.06,4,Gilbert,1Fam,2Story,Gd,Gd,Y,214000,214000,0
678,L-000678,2009-04-25,2009-05-08,1,51.2,5,8,792,768,9022,85,3,1.0,1,0,0.64,5.46,0.53,27000.0,5.06,4,OldTown,1Fam,1Story,Gd,Gd,Y,109500,109500,0
340,L-000340,2009-04-25,2009-06-15,1,38.7,6,7,1215,1215,12400,51,11,1.0,1,0,2.69,2.23,1.56,24700.0,5.06,4,NAmes,1Fam,1Story,TA,TA,Y,155000,155000,0
663,L-000663,2009-04-26,2009-07-08,0,31.5,6,3,1392,1392,13560,41,41,2.0,2,2,2.71,2.43,2.2,0.0,5.06,4,NAmes,1Fam,1Story,TA,TA,Y,110000,110000,0
1308,L-001308,2009-04-27,2009-05-11,1,30.1,5,5,990,990,8072,15,14,2.0,2,0,2.8,3.0,2.09,31300.0,5.06,4,CollgCr,1Fam,1Story,TA,TA,Y,138000,138000,0
1134,L-001134,2009-04-27,2009-06-17,0,30.4,8,5,2020,1128,9828,14,14,2.5,2,1,2.72,1.99,4.04,0.0,5.06,4,SawyerW,1Fam,2Story,Gd,Gd,Y,239500,239500,0
1194,L-001194,2009-04-27,2009-06-22,0,36.8,6,5,1224,1224,4500,10,10,3.0,2,0,2.65,6.17,0.84,0.0,5.06,4,Mitchel,TwnhsE,1Story,TA,TA,Y,165000,165000,0
1014,L-001014,2009-04-29,2009-06-07,1,58.6,5,4,1022,1022,7200,99,3,2.0,1,0,0.55,5.05,0.5,40900.0,5.06,4,OldTown,1Fam,1Story,TA,TA,N,85000,85000,0
103,L-000103,2009-04-29,2009-06-10,0,31.2,5,5,1535,0,7018,30,30,2.0,2,0,3.46,1.4,3.5,0.0,5.06,4,SawyerW,Duplex,1Story,TA,TA,Y,118964,118964,0
144,L-000144,2009-04-30,2009-06-09,0,30.1,7,5,1501,1490,10335,10,10,3.0,2,0,2.82,3.35,1.82,0.0,5.06,4,CollgCr,1Fam,1Story,Gd,Gd,Y,204000,204000,0
1363,L-001363,2009-04-30,2009-06-16,1,39.0,4,4,1738,715,12513,89,2,2.0,1,1,2.41,2.13,1.96,29800.0,5.06,4,NAmes,1Fam,1.5Fin,TA,TA,Y,104900,104900,0
783,L-000783,2009-05-01,2009-06-01,1,28.9,7,5,1430,1413,16285,8,7,2.0,2,0,2.89,2.79,2.87,27800.0,5.06,5,CollgCr,1Fam,1Story,Gd,Gd,Y,187100,187100,0
1045,L-001045,2009-05-01,2009-07-20,0,30.7,8,5,2524,2524,9600,28,28,3.5,2,1,4.37,6.97,3.37,0.0,5.06,5,NWAmes,1Fam,1Story,Gd,Gd,Y,278000,278000,0
969,L-000969,2009-05-02,2009-05-16,1,60.7,3,6,968,600,5925,99,59,1.0,0,0,0.54,4.38,0.36,14700.0,5.06,5,OldTown,1Fam,1.5Fin,TA,TA,N,37900,37900,0
799,L-000799,2009-05-02,2009-07-12,1,27.5,9,5,3140,1926,13518,1,0,3.5,3,2,2.96,3.78,2.57,109300.0,5.06,5,NridgHt,1Fam,2Story,Ex,Ex,Y,485000,485000,0
499,L-000499,2009-05-06,2009-06-01,1,42.9,5,7,899,864,7800,42,5,1.0,1,0,0.75,2.82,4.72,18000.0,5.06,5,Sawyer,1Fam,1Story,TA,Gd,Y,130000,130000,0
915,L-000915,2009-05-07,2009-06-02,0,40.9,6,5,1224,612,3000,0,0,2.5,2,0,1.61,2.97,1.8,0.0,5.06,5,Somerst,TwnhsE,2Story,Gd,Gd,Y,173733,173733,0
892,L-000892,2009-05-07,2009-07-20,0,42.3,6,5,1683,918,11184,31,31,2.5,2,1,0.81,3.05,3.71,0.0,5.06,5,Sawyer,1Fam,2Story,TA,TA,Y,172500,172500,0
506,L-000506,2009-05-09,2009-07-03,0,66.2,5,5,1960,960,7596,57,57,2.0,2,0,0.57,4.2,0.28,0.0,5.06,5,OldTown,Duplex,2Story,TA,TA,Y,124500,124500,0
1206,L-001206,2009-05-09,2009-06-11,1,32.5,7,7,2196,2158,14684,19,18,2.0,3,1,2.23,1.99,4.04,78800.0,5.06,5,SawyerW,1Fam,1Story,Gd,Gd,Y,271900,271900,0
511,L-000511,2009-05-09,2009-06-13,1,32.1,5,7,1363,1008,14559,58,9,2.0,1,2,3.04,1.95,2.07,43200.0,5.06,5,NAmes,1Fam,1Story,Gd,TA,Y,164900,164900,0
967,L-000967,2009-05-10,2009-06-09,1,35.7,5,7,1308,728,9600,69,59,2.5,1,2,1.57,1.76,7.3,33200.0,5.06,5,Crawfor,1Fam,1.5Fin,Gd,TA,Y,160000,160000,0
1150,L-001150,2009-05-12,2009-07-22,1,63.7,7,9,1482,650,9000,89,21,1.5,2,0,0.66,4.49,0.32,54600.0,5.06,5,OldTown,1Fam,2Story,TA,TA,Y,143000,143000,0
1262,L-001262,2009-05-12,2009-06-03,0,32.9,5,6,1050,1050,9600,53,53,1.0,1,0,2.95,1.69,2.27,0.0,5.06,5,NAmes,1Fam,1Story,TA,TA,Y,128900,128900,0
47,L-000047,2009-05-13,2009-08-19,0,31.6,7,5,2149,1434,12822,6,6,2.5,2,1,2.62,8.23,0.74,0.0,5.06,5,Mitchel,1Fam,1.5Fin,Gd,Gd,Y,239686,239686,0
859,L-000859,2009-05-13,2009-06-16,0,27.1,7,5,1370,1090,10400,33,33,2.0,2,1,3.12,3.26,3.03,0.0,5.06,5,NWAmes,1Fam,1Story,TA,TA,Y,152000,152000,0
1261,L-001261,2009-05-13,2009-06-14,0,28.0,6,5,1675,841,24682,10,10,2.5,2,1,4.54,1.75,2.95,0.0,5.06,5,Gilbert,1Fam,2Story,TA,TA,Y,181000,181000,0
505,L-000505,2009-05-14,2009-06-13,0,33.7,6,5,1322,855,2308,35,35,3.0,2,1,2.04,2.18,3.18,0.0,5.06,5,NPkVill,TwnhsE,2Story,TA,TA,Y,147000,147000,0
847,L-000847,2009-05-14,2009-07-25,0,34.8,7,5,1775,740,9317,16,16,3.5,2,1,1.64,2.18,4.86,0.0,5.06,5,SawyerW,1Fam,2Story,Gd,Gd,Y,213000,213000,0
895,L-000895,2009-05-15,2009-06-19,0,37.3,5,5,1535,0,7018,30,30,2.0,2,0,1.77,1.71,2.89,0.0,5.06,5,SawyerW,Duplex,1Story,TA,TA,Y,118858,118858,0
589,L-000589,2009-05-15,2009-06-21,1,20.4,5,8,1473,1437,25095,41,6,3.0,1,2,5.81,4.69,3.2,58900.0,5.06,5,ClearCr,1Fam,1Story,TA,Ex,Y,143000,143000,0
1362,L-001362,2009-05-15,2009-06-16,0,48.5,7,5,1530,1530,16158,4,4,3.0,2,1,0.68,6.86,0.68,0.0,5.06,5,StoneBr,1Fam,1Story,Gd,Gd,Y,260000,260000,0
672,L-000672,2009-05-16,2009-07-04,1,45.3,6,6,1369,672,6629,84,59,3.0,1,0,2.06,5.42,1.15,46000.0,5.06,5,Edwards,1Fam,2Story,TA,TA,N,103600,103600,0
1278,L-001278,2009-05-16,2009-06-18,1,21.9,6,5,1724,1680,17871,42,33,2.5,2,1,4.79,4.29,3.37,86900.0,5.06,5,NWAmes,1Fam,SLvl,TA,TA,Y,197900,197900,0
755,L-000755,2009-05-16,2009-07-11,1,31.6,6,8,1026,1026,7930,40,4,2.0,2,0,3.42,1.85,1.97,35400.0,5.06,5,NAmes,1Fam,1Story,TA,Gd,Y,156000,156000,0
931,L-000931,2009-05-17,2009-07-08,0,29.5,8,5,1466,1466,8925,2,2,2.0,3,0,2.18,3.15,4.6,0.0,5.06,5,Timber,1Fam,1Story,Gd,Gd,Y,201000,201000,0
1413,L-001413,2009-05-18,2009-06-13,1,32.1,4,5,1040,0,7200,60,59,2.0,2,0,3.38,1.78,1.92,22600.0,5.06,5,NAmes,Duplex,1Story,TA,TA,N,90000,90000,0
314,L-000314,2009-05-18,2009-06-18,0,27.7,7,5,2036,2136,215245,44,44,4.0,2,2,3.1,2.37,4.48,0.0,5.06,5,Timber,1Fam,1Story,TA,TA,Y,375000,375000,0
411,L-000411,2009-05-18,2009-06-17,0,34.7,5,3,1276,1276,9571,51,51,1.0,1,0,1.53,6.09,1.61,0.0,5.06,5,Edwards,1Fam,1Story,TA,TA,Y,60000,60000,0
179,L-000179,2009-05-18,2009-07-10,1,49.1,9,5,2234,2216,17423,1,0,3.0,3,1,0.56,5.07,1.19,101000.0,5.06,5,StoneBr,1Fam,1Story,Ex,Ex,Y,501837,501837,0
929,L-000929,2009-05-20,2009-06-25,0,30.1,8,5,1788,1753,11838,8,8,2.0,2,1,2.52,2.56,3.43,0.0,5.06,5,CollgCr,1Fam,1Story,Gd,Ex,Y,236500,236500,0
588,L-000588,2009-05-26,2009-07-09,0,41.5,5,6,860,840,8740,27,27,2.0,2,0,0.84,3.24,3.75,0.0,5.06,5,Sawyer,1Fam,SFoyer,TA,TA,Y,137000,137000,0
134,L-000134,2009-05-26,2009-06-21,1,26.7,8,5,1296,1267,6853,8,7,3.0,2,0,3.02,3.05,4.17,34600.0,5.06,5,Timber,1Fam,1Story,Gd,Gd,Y,220000,220000,0
37,L-000037,2009-05-27,2009-06-15,1,31.0,5,5,1097,1097,10859,15,14,1.5,2,0,3.01,2.08,2.44,33300.0,5.06,5,CollgCr,1Fam,1Story,TA,TA,Y,145000,145000,0
366,L-000366,2009-05-28,2009-07-07,1,46.6,5,7,1344,672,10690,89,12,1.0,1,0,1.3,4.1,0.82,37000.0,5.06,5,IDOTRR,1Fam,2Story,TA,TA,Y,147000,147000,0
1074,L-001074,2009-05-28,2009-07-21,0,35.8,6,6,1426,690,7950,32,32,1.5,2,0,1.59,4.0,1.68,0.0,5.06,5,Edwards,1Fam,2Story,TA,TA,Y,159500,159500,0
367,L-000367,2009-05-28,2009-07-06,0,32.6,6,5,1394,1394,9500,46,46,2.5,2,2,3.47,1.38,2.45,0.0,5.06,5,NAmes,1Fam,1Story,TA,TA,Y,159000,159000,0
553,L-000553,2009-05-30,2009-07-10,0,32.1,8,5,1717,1709,11146,3,3,2.0,3,1,1.77,3.48,3.64,0.0,5.06,5,NridgHt,1Fam,1Story,Gd,Gd,Y,255500,255500,0
573,L-000573,2009-05-30,2009-07-17,0,29.5,7,5,1692,846,13159,0,0,2.5,2,0,2.74,2.54,3.31,0.0,5.06,5,Timber,1Fam,2Story,TA,Gd,Y,224500,224500,0
380,L-000380,2009-05-30,2009-06-24,0,32.0,6,5,1800,982,8123,9,9,2.5,2,1,3.87,1.43,2.13,0.0,5.06,5,Gilbert,1Fam,2Story,TA,TA,Y,179000,179000,0
582,L-000582,2009-06-01,2009-08-05,1,32.0,8,5,2042,2042,12704,1,0,2.5,3,1,1.63,4.35,3.52,71700.0,5.04,6,NridgHt,1Fam,1Story,Ex,Ex,Y,253293,253293,0
764,L-000764,2009-06-01,2009-07-02,0,47.3,8,5,2365,1252,9430,10,10,3.5,3,1,0.71,5.44,0.93,0.0,5.04,6,NoRidge,1Fam,2Story,Gd,Gd,Y,337000,337000,0
910,L-000910,2009-06-02,2009-06-22,0,32.6,6,5,1484,742,12589,4,4,2.5,2,1,3.26,1.27,3.29,0.0,5.04,6,Gilbert,1Fam,2Story,Gd,Gd,Y,174000,174000,0
1124,L-001124,2009-06-02,2009-06-26,1,34.7,5,9,698,698,9405,62,1,1.5,0,0,1.76,4.35,1.5,34100.0,5.04,6,Edwards,1Fam,1Story,TA,TA,Y,118000,118000,0
189,L-000189,2009-06-02,2009-06-15,0,40.4,5,5,1224,1086,7018,30,30,3.0,2,2,1.6,2.32,3.87,0.0,5.04,6,SawyerW,Duplex,SFoyer,TA,TA,Y,153337,153337,0
1059,L-001059,2009-06-03,2009-07-27,0,32.4,9,5,2184,1104,11308,1,1,3.5,3,1,1.64,4.18,3.25,0.0,5.04,6,NridgHt,1Fam,2Story,Ex,Ex,Y,335000,335000,0
1353,L-001353,2009-06-03,2009-07-02,1,48.9,6,9,1176,698,6000,72,9,1.0,2,0,1.9,0.73,2.16,35000.0,5.04,6,BrkSide,1Fam,1.5Fin,Gd,TA,Y,134900,134900,0
49,L-000049,2009-06-04,2009-06-27,1,60.1,4,5,1452,736,4456,89,1,2.0,0,0,0.54,3.54,0.53,46000.0,5.04,6,OldTown,2fmCon,2Story,TA,TA,Y,113000,113000,0
1046,L-001046,2009-06-04,2009-06-23,0,31.2,3,5,1733,0,13680,54,54,2.0,2,1,1.97,5.09,2.12,0.0,5.04,6,Edwards,1Fam,1Story,TA,TA,Y,139600,139600,0
1189,L-001189,2009-06-04,2009-07-20,0,34.8,7,5,1660,831,8935,7,7,2.5,2,0,1.88,2.51,2.37,0.0,5.04,6,CollgCr,1Fam,2Story,Gd,Gd,Y,195000,195000,0
88,L-000088,2009-06-05,2009-06-25,0,36.6,6,5,1224,612,3951,0,0,2.5,2,0,1.85,3.69,2.55,0.0,5.04,6,Somerst,TwnhsE,2Story,Gd,Gd,Y,164500,164500,0
784,L-000784,2009-06-05,2009-07-13,0,31.1,5,6,1110,1097,9101,31,31,2.0,2,1,3.16,4.22,0.94,0.0,5.04,6,Mitchel,1Fam,SFoyer,TA,Gd,Y,165500,165500,0
1369,L-001369,2009-06-06,2009-06-18,1,34.5,6,5,848,848,4435,6,5,2.0,2,0,2.98,2.67,2.48,30500.0,5.04,6,CollgCr,TwnhsE,1Story,Gd,Gd,Y,144000,144000,0
132,L-000132,2009-06-07,2009-07-07,0,29.4,6,5,2054,992,12224,9,9,3.5,2,1,3.9,1.73,2.81,0.0,5.04,6,Gilbert,1Fam,2Story,Gd,Gd,Y,244000,244000,0
1008,L-001008,2009-06-07,2009-08-27,0,37.2,4,4,1092,546,2217,39,39,1.5,1,0,2.31,2.33,2.91,0.0,5.04,6,MeadowV,TwnhsE,2Story,TA,TA,Y,88000,88000,0
518,L-000518,2009-06-08,2009-07-22,1,46.1,7,5,2344,1264,10208,13,12,2.5,3,1,0.68,8.09,0.99,64300.0,5.04,6,NoRidge,1Fam,2Story,Gd,Gd,Y,265000,265000,0
1351,L-001351,2009-06-09,2009-08-22,0,37.4,5,5,2634,1248,11643,40,40,4.5,4,0,2.54,2.52,1.98,0.0,5.04,6,NAmes,Duplex,2Story,TA,TA,Y,200000,200000,0
1091,L-001091,2009-05-17,2009-06-22,0,30.4,3,4,1040,0,8544,59,59,2.0,2,0,3.06,2.33,2.31,0.0,5.04,5,NAmes,Duplex,1Story,TA,TA,N,92900,92900,0
585,L-000585,2009-06-10,2009-07-03,1,49.0,4,7,1573,884,6120,74,14,1.0,1,0,1.82,0.65,2.91,22000.0,5.04,6,BrkSide,1Fam,1.5Fin,TA,Gd,Y,133000,133000,0
213,L-000213,2009-06-10,2009-07-11,0,37.8,7,5,1852,900,8640,0,0,3.5,2,1,1.98,2.86,2.21,0.0,5.04,6,Somerst,1Fam,2Story,TA,Gd,Y,252678,252678,0
682,L-000682,2009-06-10,2009-07-19,1,43.6,5,5,1520,793,4500,77,9,1.0,1,0,2.75,0.88,3.63,34400.0,5.04,6,SWISU,1Fam,1.5Fin,TA,TA,Y,159434,159434,0
985,L-000985,2009-06-11,2009-08-20,0,30.3,5,5,1734,0,10125,32,32,2.0,2,0,3.86,3.99,0.81,0.0,5.04,6,Mitchel,Duplex,1.5Fin,TA,Gd,Y,126000,126000,0
460,L-000460,2009-06-11,2009-07-19,0,40.5,5,4,1203,709,7015,59,59,2.0,1,1,2.96,0.52,2.91,0.0,5.04,6,BrkSide,1Fam,1.5Fin,TA,Gd,Y,110000,110000,0
1378,L-001378,2009-06-12,2009-07-14,1,38.7,5,5,1604,984,10998,68,49,2.0,2,0,1.17,4.53,1.78,38300.0,5.04,6,Edwards,1Fam,1.5Fin,TA,TA,Y,117000,117000,0
1148,L-001148,2009-06-12,2009-07-18,1,33.2,7,7,1564,704,12000,68,59,1.5,1,1,2.53,1.38,4.84,68700.0,5.04,6,Crawfor,1Fam,2Story,TA,Fa,Y,174500,174500,0
824,L-000824,2009-06-13,2009-07-08,1,37.8,6,7,1489,778,9900,69,59,2.0,1,1,3.26,0.66,2.97,37100.0,5.04,6,SWISU,1Fam,1.5Fin,TA,TA,Y,139500,139500,0
510,L-000510,2009-06-13,2009-07-03,0,31.3,5,6,1041,1041,9600,50,50,2.0,1,0,4.23,1.4,2.2,0.0,5.04,6,NAmes,1Fam,1Story,TA,TA,Y,124500,124500,0
569,L-000569,2009-06-13,2009-09-09,1,31.1,8,8,2132,1496,12327,26,0,2.5,2,1,2.53,2.02,4.04,126200.0,5.04,6,SawyerW,1Fam,1.5Fin,Gd,Gd,Y,316600,316600,0
946,L-000946,2009-06-14,2009-09-06,1,60.6,5,6,1869,1088,8820,119,13,1.0,2,0,0.49,4.99,0.43,41500.0,5.04,6,OldTown,1Fam,1.5Fin,TA,TA,Y,124900,124900,0
232,L-000232,2009-06-14,2009-07-17,1,45.2,8,5,2794,1462,15138,14,13,3.5,3,1,0.74,5.87,1.19,66500.0,5.04,6,NoRidge,1Fam,2Story,Gd,Ex,Y,403000,403000,0
623,L-000623,2009-06-14,2009-07-15,0,40.7,5,6,980,980,7064,32,32,1.0,2,0,1.03,2.48,3.5,0.0,5.04,6,Sawyer,1Fam,1Story,TA,TA,Y,135000,135000,0
26,L-000026,2009-06-15,2009-07-26,0,30.2,8,5,1600,1566,14230,2,2,2.0,3,1,1.87,4.42,3.67,0.0,5.04,6,NridgHt,1Fam,1Story,Gd,Gd,Y,256300,256300,0
1258,L-001258,2009-06-16,2009-07-01,1,37.9,5,8,864,864,4060,87,59,1.0,0,0,2.0,4.7,1.52,22500.0,5.04,6,Edwards,1Fam,1Story,TA,TA,Y,99900,99900,0
679,L-000679,2009-06-16,2009-07-11,0,43.0,8,5,2046,2046,11844,1,1,2.5,3,1,0.81,5.78,1.53,0.0,5.04,6,StoneBr,1Fam,1Story,Gd,Gd,Y,372500,372500,0
486,L-000486,2009-06-17,2009-07-07,1,33.8,5,7,1113,1113,9600,59,2,1.0,1,1,2.52,2.48,1.52,29900.0,5.04,6,NAmes,1Fam,1Story,Gd,Gd,Y,147000,147000,0
864,L-000864,2009-06-19,2009-07-21,0,30.5,5,5,1148,1148,7931,50,50,2.0,1,0,3.25,2.09,2.32,0.0,5.04,6,NAmes,1Fam,1Story,TA,TA,Y,132500,132500,0
188,L-000188,2009-06-19,2009-08-22,1,53.9,5,7,1656,660,10410,93,22,2.5,1,0,0.67,4.1,0.33,48700.0,5.04,6,OldTown,1Fam,1.5Fin,TA,TA,Y,135000,135000,0
972,L-000972,2009-06-20,2009-07-13,1,30.5,7,5,1626,764,2268,6,5,2.0,2,0,1.82,4.4,3.77,36100.0,5.04,6,NridgHt,Twnhs,2Story,Gd,Gd,Y,173000,173000,0
330,L-000330,2009-06-22,2009-07-13,1,44.6,5,5,1192,596,6402,89,59,1.0,1,0,1.29,4.16,1.24,42100.0,5.04,6,IDOTRR,1Fam,2Story,TA,TA,N,78000,78000,0
982,L-000982,2009-06-22,2009-07-24,1,48.6,8,5,2612,1225,12203,11,10,3.5,3,1,0.65,6.11,0.8,114700.0,5.04,6,NoRidge,1Fam,2Story,Gd,Gd,Y,336000,336000,0
975,L-000975,2009-06-22,2009-10-02,1,46.8,7,8,2019,728,11414,99,16,1.0,2,0,2.66,0.63,1.97,51800.0,5.04,6,BrkSide,1Fam,2Story,TA,Gd,N,167500,167500,0
357,L-000357,2009-06-23,2009-07-16,0,29.7,6,6,1167,1158,9248,17,17,3.0,2,0,3.39,1.65,4.06,0.0,5.04,6,Gilbert,1Fam,1Story,TA,Gd,Y,173000,173000,0
316,L-000316,2009-06-24,2009-07-20,1,30.7,7,5,1432,716,7795,5,4,3.5,2,1,5.36,1.06,2.76,40600.0,5.04,6,Gilbert,1Fam,2Story,Gd,Gd,Y,188500,188500,0
653,L-000653,2009-06-25,2009-07-26,0,29.0,7,5,1716,880,8750,13,13,2.5,2,1,2.61,2.77,3.8,0.0,5.04,6,CollgCr,1Fam,2Story,Gd,Gd,Y,191000,191000,0
885,L-000885,2009-06-25,2009-07-25,0,36.1,5,5,892,892,7150,42,42,1.0,1,0,2.62,1.27,2.28,0.0,5.04,6,NAmes,1Fam,1Story,TA,TA,Y,100000,100000,0
932,L-000932,2009-06-26,2009-07-15,0,31.3,5,6,925,925,9100,44,44,1.5,1,0,3.06,2.1,2.19,0.0,5.04,6,NAmes,1Fam,1Story,TA,TA,Y,117500,117500,0
934,L-000934,2009-06-26,2009-08-17,0,31.5,7,5,1500,1500,8487,5,5,2.0,2,0,2.66,2.65,2.03,0.0,5.04,6,CollgCr,1Fam,1Story,Gd,Gd,Y,190000,190000,0
440,L-000440,2009-06-27,2009-08-13,1,35.3,6,8,1196,684,12354,89,9,1.0,2,0,1.76,4.95,1.18,37600.0,5.04,6,Edwards,1Fam,1.5Fin,TA,Gd,Y,110000,110000,0
317,L-000317,2009-06-27,2009-08-15,0,23.2,7,7,2353,845,13005,29,29,3.5,2,1,4.71,3.15,3.76,0.0,5.04,6,NWAmes,1Fam,2Story,Gd,Ex,Y,260000,260000,0
1001,L-001001,2009-06-28,2009-07-09,0,28.5,3,3,944,0,10206,57,57,1.0,2,0,2.43,6.52,1.9,0.0,5.04,6,Edwards,1Fam,1Story,TA,Fa,N,82000,82000,0
1158,L-001158,2009-06-28,2009-07-26,1,33.4,7,5,1314,1314,5001,2,1,3.0,2,1,1.82,3.54,2.29,27600.0,5.04,6,NridgHt,Twnhs,1Story,Gd,Gd,Y,230000,230000,0
1099,L-001099,2009-06-30,2009-07-26,1,45.0,4,6,1324,672,6000,73,59,1.0,1,0,2.75,0.64,2.71,38800.0,5.04,6,BrkSide,1Fam,1.5Fin,TA,TA,Y,128000,128000,0
723,L-000723,2009-07-01,2009-07-18,0,31.4,4,7,864,864,8120,39,39,1.0,2,0,2.89,1.85,2.99,0.0,4.98,7,NAmes,1Fam,1Story,TA,TA,Y,124500,124500,0
517,L-000517,2009-07-02,2009-08-27,0,20.8,6,6,2119,689,10448,37,37,2.5,2,1,4.82,4.92,3.79,0.0,4.98,7,NWAmes,1Fam,SLvl,TA,TA,Y,158000,158000,0
577,L-000577,2009-07-03,2009-08-08,1,36.0,7,7,1477,861,6292,81,59,2.5,1,1,2.75,0.77,6.25,40900.0,4.98,7,SWISU,1Fam,1.5Fin,TA,TA,Y,145000,145000,0
300,L-000300,2009-07-05,2009-08-09,1,40.9,6,8,1152,1092,14000,59,5,1.5,1,1,1.48,1.14,4.37,35400.0,4.98,7,Crawfor,1Fam,1Story,TA,Gd,Y,158500,158500,0
880,L-000880,2009-07-08,2009-07-22,1,30.0,5,8,864,864,7000,31,4,2.0,1,0,2.42,3.28,2.71,27100.0,4.98,7,CollgCr,1Fam,1Story,Gd,TA,Y,136500,136500,0
1179,L-001179,2009-07-09,2009-07-21,1,39.4,5,6,1343,731,7681,88,59,1.5,1,1,1.66,1.02,6.19,24600.0,4.98,7,Crawfor,1Fam,1.5Fin,TA,TA,Y,154900,154900,0
426,L-000426,2009-07-09,2009-09-21,1,58.7,7,8,1389,651,3378,63,17,1.5,1,2,0.6,3.79,0.52,36100.0,4.98,7,OldTown,1Fam,2Story,TA,TA,Y,135000,135000,0
1187,L-001187,2009-07-10,2009-08-10,1,58.9,3,5,1699,978,10615,109,39,3.0,2,0,0.71,3.08,0.4,31600.0,4.98,7,OldTown,2fmCon,2Story,TA,TA,Y,95000,95000,0
1412,L-001412,2009-07-11,2009-09-19,1,31.5,6,8,1668,856,9600,59,4,1.5,1,0,3.48,2.14,1.57,93600.0,4.98,7,NAmes,1Fam,1.5Fin,TA,TA,Y,140000,140000,0
1037,L-001037,2009-07-12,2009-09-10,1,27.1,9,5,1620,1620,12898,2,1,3.0,3,1,2.91,3.43,3.42,51400.0,4.98,7,Timber,1Fam,1Story,Gd,Ex,Y,315500,315500,0
875,L-000875,2009-07-12,2009-08-19,1,67.3,5,6,1131,676,5720,68,59,1.5,1,0,0.46,4.55,0.37,21100.0,4.98,7,OldTown,1Fam,1.5Fin,TA,TA,Y,66500,66500,0
606,L-000606,2009-07-12,2009-10-04,1,32.3,7,6,1986,768,13600,44,19,2.5,2,3,3.37,1.93,1.63,135200.0,4.98,7,NAmes,1Fam,2Story,TA,TA,Y,205000,205000,0
937,L-000937,2009-07-12,2009-08-06,0,39.0,7,5,1200,1176,10083,6,6,3.0,2,0,1.63,1.52,2.96,0.0,4.98,7,SawyerW,1Fam,1Story,Gd,Gd,Y,184900,184900,0
516,L-000516,2009-07-13,2009-09-05,0,27.8,10,5,2020,2006,12220,0,0,3.5,3,1,2.56,4.25,2.94,0.0,4.98,7,NridgHt,1Fam,1Story,Ex,Ex,Y,402861,402861,0
1272,L-001272,2009-07-16,2009-08-11,0,38.1,6,7,1489,1489,9156,41,41,2.0,2,1,2.65,3.82,2.87,0.0,4.98,7,NWAmes,1Fam,1Story,TA,Gd,Y,185750,185750,0
866,L-000866,2009-07-17,2009-08-16,0,30.1,5,6,1002,1002,8750,39,39,2.0,2,0,3.26,2.5,1.94,0.0,4.98,7,NAmes,1Fam,1Story,TA,TA,Y,148500,148500,0
57,L-000057,2009-07-18,2009-08-20,1,39.1,8,5,1739,970,2645,10,9,3.5,2,0,2.04,2.3,2.05,43200.0,4.98,7,Somerst,Twnhs,2Story,Gd,Gd,Y,172500,172500,0
427,L-000427,2009-07-19,2009-08-15,0,31.9,7,5,1644,1518,12800,20,20,3.5,2,1,2.6,1.73,3.98,0.0,4.98,7,SawyerW,1Fam,SLvl,Gd,Gd,Y,275000,275000,0
1289,L-001289,2009-07-19,2009-10-16,0,42.6,8,5,1659,1501,5664,9,9,3.0,2,1,0.88,5.99,1.29,0.0,4.98,7,StoneBr,TwnhsE,1Story,Gd,Ex,Y,278000,278000,0
479,L-000479,2009-07-20,2009-09-14,1,28.2,8,5,1718,1705,10637,2,1,3.0,3,1,3.06,2.92,2.8,54000.0,4.98,7,CollgCr,1Fam,1Story,Gd,Gd,Y,297000,297000,0
854,L-000854,2009-07-21,2009-08-25,0,31.9,6,6,1445,1127,12095,45,45,1.5,2,1,3.08,1.73,2.51,0.0,4.98,7,NAmes,1Fam,SLvl,TA,TA,Y,158000,158000,0
140,L-000140,2009-07-16,2009-08-17,0,30.8,6,5,1764,928,15426,12,12,3.5,2,0,2.55,2.88,2.32,0.0,4.98,7,CollgCr,1Fam,2Story,TA,Gd,Y,231500,231500,0
93,L-000093,2009-07-24,2009-08-05,1,32.3,5,7,964,876,13360,88,3,2.0,2,0,2.81,1.36,4.81,21100.0,4.98,7,Crawfor,1Fam,1Story,TA,TA,Y,163500,163500,0
871,L-000871,2009-07-25,2009-08-26,0,48.3,5,5,894,894,6600,47,47,1.0,1,0,2.17,1.54,1.6,0.0,4.98,7,NAmes,1Fam,1Story,TA,TA,N,109500,109500,0
992,L-000992,2009-07-25,2009-11-20,1,58.9,8,9,1742,916,17671,127,23,1.5,2,1,0.97,4.27,0.35,55300.0,4.98,7,OldTown,1Fam,2Story,Gd,Gd,Y,168000,168000,0
1018,L-001018,2009-07-26,2009-08-16,0,45.6,8,5,1360,1220,5814,25,25,2.0,2,1,0.68,5.93,1.34,0.0,4.98,7,StoneBr,TwnhsE,1Story,Gd,Gd,Y,187500,187500,0
1043,L-001043,2009-07-28,2009-08-11,0,34.0,6,5,1306,1306,5381,4,4,3.0,2,1,1.8,3.5,2.09,0.0,4.98,7,NridgHt,Twnhs,1Story,Gd,Gd,Y,196000,196000,0
716,L-000716,2009-08-01,2009-08-27,0,24.8,6,5,1350,1064,10140,35,35,2.0,2,1,4.16,2.84,3.67,0.0,5.0,8,NWAmes,1Fam,1Story,TA,TA,Y,165000,165000,0
1213,L-001213,2009-08-03,2009-08-13,1,33.3,4,6,672,672,9340,68,59,2.0,1,0,1.7,6.03,1.67,20800.0,5.0,8,Edwards,1Fam,1Story,TA,TA,Y,113000,113000,0
465,L-000465,2009-08-04,2009-08-20,0,28.8,5,5,1040,1040,8430,31,31,2.0,0,0,3.07,2.57,2.9,0.0,5.0,8,CollgCr,1Fam,1Story,TA,TA,Y,124000,124000,0
848,L-000848,2009-08-05,2009-08-15,0,33.7,5,6,864,864,15523,37,37,2.0,1,1,2.06,2.59,2.35,0.0,5.0,8,CollgCr,1Fam,1Story,TA,TA,Y,133500,133500,0
1414,L-001414,2009-08-05,2009-09-24,1,36.4,8,5,1844,1844,10994,4,3,3.0,2,1,1.63,1.86,4.14,79400.0,5.0,8,SawyerW,1Fam,1Story,Gd,Gd,Y,257000,257000,0
645,L-000645,2009-08-05,2009-10-10,0,44.0,9,5,1766,1766,9187,0,0,3.5,3,1,1.2,2.49,2.53,0.0,5.0,8,Somerst,1Fam,1Story,Ex,Ex,Y,370878,370878,0
791,L-000791,2009-08-06,2009-09-05,1,31.3,7,5,1145,1145,3182,4,3,2.0,2,1,2.73,4.07,1.23,19900.0,5.0,8,Blmngtn,TwnhsE,1Story,Gd,Gd,Y,160200,160200,0
193,L-000193,2009-08-10,2009-09-09,0,29.7,7,5,1431,1431,9017,10,10,3.0,2,0,2.94,2.48,2.68,0.0,5.0,8,CollgCr,1Fam,1Story,Gd,Gd,Y,192000,192000,0
117,L-000117,2009-08-11,2009-09-19,0,39.8,5,5,1092,1092,11616,47,47,1.5,1,1,0.99,2.68,4.7,0.0,5.0,8,Sawyer,1Fam,1Story,TA,TA,Y,139000,139000,0
446,L-000446,2009-08-16,2009-11-22,0,34.2,6,5,1689,1436,9855,53,53,1.0,2,1,1.91,6.16,1.04,0.0,5.0,8,Edwards,1Fam,1Story,TA,TA,Y,127500,127500,0
1385,L-001385,2009-08-18,2009-10-25,1,42.2,6,5,1258,560,9060,70,59,1.0,1,0,1.06,4.33,1.16,39600.0,5.0,8,Edwards,1Fam,1.5Fin,TA,TA,Y,105000,105000,0
397,L-000397,2009-08-19,2009-09-01,0,32.3,5,5,894,894,7200,37,37,1.0,2,0,2.58,2.28,2.23,0.0,5.0,8,CollgCr,1Fam,1Story,TA,TA,Y,123000,123000,0
1283,L-001283,2009-08-19,2009-09-03,1,29.8,5,7,1040,1040,8800,32,1,2.0,2,0,2.91,2.21,3.3,23000.0,5.0,8,CollgCr,1Fam,1Story,TA,Gd,Y,150500,150500,0
1451,L-001451,2009-08-21,2009-09-20,0,31.7,5,5,1792,896,9000,35,35,3.0,0,0,2.74,2.52,1.95,0.0,5.0,8,NAmes,Duplex,2Story,TA,TA,Y,136000,136000,0
388,L-000388,2009-08-22,2009-10-18,0,29.1,6,6,1125,1041,7200,33,33,2.0,1,1,2.43,4.52,2.27,0.0,5.0,8,Edwards,1Fam,SLvl,TA,TA,Y,125000,125000,0
874,L-000874,2009-08-22,2009-09-18,1,34.6,5,7,1268,832,12144,60,59,1.0,1,1,2.34,1.74,2.51,24500.0,5.0,8,NAmes,1Fam,1Story,Gd,TA,Y,133000,133000,0
276,L-000276,2009-08-23,2009-10-20,1,41.6,7,7,1548,952,7264,84,2,2.5,2,0,2.35,0.71,2.26,52100.0,5.0,8,BrkSide,1Fam,1.5Fin,Gd,Ex,N,205000,205000,0
744,L-000744,2009-08-23,2009-10-15,1,46.6,5,6,1464,520,12886,46,10,2.5,2,1,0.66,2.21,3.83,92400.0,5.0,8,Sawyer,1Fam,SLvl,TA,TA,Y,175000,175000,0
1142,L-001142,2009-08-23,2009-10-01,0,34.2,5,7,1868,780,10304,33,33,3.5,2,1,3.29,4.45,3.9,0.0,5.0,8,NWAmes,1Fam,2Story,TA,Gd,Y,197500,197500,0
1455,L-001455,2009-08-25,2009-10-22,1,43.8,7,5,1221,1221,7500,5,4,3.0,2,0,1.43,2.41,1.69,30700.0,5.0,8,Somerst,1Fam,1Story,Gd,Gd,Y,185000,185000,0
38,L-000038,2009-08-25,2009-10-15,1,32.6,5,6,1297,1297,8532,55,19,1.5,2,1,2.7,1.88,2.51,43100.0,5.0,8,NAmes,1Fam,1Story,TA,TA,Y,153000,153000,0
89,L-000089,2009-08-26,2009-10-08,1,48.4,3,2,1526,1013,8470,94,27,1.0,0,0,1.11,5.1,1.05,33300.0,5.0,8,IDOTRR,1Fam,1.5Fin,Fa,Fa,N,85000,85000,0
1218,L-001218,2009-08-27,2009-09-23,0,38.5,8,5,1314,1300,8640,0,0,3.0,2,0,1.52,3.44,3.06,0.0,5.0,8,Somerst,1Fam,1Story,Gd,Gd,Y,229456,229456,0
1400,L-001400,2009-08-28,2009-10-06,1,36.8,6,6,1608,976,6171,84,19,2.5,1,1,3.07,0.68,4.54,63200.0,5.0,8,SWISU,1Fam,1.5Fin,TA,Gd,Y,137450,137450,0
508,L-000508,2009-08-29,2009-09-10,0,43.4,6,5,1218,1218,7862,0,0,2.0,2,0,1.21,2.52,2.79,0.0,5.0,8,Somerst,1Fam,1Story,Gd,Gd,Y,208300,208300,0
342,L-000342,2009-09-01,2009-09-08,0,45.3,4,4,841,721,8400,59,59,1.0,1,0,2.08,1.9,4.41,0.0,4.99,9,SawyerW,1Fam,1Story,Fa,TA,Y,82000,82000,0
1389,L-001389,2009-09-02,2009-10-07,1,29.7,9,5,1746,1746,14892,3,2,3.0,3,2,3.75,1.76,2.8,89500.0,4.99,9,Gilbert,1Fam,1Story,Ex,Ex,Y,377500,377500,0
1166,L-001166,2009-09-02,2009-09-25,0,30.5,7,5,1502,1502,9541,0,0,2.0,2,0,2.62,3.18,2.07,0.0,4.99,9,NridgHt,1Fam,1Story,Gd,Gd,Y,233170,233170,0
295,L-000295,2009-09-03,2009-10-20,0,33.6,6,5,1644,1416,9600,56,56,2.0,2,2,2.83,1.47,2.68,0.0,4.99,9,NAmes,1Fam,1Story,TA,TA,Y,167000,167000,0
550,L-000550,2009-09-05,2009-11-11,1,36.9,7,5,2094,912,9375,6,5,2.5,2,1,2.14,2.72,2.38,108800.0,4.99,9,Somerst,1Fam,2Story,Gd,Gd,Y,263000,263000,0
786,L-000786,2009-09-08,2009-09-23,0,29.6,6,5,1342,1372,9790,42,42,2.0,2,1,5.33,2.83,2.38,0.0,4.99,9,NWAmes,1Fam,1Story,TA,TA,Y,161500,161500,0
1371,L-001371,2009-09-09,2009-10-10,1,59.5,4,6,1374,840,5400,89,59,1.0,1,0,0.57,4.87,0.38,39600.0,4.99,9,OldTown,1Fam,1.5Fin,Fa,TA,Y,105000,105000,0
6,L-000006,2009-09-10,2009-10-11,1,31.9,5,5,1362,796,14115,16,14,2.5,2,0,3.16,3.86,0.86,37900.0,4.99,9,Mitchel,1Fam,1.5Fin,TA,TA,Y,143000,143000,0
384,L-000384,2009-09-15,2009-10-05,1,42.8,6,3,784,784,9000,81,59,1.0,2,0,1.8,1.7,4.24,13800.0,4.99,9,SawyerW,1Fam,1.5Unf,TA,TA,N,76000,76000,0
613,L-000613,2009-09-15,2009-11-10,0,30.2,8,5,1872,1299,11885,8,8,3.5,2,1,3.18,2.16,2.47,0.0,4.99,9,CollgCr,1Fam,2Story,Gd,Ex,Y,261500,261500,0
761,L-000761,2009-09-16,2009-10-22,0,32.3,6,6,864,864,9100,50,50,1.0,1,0,3.24,1.72,2.1,0.0,4.99,9,NAmes,1Fam,1Story,TA,TA,Y,127500,127500,0
374,L-000374,2009-09-16,2009-11-13,0,35.6,5,6,1319,608,10634,56,56,2.0,1,0,2.5,1.7,1.76,0.0,4.99,9,NAmes,1Fam,1Story,TA,TA,Y,123000,123000,0
1432,L-001432,2009-09-16,2009-10-09,0,36.2,6,6,958,958,4928,33,33,2.0,2,0,1.62,2.7,2.34,0.0,4.99,9,NPkVill,TwnhsE,1Story,TA,TA,Y,143750,143750,0
1016,L-001016,2009-09-17,2009-11-05,0,21.7,8,6,1665,810,8400,8,8,3.5,2,0,5.21,4.17,3.17,0.0,4.99,9,NWAmes,1Fam,2Story,Gd,Gd,Y,227000,227000,0
911,L-000911,2009-09-19,2010-01-14,0,36.5,5,5,2274,1105,11600,50,50,2.0,2,0,2.62,3.23,1.65,0.0,4.99,9,NAmes,Duplex,2Story,TA,TA,Y,154300,151200,1
333,L-000333,2009-09-20,2009-10-27,1,31.8,8,5,1629,3206,10655,6,5,3.0,3,1,1.83,5.14,2.19,75600.0,4.99,9,NridgHt,1Fam,1Story,Gd,Gd,Y,284000,284000,0
652,L-000652,2009-09-21,2009-10-15,1,41.4,4,5,1510,755,9084,69,59,2.0,1,1,1.42,5.0,1.6,30200.0,4.99,9,Edwards,1Fam,2Story,TA,TA,Y,108000,108000,0
1204,L-001204,2009-09-22,2009-10-22,1,29.8,7,5,1630,1630,9750,9,8,2.0,2,1,3.08,2.1,3.15,54800.0,4.99,9,CollgCr,1Fam,1Story,Gd,Gd,Y,213000,213000,0
400,L-000400,2009-09-22,2009-10-11,1,39.8,7,5,1550,1092,8125,3,2,3.0,2,0,1.8,2.31,2.39,74700.0,4.99,9,Somerst,1Fam,2Story,Gd,Gd,Y,241000,241000,0
762,L-000762,2009-09-27,2009-10-23,1,49.0,5,5,1301,1145,6911,85,59,1.0,2,0,2.93,0.77,2.15,29100.0,4.99,9,BrkSide,1Fam,1Story,TA,Fa,Y,100000,100000,0
1306,L-001306,2009-09-28,2009-11-21,1,29.8,9,5,1652,1652,13173,3,2,3.0,2,2,2.38,2.89,3.67,60100.0,4.99,9,NridgHt,1Fam,1Story,Gd,Ex,Y,325000,325000,0
1123,L-001123,2009-09-28,2009-10-18,0,35.8,4,3,960,672,8926,53,53,1.0,1,0,1.76,5.26,1.02,0.0,4.99,9,Edwards,1Fam,1Story,TA,TA,Y,112000,112000,0
912,L-000912,2009-09-29,2009-10-17,1,30.4,5,7,1268,1268,9286,32,20,1.5,1,0,3.0,2.55,2.1,29500.0,4.99,9,CollgCr,1Fam,1Story,TA,Gd,Y,143500,143500,0
810,L-000810,2009-10-01,2009-11-16,1,55.9,5,5,2138,849,8100,111,44,2.0,2,0,0.61,5.26,0.66,51300.0,4.98,10,OldTown,1Fam,2.5Unf,TA,TA,N,106000,106000,0
167,L-000167,2009-10-05,2009-11-17,1,23.2,5,5,1867,1617,10708,54,16,2.0,1,3,5.7,2.9,2.97,53800.0,4.98,10,ClearCr,1Fam,1Story,Gd,TA,Y,190000,190000,0
1049,L-001049,2009-10-08,2009-11-15,1,33.2,5,4,1771,0,21750,49,3,1.0,2,1,2.95,5.16,0.58,30100.0,4.98,10,Mitchel,1Fam,1Story,TA,TA,Y,115000,115000,0
638,L-000638,2009-10-11,2009-11-12,0,62.0,5,4,1387,811,6000,55,55,2.0,1,0,0.46,5.09,0.35,0.0,4.98,10,OldTown,2fmCon,1.5Fin,TA,Gd,Y,93000,93000,0
1293,L-001293,2009-10-12,2009-12-06,1,61.4,5,4,2372,994,6600,117,44,2.0,1,0,0.5,4.44,0.37,65000.0,4.98,10,OldTown,1Fam,2Story,TA,TA,N,107500,107500,0
222,L-000222,2009-10-12,2009-12-13,0,30.0,6,5,2267,1010,8068,7,7,2.5,2,1,3.79,1.51,3.36,0.0,4.98,10,Gilbert,1Fam,2Story,Gd,Gd,Y,200000,200000,0
1065,L-001065,2009-10-13,2009-11-05,0,30.6,5,6,1154,1154,11000,43,43,1.5,2,1,2.83,2.26,2.77,0.0,4.98,10,NAmes,1Fam,1Story,TA,TA,Y,154000,154000,0
461,L-000461,2009-10-14,2009-12-14,0,43.1,8,5,1935,832,8004,0,0,3.5,2,0,1.17,2.84,2.84,0.0,4.98,10,Somerst,1Fam,2Story,Gd,TA,Y,263435,263435,0
76,L-000076,2009-10-17,2009-11-18,0,41.4,4,5,988,462,1596,36,36,2.0,1,0,1.93,1.75,2.69,0.0,4.98,10,MeadowV,Twnhs,SLvl,TA,TA,Y,91000,91000,0
147,L-000147,2009-10-22,2009-11-11,1,47.1,5,7,875,715,6120,78,16,2.0,1,0,2.68,0.49,2.69,22100.0,4.98,10,BrkSide,1Fam,1Story,TA,TA,Y,105000,105000,0
1302,L-001302,2009-10-23,2009-11-24,1,32.9,6,7,1494,771,7500,67,59,1.0,1,2,1.85,2.24,5.39,40700.0,4.98,10,Crawfor,1Fam,2Story,TA,Gd,Y,177500,177500,0
726,L-000726,2009-10-23,2009-11-17,0,33.0,4,6,864,864,6960,39,39,1.0,2,0,3.02,1.94,1.7,0.0,4.98,10,NAmes,1Fam,1Story,TA,Gd,Y,120500,120500,0
496,L-000496,2009-10-26,2009-11-07,1,40.0,4,5,720,720,7879,89,59,1.0,0,0,1.32,3.69,1.85,10200.0,4.98,10,IDOTRR,1Fam,1Story,TA,TA,N,34900,34900,0
1253,L-001253,2009-10-27,2009-11-19,0,31.9,5,6,874,864,9858,41,41,2.0,1,0,2.78,6.78,0.69,0.0,4.98,10,Mitchel,1Fam,1Story,TA,TA,Y,130000,130000,0
1366,L-001366,2009-10-27,2010-01-04,0,39.9,7,5,1674,814,7500,10,10,3.5,2,0,1.65,3.5,1.72,0.0,4.98,10,Somerst,1Fam,2Story,Gd,Gd,Y,216000,216900,1
833,L-000833,2009-10-28,2010-01-01,0,29.9,7,6,1829,941,9548,7,7,3.5,2,1,3.08,2.6,2.16,0.0,4.98,10,CollgCr,1Fam,2Story,Gd,Gd,Y,237000,224700,1
788,L-000788,2009-10-28,2010-01-10,0,32.5,7,5,2084,956,10142,6,6,3.5,2,0,2.07,2.26,3.94,0.0,4.98,10,SawyerW,1Fam,2Story,Gd,Gd,Y,233000,236700,1
8,L-000008,2009-10-28,2009-11-27,0,34.1,7,6,2090,1107,10382,36,36,3.5,2,2,3.88,3.92,3.2,0.0,4.98,10,NWAmes,1Fam,2Story,TA,TA,Y,200000,200000,0
727,L-000727,2009-10-30,2009-12-07,1,35.8,6,9,1680,880,21695,21,2,3.0,2,1,2.3,1.17,4.24,42000.0,4.98,10,Crawfor,1Fam,1Story,Gd,Gd,Y,222000,222000,0
73,L-000073,2009-11-03,2009-12-12,0,27.1,7,5,1718,832,10141,11,11,2.5,2,1,5.39,1.5,3.67,0.0,5.0,11,Gilbert,1Fam,2Story,TA,TA,Y,185000,185000,0
1178,L-001178,2009-11-03,2009-12-01,1,64.2,6,8,1224,818,3950,83,5,1.0,1,0,0.59,4.92,0.36,56100.0,5.0,11,OldTown,1Fam,1.5Fin,TA,TA,Y,115000,115000,0
607,L-000607,2009-11-03,2009-11-21,0,30.9,5,5,1040,1040,12464,13,13,2.0,2,0,2.55,3.34,1.9,0.0,5.0,11,CollgCr,1Fam,1Story,TA,Gd,Y,152000,152000,0
463,L-000463,2009-11-07,2009-12-12,0,42.1,5,5,864,864,8281,44,44,1.0,1,1,0.93,2.46,3.39,0.0,5.0,11,Sawyer,1Fam,1Story,TA,TA,Y,62383,62383,0
883,L-000883,2009-11-08,2009-12-13,1,27.0,6,5,1593,808,9636,17,16,2.5,2,1,4.25,1.89,3.83,81800.0,5.0,11,Gilbert,1Fam,2Story,TA,TA,Y,178000,178000,0
1263,L-001263,2009-11-08,2009-11-25,1,23.5,4,5,1788,1104,11250,52,20,2.0,1,2,4.46,3.68,3.02,37700.0,5.0,11,ClearCr,1Fam,1.5Fin,TA,TA,Y,161500,161500,0
1131,L-001131,2009-11-09,2009-12-06,1,41.0,4,3,1981,1122,7804,81,59,3.0,2,2,2.64,0.6,2.61,98300.0,5.0,11,SWISU,1Fam,1.5Fin,TA,Gd,Y,135000,135000,0
1126,L-001126,2009-11-12,2009-11-23,0,32.4,4,5,1005,1005,10434,54,54,1.0,2,1,2.82,1.93,2.32,0.0,5.0,11,NAmes,1Fam,1Story,TA,Fa,Y,115000,115000,0
1277,L-001277,2009-11-16,2009-12-24,0,22.0,6,6,1395,723,12936,37,37,2.0,2,1,5.44,4.27,2.6,0.0,5.0,11,NWAmes,1Fam,2Story,TA,TA,Y,162000,162000,0
348,L-000348,2009-11-19,2009-12-23,0,32.6,6,5,1478,1478,17600,49,49,3.0,2,2,2.41,2.36,2.33,0.0,5.0,11,NAmes,1Fam,1Story,TA,TA,Y,157500,157500,0
284,L-000284,2009-11-23,2009-12-14,1,42.7,8,5,1468,1468,9612,1,0,2.0,3,1,1.3,3.43,2.25,57300.0,5.0,11,Somerst,1Fam,1Story,Gd,Gd,Y,244600,244600,0
495,L-000495,2009-11-23,2009-12-10,1,66.6,5,8,886,190,5784,71,13,1.0,1,0,0.55,4.33,0.27,35600.0,5.0,11,OldTown,1Fam,1Story,TA,TA,Y,91300,91300,0
1324,L-001324,2009-11-26,2009-12-20,1,36.4,4,7,708,420,5330,69,59,1.0,0,0,3.12,0.83,3.14,15700.0,5.0,11,BrkSide,1Fam,1Story,Fa,Fa,Y,82500,82500,0
708,L-000708,2009-12-05,2009-12-26,0,28.8,8,5,1324,1324,6240,3,3,3.0,2,1,2.19,3.66,4.43,0.0,4.96,12,NridgHt,TwnhsE,1Story,Gd,Gd,Y,254000,254000,0
659,L-000659,2009-12-06,2010-01-23,1,40.9,6,5,1458,912,17503,62,60,1.5,1,1,2.45,1.84,1.54,27100.0,4.96,12,NAmes,1Fam,1.5Fin,TA,TA,Y,97500,96300,1
110,L-000110,2009-12-10,2010-01-11,0,22.8,6,6,1844,1844,11751,33,33,2.0,2,1,4.41,3.74,3.68,0.0,4.96,12,NWAmes,1Fam,1Story,TA,TA,Y,190000,192400,1
906,L-000906,2009-12-10,2010-02-01,0,32.9,5,5,1063,1056,9920,56,56,2.0,1,0,2.6,2.18,2.04,0.0,4.96,12,NAmes,1Fam,1Story,TA,TA,Y,128000,123600,1
712,L-000712,2009-12-13,2010-01-07,1,40.3,4,7,1178,859,8712,110,60,1.0,1,0,1.36,5.38,1.12,32000.0,4.96,12,IDOTRR,1Fam,1.5Fin,TA,TA,Y,102776,101200,1
1243,L-001243,2009-12-23,2010-01-23,0,23.4,7,6,1173,1053,10625,36,36,3.0,2,2,3.63,4.83,3.44,0.0,4.96,12,NWAmes,1Fam,SFoyer,TA,Gd,Y,170000,168400,1
100,L-000100,2009-12-23,2010-01-08,0,33.6,4,5,1225,950,9320,51,51,2.5,0,0,2.82,1.9,1.81,0.0,4.96,12,NAmes,1Fam,1Story,TA,TA,Y,128950,126300,1
46,L-000046,2009-12-30,2010-02-03,0,28.8,9,5,1752,1752,7658,5,5,3.0,2,1,2.35,5.19,2.34,0.0,4.96,12,NridgHt,TwnhsE,1Story,Ex,Ex,Y,319900,319100,1
626,L-000626,2010-01-05,2010-02-07,0,30.3,6,6,1116,1116,10000,48,48,1.5,2,0,3.48,2.2,1.97,0.0,4.95,1,NAmes,1Fam,1Story,TA,TA,Y,160000,162500,1
39,L-000039,2010-01-07,2010-01-24,1,31.7,5,7,1057,1057,7922,57,3,2.0,1,0,3.77,1.6,1.99,29800.0,4.95,1,NAmes,1Fam,1Story,TA,Gd,Y,109000,109400,1
238,L-000238,2010-01-08,2010-02-09,1,36.0,7,7,1744,996,9453,17,7,2.5,2,0,1.54,2.32,3.66,79800.0,4.95,1,SawyerW,1Fam,2Story,Gd,Gd,Y,194500,198000,1
899,L-000899,2010-01-09,2010-03-23,1,29.2,9,5,2364,2330,12919,1,0,3.5,3,2,2.58,3.36,2.73,90500.0,4.95,1,NridgHt,1Fam,1Story,Ex,Ex,Y,611657,638300,1
101,L-000101,2010-01-11,2010-02-04,1,23.8,6,7,1610,1610,10603,33,9,3.0,2,2,3.76,3.65,4.26,41400.0,4.95,1,NWAmes,1Fam,1Story,TA,Gd,Y,205000,201600,1
1417,L-001417,2010-01-12,2010-04-09,1,53.9,4,6,2290,777,11340,125,60,2.0,2,0,0.84,5.24,0.44,56700.0,4.95,1,OldTown,2fmCon,2Story,TA,TA,Y,122500,132100,1
1000,L-001000,2010-01-13,2010-02-02,0,30.5,7,5,1208,1187,6762,4,4,3.0,2,0,2.35,2.87,3.15,0.0,4.95,1,CollgCr,1Fam,1Story,Gd,Gd,Y,206000,209000,1
345,L-000345,2010-01-13,2010-04-12,0,43.3,5,3,1112,536,2592,34,34,1.5,1,0,1.87,1.56,2.23,0.0,4.95,1,MeadowV,TwnhsE,2Story,TA,TA,Y,85000,87200,1
656,L-000656,2010-01-13,2010-03-02,0,40.0,6,5,1092,525,1680,39,39,1.5,1,0,2.03,4.17,1.06,0.0,4.95,1,BrDale,Twnhs,2Story,TA,TA,Y,88000,89000,1
212,L-000212,2010-01-16,2010-03-20,0,32.5,6,5,1212,1212,10420,1,1,2.0,2,0,2.03,5.78,1.33,0.0,4.95,1,Edwards,1Fam,1Story,TA,Gd,Y,186000,198400,1
119,L-000119,2010-01-17,2010-05-10,0,36.8,7,5,3222,1673,12376,20,20,4.0,3,2,1.74,1.73,3.35,0.0,4.95,1,SawyerW,1Fam,2Story,TA,Gd,Y,320000,340900,1
1457,L-001457,2010-01-18,2010-02-25,1,24.3,6,6,2073,1542,13175,32,22,3.0,2,2,4.38,3.51,2.74,80300.0,4.95,1,NWAmes,1Fam,1Story,TA,TA,Y,210000,215800,1
289,L-000289,2010-01-19,2010-02-11,0,40.6,5,5,900,882,9819,43,43,1.0,1,0,1.0,2.52,3.91,0.0,4.95,1,Sawyer,1Fam,1Story,TA,TA,Y,122000,123800,1
414,L-000414,2010-01-22,2010-03-10,1,62.9,5,6,1028,1008,8960,83,60,1.0,2,1,0.69,3.79,0.42,33300.0,4.95,1,OldTown,1Fam,1Story,TA,TA,Y,115000,116100,1
836,L-000836,2010-01-22,2010-02-24,1,44.7,4,7,1067,1067,9600,60,15,2.0,2,0,0.67,2.82,4.11,19800.0,4.95,1,Sawyer,1Fam,1Story,TA,Gd,Y,128000,135100,1
988,L-000988,2010-01-22,2010-04-07,1,31.5,9,5,1940,1930,10159,1,0,3.5,3,1,1.89,5.28,2.13,54500.0,4.95,1,NridgHt,1Fam,1Story,Ex,Ex,Y,395192,399200,1
715,L-000715,2010-01-26,2010-03-03,1,42.8,6,8,1479,725,13517,34,5,2.5,2,0,0.86,2.51,3.54,56100.0,4.95,1,Sawyer,1Fam,2Story,Gd,Gd,Y,130500,131600,1
1195,L-001195,2010-01-27,2010-03-09,0,44.0,6,7,1352,663,9364,41,41,1.5,1,0,0.84,2.14,3.65,0.0,4.95,1,Sawyer,1Fam,2Story,TA,TA,Y,158000,163000,1
369,L-000369,2010-01-27,2010-03-08,0,34.1,5,6,1268,1268,7800,56,56,1.0,1,1,2.16,1.82,3.28,0.0,4.95,1,NAmes,1Fam,1Story,TA,TA,Y,132000,133800,1
965,L-000965,2010-01-28,2010-02-16,1,28.0,7,5,1894,817,11316,8,7,3.5,2,1,3.09,2.22,4.82,79800.0,4.95,1,Timber,1Fam,2Story,Gd,Gd,Y,214900,212200,1
1167,L-001167,2010-01-30,2010-02-27,0,29.4,8,5,1694,1694,10475,2,2,2.0,3,0,3.45,2.64,1.88,0.0,4.95,1,CollgCr,1Fam,1Story,Gd,Gd,Y,245350,246500,1
64,L-000064,2010-01-31,2010-04-04,1,58.0,7,6,1710,576,10300,89,60,2.0,2,0,1.03,3.99,0.39,61800.0,4.95,1,OldTown,1Fam,2Story,TA,TA,Y,140000,145500,1
628,L-000628,2010-02-01,2010-03-24,1,30.9,6,6,1520,1156,9600,55,38,2.0,1,2,3.18,2.06,2.28,58900.0,4.9,2,NAmes,1Fam,SLvl,TA,TA,Y,153000,153600,1
961,L-000961,2010-02-01,2010-02-11,1,38.1,5,7,858,858,7207,52,2,2.0,0,0,3.15,0.67,2.93,18500.0,4.9,2,BrkSide,1Fam,1Story,TA,TA,Y,116500,120400,1
373,L-000373,2010-02-04,2010-02-18,0,32.9,6,5,752,744,7175,26,26,2.0,1,0,2.42,1.8,3.42,0.0,4.9,2,SawyerW,TwnhsE,1Story,TA,TA,Y,125000,126800,1
1217,L-001217,2010-02-04,2010-04-16,0,51.2,6,5,1902,0,8930,32,32,2.0,2,0,0.7,2.31,3.19,0.0,4.9,2,Sawyer,Duplex,1.5Fin,TA,TA,Y,112000,116700,1
240,L-000240,2010-02-06,2010-04-16,1,34.7,6,4,1487,735,8741,65,60,1.5,1,1,1.66,5.15,1.48,52400.0,4.9,2,Edwards,1Fam,1.5Fin,TA,TA,Y,113000,117100,1
1284,L-001284,2010-02-08,2010-04-09,0,33.1,6,5,1824,912,9400,39,39,3.0,0,0,2.38,6.23,0.79,0.0,4.9,2,Mitchel,Duplex,2Story,TA,TA,Y,139000,136800,1
1429,L-001429,2010-02-08,2010-02-27,1,58.3,5,7,804,788,7200,70,18,2.0,1,2,0.63,4.58,0.4,36500.0,4.9,2,OldTown,1Fam,1Story,TA,Gd,Y,119000,123700,1
234,L-000234,2010-02-08,2010-02-23,0,31.0,5,6,894,894,10650,34,34,2.0,1,0,3.11,2.63,1.63,0.0,4.9,2,CollgCr,1Fam,1Story,TA,TA,Y,128200,126600,1
1285,L-001285,2010-02-09,2010-03-15,1,40.8,6,7,2447,804,9638,91,20,2.0,1,1,3.73,0.81,2.52,61800.0,4.9,2,SWISU,1Fam,1.5Fin,TA,Gd,Y,169000,171100,1
245,L-000245,2010-02-09,2010-05-18,1,35.3,7,5,2110,948,8880,16,8,3.5,2,2,1.87,1.73,4.08,72300.0,4.9,2,SawyerW,1Fam,2Story,Gd,Gd,Y,205000,216500,1
370,L-000370,2010-02-09,2010-03-25,1,32.3,5,7,1287,1063,9830,51,4,2.0,2,1,3.03,1.56,2.84,35200.0,4.9,2,NAmes,1Fam,1Story,TA,Gd,Y,162000,163800,1
731,L-000731,2010-02-10,2010-03-16,1,42.6,8,5,1616,1595,5389,15,14,3.0,2,1,0.85,6.91,1.27,43700.0,4.9,2,StoneBr,TwnhsE,1Story,Gd,Gd,Y,236500,235700,1
504,L-000504,2010-02-11,2010-03-04,1,36.4,7,8,1801,1501,15602,51,13,3.0,2,2,1.82,1.4,5.31,71200.0,4.9,2,Crawfor,1Fam,1Story,TA,TA,Y,289000,296700,1
201,L-000201,2010-02-12,2010-03-08,1,37.4,4,5,1121,1121,8546,7,6,2.0,2,0,1.98,5.99,1.39,30200.0,4.9,2,Edwards,1Fam,1Story,TA,TA,Y,140000,143700,1
1354,L-001354,2010-02-13,2010-03-17,1,47.8,8,5,3238,2033,14720,15,14,3.5,3,1,0.66,5.87,0.94,140900.0,4.9,2,NoRidge,1Fam,1.5Fin,Gd,Gd,Y,410000,411200,1
1066,L-001066,2010-02-15,2010-04-15,1,26.5,7,5,2260,1306,14000,14,13,3.5,2,0,3.31,3.05,3.47,117100.0,4.9,2,ClearCr,1Fam,2Story,Gd,Gd,Y,328000,342600,1
17,L-000017,2010-02-16,2010-03-11,0,32.4,6,7,1004,1004,11241,40,40,2.0,2,1,3.01,1.7,2.46,0.0,4.9,2,NAmes,1Fam,1Story,TA,TA,Y,149000,150000,1
1271,L-001271,2010-02-16,2010-04-08,0,24.7,7,6,1524,1332,23595,31,31,2.5,2,1,4.05,3.07,3.49,0.0,4.9,2,ClearCr,1Fam,1Story,Gd,Gd,Y,260000,275000,1
950,L-000950,2010-02-17,2010-03-07,1,22.2,6,7,1381,1161,9360,38,4,2.5,2,1,4.56,4.31,3.37,38600.0,4.9,2,NWAmes,1Fam,1Story,TA,Gd,Y,197500,201700,1
568,L-000568,2010-02-19,2010-03-06,0,29.7,7,5,1535,1517,10171,6,6,2.0,2,0,1.93,4.75,3.55,0.0,4.9,2,NridgHt,1Fam,1Story,Gd,Gd,Y,214000,222600,1
767,L-000767,2010-02-20,2010-03-18,0,22.4,7,5,1714,980,10421,22,22,2.5,2,1,4.83,4.07,3.09,0.0,4.9,2,NWAmes,1Fam,2Story,TA,TA,Y,196500,205700,1
1459,L-001459,2010-02-23,2010-04-04,1,31.8,5,6,1078,1078,9717,60,14,2.0,1,0,3.14,1.56,3.0,37500.0,4.9,2,NAmes,1Fam,1Story,TA,Gd,Y,142125,144900,1
1106,L-001106,2010-02-25,2010-04-13,1,45.7,8,5,2622,1463,12256,16,15,3.5,2,2,0.75,7.34,0.9,88000.0,4.9,2,NoRidge,1Fam,2Story,Gd,Gd,Y,325000,335800,1
773,L-000773,2010-02-26,2010-03-16,0,32.3,6,5,1117,1029,7819,34,34,2.0,2,1,2.23,4.81,1.32,0.0,4.9,2,Edwards,1Fam,SLvl,TA,TA,Y,107000,109300,1
1447,L-001447,2010-03-01,2010-04-23,0,32.4,5,7,1188,1188,26142,48,48,1.0,1,0,2.72,6.34,0.68,0.0,4.88,3,Mitchel,1Fam,1Story,TA,TA,Y,157900,157700,1
277,L-000277,2010-03-02,2010-04-22,0,32.3,7,5,1560,1560,9196,7,7,2.0,2,0,2.75,4.87,0.84,0.0,4.88,3,Mitchel,1Fam,1Story,Gd,Gd,Y,201000,208800,1
241,L-000241,2010-03-02,2010-04-23,0,39.8,8,5,1566,1566,9000,2,2,3.0,2,0,1.44,3.89,2.24,0.0,4.88,3,Somerst,1Fam,1Story,Gd,Gd,Y,262500,274500,1
1251,L-001251,2010-03-03,2010-04-18,0,33.2,7,5,2110,2110,11160,42,42,3.5,2,2,3.04,2.02,1.52,0.0,4.88,3,NAmes,1Fam,1Story,Gd,Ex,Y,244000,255800,1
1458,L-001458,2010-03-04,2010-05-17,1,38.7,7,9,2340,1152,9042,69,4,2.0,1,2,1.63,1.21,5.34,85200.0,4.88,3,Crawfor,1Fam,2Story,Ex,Gd,Y,266500,268900,1
215,L-000215,2010-03-05,2010-03-25,0,28.4,6,7,1392,689,10900,33,33,1.5,1,0,3.33,2.6,2.64,0.0,4.88,3,CollgCr,1Fam,2Story,TA,TA,Y,161750,160100,1
325,L-000325,2010-03-06,2010-06-15,1,38.5,7,7,2978,710,11275,43,3,2.5,2,1,3.17,2.48,3.08,112100.0,4.88,3,NAmes,1Fam,SLvl,Gd,Gd,Y,242000,264100,1
1439,L-001439,2010-03-06,2010-04-01,1,69.7,6,7,1236,912,7407,53,14,2.0,2,0,0.48,2.91,0.31,35800.0,4.88,3,OldTown,1Fam,1Story,TA,TA,Y,149700,154000,1
79,L-000079,2010-03-08,2010-04-16,0,41.5,4,5,1768,1768,10778,42,42,2.0,0,0,0.81,3.32,4.03,0.0,4.88,3,Sawyer,Duplex,1Story,TA,TA,N,136500,140200,1
699,L-000699,2010-03-09,2010-04-07,1,42.3,5,8,894,894,8450,45,1,2.0,1,1,0.8,2.78,4.62,21600.0,4.88,3,Sawyer,1Fam,1Story,TA,TA,Y,138500,146000,1
386,L-000386,2010-03-09,2010-04-06,1,34.0,8,5,1269,1256,3182,6,5,2.0,2,1,1.89,7.27,0.98,68900.0,4.88,3,Blmngtn,TwnhsE,1Story,Gd,Gd,Y,192000,206300,1
1050,L-001050,2010-03-10,2010-04-08,1,32.0,4,7,930,0,11100,64,4,1.0,1,0,2.3,6.09,1.07,17500.0,4.88,3,Edwards,1Fam,1Story,TA,Gd,Y,84900,89200,1
758,L-000758,2010-03-10,2010-04-20,0,45.6,6,5,1386,672,11616,32,32,2.5,2,1,0.71,2.32,3.58,0.0,4.88,3,Sawyer,1Fam,2Story,TA,TA,Y,158900,165700,1
1012,L-001012,2010-03-11,2010-05-01,0,32.3,5,5,1664,0,9825,45,45,2.0,0,0,1.96,5.84,1.49,0.0,4.88,3,Edwards,Duplex,1Story,TA,TA,N,100000,103400,1
749,L-000749,2010-03-11,2010-03-23,0,47.2,7,5,1720,1720,10593,14,14,3.0,2,1,0.7,6.85,0.82,0.0,4.88,3,NoRidge,1Fam,1Story,Gd,Gd,Y,260400,262000,1
172,L-000172,2010-03-11,2010-05-07,0,35.3,6,5,1656,1080,31770,50,50,2.0,2,2,2.22,1.87,2.16,0.0,4.88,3,NAmes,1Fam,1Story,TA,TA,Y,215000,234100,1
1027,L-001027,2010-03-13,2010-04-17,0,36.8,5,5,1264,1268,9300,50,50,2.0,2,2,2.72,2.31,2.19,0.0,4.88,3,NAmes,1Fam,1Story,TA,TA,Y,167500,169100,1
159,L-000159,2010-03-13,2010-05-06,1,37.8,7,5,1947,991,12552,6,5,2.5,2,1,2.08,2.99,1.82,80300.0,4.88,3,Somerst,1Fam,2Story,Gd,Gd,Y,254900,259500,1
1054,L-001054,2010-03-14,2010-05-12,1,35.5,5,6,1526,1216,8562,53,8,1.0,1,1,1.73,4.78,1.22,32800.0,4.88,3,Edwards,1Fam,1Story,TA,TA,Y,144500,151000,1
1061,L-001061,2010-03-16,2010-04-23,0,43.3,8,5,1338,1338,4920,9,9,3.0,2,0,0.97,7.63,0.75,0.0,4.88,3,StoneBr,TwnhsE,1Story,Gd,Gd,Y,213500,221000,1
34,L-000034,2010-03-19,2010-04-22,0,33.9,5,5,1700,1398,10552,51,51,2.0,2,1,2.69,1.54,2.62,0.0,4.88,3,NAmes,1Fam,1Story,TA,Gd,Y,165500,170200,1
112,L-000112,2010-03-19,2010-04-20,0,28.3,7,5,1430,384,7750,10,10,2.5,2,1,3.77,2.09,2.91,0.0,4.88,3,Gilbert,1Fam,SLvl,TA,TA,Y,180000,185700,1
148,L-000148,2010-03-20,2010-05-17,0,27.0,7,5,2035,884,9505,9,9,2.5,2,1,4.45,2.08,2.91,0.0,4.88,3,Gilbert,1Fam,2Story,Gd,Gd,Y,222500,227300,1
341,L-000341,2010-03-20,2010-04-22,0,28.7,8,5,1908,967,14191,8,8,2.5,2,0,2.55,2.78,4.51,0.0,4.88,3,Timber,1Fam,2Story,Gd,Gd,Y,202900,208200,1
862,L-000862,2010-03-20,2010-04-10,0,42.2,5,4,1039,1039,11625,45,45,2.5,2,0,0.84,2.96,3.51,0.0,4.88,3,Sawyer,2fmCon,1Story,TA,TA,Y,131500,133200,1
704,L-000704,2010-03-21,2010-05-07,1,64.8,5,9,1812,360,7630,110,14,2.0,2,1,0.62,4.63,0.28,55000.0,4.88,3,OldTown,2fmCon,2Story,TA,Gd,Y,140000,146600,1
770,L-000770,2010-03-21,2010-06-10,0,42.5,8,5,3279,1650,53504,7,7,4.5,3,1,1.03,5.95,0.9,0.0,4.88,3,StoneBr,1Fam,2Story,Ex,Ex,Y,538000,575900,1
264,L-000264,2010-03-22,2010-04-16,1,59.7,5,7,1316,926,5500,81,9,2.0,2,0,0.58,3.47,0.5,30100.0,4.88,3,OldTown,1Fam,1.5Fin,TA,TA,Y,130000,132400,1
1291,L-001291,2010-03-25,2010-04-26,0,34.5,5,7,1152,1152,14112,46,46,2.0,2,1,2.35,2.06,1.95,0.0,4.88,3,NAmes,1Fam,SLvl,TA,TA,Y,180500,185400,1
231,L-000231,2010-03-26,2010-04-24,0,32.6,6,6,1194,1194,8760,51,51,2.0,1,0,3.13,1.71,2.12,0.0,4.88,3,NAmes,1Fam,1Story,TA,TA,Y,148000,157000,1
856,L-000856,2010-03-27,2010-04-18,1,45.7,5,8,1040,1040,6897,48,0,2.5,1,0,0.79,1.81,3.94,20700.0,4.88,3,Sawyer,1Fam,1Story,TA,TA,Y,127000,132400,1
1086,L-001086,2010-03-27,2010-04-07,0,30.7,6,6,996,936,9069,18,18,2.0,2,0,2.75,2.03,3.46,0.0,4.88,3,SawyerW,1Fam,SFoyer,TA,Gd,Y,147000,153300,1
796,L-000796,2010-03-27,2010-04-11,1,36.4,6,6,1564,650,8400,30,29,2.5,2,1,1.44,2.48,3.64,43700.0,4.88,3,SawyerW,1Fam,2Story,TA,TA,Y,171000,172600,1
25,L-000025,2010-03-28,2010-05-11,1,39.7,5,8,1060,1060,8246,42,9,2.0,1,1,1.12,2.54,3.35,27100.0,4.88,3,Sawyer,1Fam,1Story,TA,Gd,Y,154000,160300,1
1370,L-001370,2010-03-28,2010-05-03,0,33.3,8,5,1668,1657,10635,7,7,3.0,2,1,2.24,2.69,1.96,0.0,4.88,3,CollgCr,1Fam,1Story,Gd,Gd,Y,232000,252800,1
1358,L-001358,2010-03-31,2010-04-21,1,30.3,5,6,1078,1078,12537,39,2,2.5,2,1,3.57,1.89,2.33,35300.0,4.88,3,NAmes,1Fam,1Story,TA,TA,Y,149900,159700,1
141,L-000141,2010-04-02,2010-04-22,0,31.3,4,5,864,864,10500,39,39,1.0,0,1,2.75,2.37,2.31,0.0,4.86,4,NAmes,1Fam,1Story,TA,TA,Y,115000,122400,1
273,L-000273,2010-04-03,2010-04-27,1,45.4,8,7,2270,1152,11764,11,3,2.5,3,1,0.84,6.79,0.76,61100.0,4.86,4,NoRidge,1Fam,2Story,Gd,Gd,Y,290000,305000,1
163,L-000163,2010-04-03,2010-05-03,0,33.8,7,5,1541,1541,12182,5,5,2.0,2,1,1.5,4.27,2.89,0.0,4.86,4,NridgHt,1Fam,1Story,Gd,Gd,Y,220000,235100,1
1280,L-001280,2010-04-06,2010-04-19,1,42.6,4,4,1128,698,7500,90,60,1.0,2,0,1.12,4.81,1.26,23400.0,4.86,4,IDOTRR,1Fam,1.5Fin,TA,TA,Y,68400,72500,1
1268,L-001268,2010-04-06,2010-05-05,1,30.9,9,5,2018,2002,13214,2,1,2.0,3,1,2.22,2.84,3.38,84400.0,4.86,4,Timber,1Fam,1Story,Ex,Ex,Y,378500,405000,1
533,L-000533,2010-04-06,2010-04-22,1,29.9,5,7,827,0,7200,55,3,1.0,1,1,2.62,2.49,3.41,33600.0,4.86,4,NAmes,1Fam,1Story,TA,TA,Y,107500,113700,1
1211,L-001211,2010-04-08,2010-05-01,0,36.1,6,5,1845,1055,11218,18,18,2.5,2,1,1.86,1.72,3.34,0.0,4.86,4,SawyerW,1Fam,2Story,Gd,Gd,Y,189000,199400,1
705,L-000705,2010-04-08,2010-05-14,1,31.5,7,5,1484,1473,8400,6,5,3.0,2,0,2.48,2.64,2.4,70700.0,4.86,4,CollgCr,1Fam,1Story,Gd,Gd,Y,213000,228400,1
863,L-000863,2010-04-09,2010-05-01,1,28.1,6,5,1097,1040,9672,26,25,2.0,2,0,3.21,2.03,5.0,20100.0,4.86,4,SawyerW,1Fam,1Story,TA,TA,Y,152000,155200,1
540,L-000540,2010-04-11,2010-05-08,1,27.6,8,5,1601,1581,11423,9,8,3.0,2,1,3.37,3.3,2.26,68000.0,4.86,4,CollgCr,1Fam,1Story,Gd,Gd,Y,272000,292900,1
104,L-000104,2010-04-11,2010-05-12,0,30.3,7,5,1226,1226,10402,1,1,2.0,3,0,2.96,2.38,2.46,0.0,4.86,4,CollgCr,1Fam,1Story,TA,Gd,Y,198900,203600,1
1386,L-001386,2010-04-11,2010-05-04,1,41.6,4,8,1154,796,5436,88,3,2.0,1,0,1.41,7.22,1.18,66800.0,4.86,4,IDOTRR,1Fam,1.5Fin,TA,Gd,Y,125500,131600,1
1314,L-001314,2010-04-13,2010-05-15,0,46.9,9,5,2599,1393,14774,11,11,2.5,3,1,0.85,5.83,0.6,0.0,4.86,4,NoRidge,1Fam,2Story,Gd,Gd,Y,333168,346400,1
237,L-000237,2010-04-14,2010-05-14,0,30.8,7,5,1414,1414,8773,6,6,2.0,2,0,2.63,2.24,3.21,0.0,4.86,4,CollgCr,1Fam,1Story,Gd,Gd,Y,185500,191300,1
649,L-000649,2010-04-16,2010-06-23,0,46.0,6,5,1839,756,7700,44,44,1.5,2,1,2.14,1.8,2.16,0.0,4.86,4,NAmes,1Fam,2Story,TA,TA,Y,155000,161800,1
616,L-000616,2010-04-17,2010-05-13,0,37.7,6,7,1054,936,8800,47,47,2.0,2,0,2.88,1.87,2.12,0.0,4.86,4,NAmes,1Fam,SFoyer,TA,Gd,Y,137500,141000,1
681,L-000681,2010-04-17,2010-05-07,0,33.1,6,5,923,923,8012,30,30,2.0,1,1,2.32,1.94,3.1,0.0,4.86,4,SawyerW,TwnhsE,1Story,TA,TA,Y,143000,143000,1
1095,L-001095,2010-04-18,2010-05-09,1,32.2,5,7,936,936,5868,54,10,2.0,1,0,3.16,1.77,2.15,14100.0,4.86,4,NAmes,1Fam,1Story,TA,TA,Y,129000,138900,1
561,L-000561,2010-04-18,2010-05-22,1,45.3,5,6,1392,1392,11341,53,14,2.5,2,1,0.83,1.91,3.24,30900.0,4.86,4,Sawyer,1Fam,1Story,TA,TA,Y,121500,120000,1
158,L-000158,2010-04-19,2010-05-19,1,30.6,8,5,1968,774,12003,1,0,2.5,3,1,2.19,2.71,4.15,91400.0,4.86,4,Timber,1Fam,2Story,Gd,Ex,Y,269500,291600,1
229,L-000229,2010-04-19,2010-05-02,0,50.6,5,5,912,912,8521,43,43,1.0,1,1,0.8,1.96,3.31,0.0,4.86,4,Sawyer,1Fam,1Story,TA,TA,Y,125000,131400,1
973,L-000973,2010-04-19,2010-04-27,0,34.6,6,5,918,918,7892,31,31,2.0,1,1,1.93,1.9,3.8,0.0,4.86,4,SawyerW,TwnhsE,1Story,TA,TA,Y,99500,104400,1
870,L-000870,2010-04-19,2010-06-21,1,33.7,7,5,1949,1050,9938,17,16,3.5,2,1,2.06,1.98,3.67,95200.0,4.86,4,SawyerW,1Fam,2Story,Gd,Gd,Y,236000,249300,1
1311,L-001311,2010-04-19,2010-05-18,1,49.0,7,8,1902,1902,17500,51,8,3.0,2,2,1.31,1.66,5.6,81300.0,4.86,4,Crawfor,1Fam,1Story,Gd,Ex,Y,335000,354000,1
1234,L-001234,2010-04-21,2010-05-22,0,34.6,5,5,1188,1188,12160,51,51,2.0,2,0,2.3,2.09,1.97,0.0,4.86,4,NAmes,1Fam,1Story,TA,TA,Y,142000,151200,1
1300,L-001300,2010-04-24,2010-05-14,1,30.5,5,7,1246,1246,7500,51,16,2.5,1,0,3.79,1.56,2.71,43000.0,4.86,4,NAmes,1Fam,1Story,TA,Gd,Y,154000,160700,1
28,L-000028,2010-04-24,2010-05-26,1,30.8,8,5,1704,1704,11478,3,2,3.0,3,1,2.28,4.15,1.98,67100.0,4.86,4,NridgHt,1Fam,1Story,Gd,Gd,Y,306000,324600,1
67,L-000067,2010-04-24,2010-07-16,1,45.1,7,5,2207,1947,19900,40,21,3.0,2,1,2.52,1.79,1.81,48600.0,4.86,4,NAmes,1Fam,1Story,TA,TA,Y,180000,191700,1
722,L-000722,2010-04-25,2010-05-23,0,35.7,6,5,848,848,4426,6,6,2.0,2,0,2.69,2.54,2.52,0.0,4.86,4,CollgCr,TwnhsE,1Story,Gd,Gd,Y,143000,150200,1
143,L-000143,2010-04-25,2010-06-11,0,41.6,5,4,1385,910,8520,58,58,2.0,2,0,2.77,1.56,1.33,0.0,4.86,4,NAmes,1Fam,1.5Fin,TA,TA,Y,166000,175000,1
99,L-000099,2010-04-26,2010-05-16,1,32.0,5,5,835,458,10625,90,60,1.0,1,0,2.2,4.77,1.46,36100.0,4.86,4,Edwards,1Fam,1Story,TA,TA,N,83000,86200,1
354,L-000354,2010-04-27,2010-05-15,1,57.5,6,8,720,624,8520,82,7,1.0,2,0,0.57,5.51,0.53,19500.0,4.86,4,OldTown,1Fam,1Story,TA,TA,Y,105900,114900,1
960,L-000960,2010-04-28,2010-05-22,0,40.4,7,5,1416,696,2572,11,11,3.5,2,0,1.75,2.63,1.87,0.0,4.86,4,Somerst,Twnhs,2Story,Gd,Gd,Y,155000,160900,1
75,L-000075,2010-04-28,2010-05-15,1,62.0,3,6,1605,840,5790,95,60,2.0,1,0,0.49,3.3,0.49,36000.0,4.86,4,OldTown,1Fam,2Story,Gd,TA,N,107400,108500,1
1087,L-001087,2010-04-29,2010-05-18,0,42.6,4,5,1092,546,1974,37,37,1.5,1,0,1.71,1.65,3.14,0.0,4.86,4,MeadowV,TwnhsE,2Story,TA,TA,Y,83500,84300,1
685,L-000685,2010-04-30,2010-06-04,0,49.1,7,5,1839,1195,16770,12,12,2.5,2,0,0.59,5.81,0.95,0.0,4.86,4,NoRidge,1Fam,2Story,Gd,TA,Y,221000,230600,1
381,L-000381,2010-05-03,2010-05-23,1,36.0,5,6,1691,1026,5000,86,60,2.0,1,1,3.92,0.72,2.68,53600.0,4.75,5,SWISU,1Fam,1.5Fin,TA,Gd,Y,127000,134600,1
53,L-000053,2010-05-04,2010-05-23,0,42.0,5,5,816,816,8472,47,47,2.0,2,0,1.25,5.66,1.76,0.0,4.75,5,IDOTRR,Duplex,1Story,Fa,TA,N,110000,117600,1
1138,L-001138,2010-05-05,2010-05-16,1,49.9,5,8,1020,780,6342,135,14,1.0,0,0,0.81,2.29,2.88,24200.0,4.75,5,Sawyer,1Fam,1.5Fin,TA,TA,N,94000,97100,1
251,L-000251,2010-05-05,2010-05-19,1,38.3,3,2,1306,728,5350,70,44,1.0,0,0,2.58,0.79,3.4,25700.0,4.75,5,BrkSide,1Fam,1Story,TA,Fa,Y,76500,79200,1
940,L-000940,2010-05-05,2010-06-05,1,26.7,7,7,2403,1032,24090,70,60,2.0,1,2,3.22,2.96,3.65,85100.0,4.75,5,ClearCr,1Fam,2Story,TA,TA,Y,244400,262700,1
74,L-000074,2010-05-05,2010-05-27,1,32.7,5,7,1086,1086,10200,56,7,2.0,2,0,3.56,1.5,1.95,24500.0,4.75,5,NAmes,1Fam,1Story,TA,TA,Y,144900,151200,1
615,L-000615,2010-05-06,2010-05-22,0,39.5,4,6,630,630,1491,38,38,2.0,0,0,2.26,1.85,2.57,0.0,4.75,5,MeadowV,TwnhsE,SFoyer,TA,TA,Y,75500,79800,1
1248,L-001248,2010-05-06,2010-05-24,0,32.2,6,5,1034,1012,12328,34,34,2.0,3,0,2.85,7.06,0.6,0.0,4.75,5,Mitchel,1Fam,SLvl,TA,TA,Y,169900,179600,1
787,L-000787,2010-05-06,2010-06-05,1,69.4,5,6,1652,686,10800,95,60,3.0,1,0,0.42,4.89,0.24,69100.0,4.75,5,OldTown,1Fam,1.5Fin,TA,TA,Y,139000,150200,1
235,L-000235,2010-05-08,2010-05-27,0,30.1,6,5,1960,860,7851,8,8,3.5,2,2,4.92,1.23,2.85,0.0,4.75,5,Gilbert,1Fam,2Story,Gd,Gd,Y,216500,225100,1
566,L-000566,2010-05-08,2010-05-22,1,35.6,6,4,1647,806,6858,95,60,2.5,1,0,3.14,0.94,2.93,52300.0,4.75,5,SWISU,1Fam,2Story,TA,Fa,N,128000,131700,1
447,L-000447,2010-05-08,2010-06-22,1,44.6,6,6,1888,1517,16492,44,8,2.5,2,1,2.28,1.95,2.21,48700.0,4.75,5,NAmes,1Fam,1Story,Gd,Gd,Y,190000,198300,1
635,L-000635,2010-05-08,2010-06-02,0,54.6,6,5,1056,1056,6979,30,30,2.0,2,0,0.56,4.73,0.4,0.0,4.75,5,OldTown,Duplex,SFoyer,TA,TA,Y,144000,164700,1
255,L-000255,2010-05-09,2010-06-08,0,31.8,5,6,1314,1314,8400,53,53,2.0,1,0,3.01,1.91,2.32,0.0,4.75,5,NAmes,1Fam,1Story,TA,TA,Y,145000,156000,1
816,L-000816,2010-05-10,2010-05-26,0,29.7,7,5,1661,1649,12137,12,12,2.0,2,0,3.63,2.2,2.06,0.0,4.75,5,CollgCr,1Fam,1Story,TA,Gd,Y,224900,234500,1
27,L-000027,2010-05-10,2010-05-27,1,38.4,5,7,900,900,7200,59,10,1.5,2,0,2.31,1.37,1.62,32500.0,4.75,5,NAmes,1Fam,1Story,TA,Gd,Y,134800,138200,1
1323,L-001323,2010-05-11,2010-06-13,0,43.6,7,5,1923,750,10186,18,18,3.5,2,1,0.77,8.09,1.21,0.0,4.75,5,NoRidge,1Fam,2Story,Gd,Gd,Y,190000,200300,1
1212,L-001212,2010-05-14,2010-06-26,1,31.0,8,7,1752,559,12134,22,5,2.0,2,0,3.71,1.37,3.2,35200.0,4.75,5,Gilbert,1Fam,1.5Fin,Gd,TA,Y,164000,177100,1
879,L-000879,2010-05-16,2010-06-27,1,45.6,5,7,1155,1109,11782,49,15,2.0,2,0,0.65,2.92,3.29,46900.0,4.75,5,Sawyer,1Fam,SFoyer,TA,Gd,Y,148000,158500,1
379,L-000379,2010-05-17,2010-06-10,0,45.9,9,2,1856,1856,11394,0,0,2.5,3,1,0.69,5.63,1.28,0.0,4.75,5,StoneBr,1Fam,1Story,Gd,Ex,Y,394432,411700,1
1287,L-001287,2010-05-17,2010-06-21,0,26.1,6,5,1328,1328,9790,47,47,2.5,2,2,6.06,5.34,2.16,0.0,4.75,5,NWAmes,1Fam,1Story,TA,TA,Y,143000,155300,1
413,L-000413,2010-05-17,2010-06-16,0,38.6,7,5,1478,1470,4403,1,1,3.5,2,1,1.89,2.88,2.05,0.0,4.75,5,Somerst,1Fam,1Story,Ex,Gd,Y,222000,240300,1
1237,L-001237,2010-05-19,2010-06-11,0,31.1,7,5,1626,764,2628,7,7,2.5,2,0,1.78,4.89,2.97,0.0,4.75,5,NridgHt,Twnhs,2Story,Gd,Gd,Y,175500,186800,1
396,L-000396,2010-05-19,2010-06-18,0,36.9,5,6,1144,1144,9571,54,54,2.0,1,0,1.52,6.25,1.02,0.0,4.75,5,Edwards,1Fam,1Story,TA,TA,Y,129000,137600,1
1381,L-001381,2010-05-20,2010-06-01,1,37.3,3,3,864,864,8212,96,60,2.0,1,0,1.4,4.66,1.46,8300.0,4.75,5,Edwards,1Fam,1Story,TA,TA,N,58500,62700,1
1190,L-001190,2010-05-20,2010-06-13,0,25.3,7,5,1804,994,7500,11,11,2.5,2,1,4.81,2.02,4.26,0.0,4.75,5,Gilbert,1Fam,2Story,TA,Gd,Y,189000,201700,1
872,L-000872,2010-05-21,2010-06-11,0,28.8,6,5,1682,804,8750,12,12,2.5,2,0,3.09,2.48,3.0,0.0,4.75,5,CollgCr,1Fam,2Story,TA,Gd,Y,200500,212000,1
1359,L-001359,2010-05-21,2010-06-23,0,39.3,6,5,1573,756,2117,10,10,2.5,2,0,1.67,2.96,2.34,0.0,4.75,5,Somerst,Twnhs,2Story,Gd,Gd,Y,177500,190700,1
102,L-000102,2010-05-22,2010-06-20,0,35.5,6,5,1732,741,9206,25,25,2.5,2,1,1.8,1.82,4.02,0.0,4.75,5,SawyerW,1Fam,2Story,Gd,Gd,Y,178000,191200,1
751,L-000751,2010-05-23,2010-06-11,1,55.3,4,7,1140,576,8800,100,6,1.0,0,0,0.76,6.17,0.36,18400.0,4.75,5,OldTown,1Fam,1.5Fin,TA,TA,Y,96500,107400,1
471,L-000471,2010-05-23,2010-06-08,0,48.1,8,5,1502,1488,6820,25,25,2.5,2,0,0.65,5.68,0.94,0.0,4.75,5,StoneBr,TwnhsE,1Story,Gd,Gd,Y,212000,232200,1
604,L-000604,2010-05-25,2010-06-13,1,41.8,7,5,1200,600,3182,6,5,2.5,2,0,1.56,3.77,1.22,58600.0,4.75,5,Somerst,TwnhsE,2Story,Gd,Gd,Y,151000,163800,1
1082,L-001082,2010-05-28,2010-06-23,0,49.3,5,5,1040,1040,7500,47,47,2.5,1,0,0.79,2.36,3.52,0.0,4.75,5,Sawyer,1Fam,1Story,TA,TA,Y,133000,140900,1
813,L-000813,2010-05-30,2010-06-15,0,37.4,5,5,1044,540,8712,58,58,1.0,2,0,1.6,5.49,1.34,0.0,4.75,5,IDOTRR,1Fam,1Story,Fa,Fa,N,55993,59400,1
763,L-000763,2010-05-31,2010-06-17,0,41.3,7,5,1547,756,8640,1,1,2.5,2,0,1.21,4.72,2.09,0.0,4.75,5,Somerst,1Fam,2Story,TA,Gd,Y,215200,225300,1
1409,L-001409,2010-06-02,2010-06-27,1,62.8,4,7,1363,622,7740,100,60,1.0,2,0,0.43,4.59,0.38,43200.0,4.77,6,OldTown,1Fam,2Story,TA,TA,Y,125500,132100,1
1397,L-001397,2010-06-04,2010-06-23,1,31.0,5,5,1687,747,57200,62,60,2.0,2,2,2.05,3.32,3.26,45800.0,4.77,6,Timber,1Fam,1Story,TA,TA,Y,160000,171500,1
819,L-000819,2010-06-08,2010-06-16,0,27.2,6,7,1052,1010,8816,39,39,2.0,2,0,3.93,2.15,3.43,0.0,4.77,6,ClearCr,1Fam,SLvl,TA,TA,Y,155000,162900,1
69,L-000069,2010-06-16,2010-06-23,1,65.3,4,6,747,747,4608,65,60,1.0,1,0,0.57,3.93,0.39,24800.0,4.77,6,OldTown,1Fam,1Story,TA,TA,Y,80000,85600,1
820,L-000820,2010-06-16,2010-06-27,1,33.1,7,5,1358,1358,6371,1,0,3.0,2,1,1.59,3.77,3.48,44200.0,4.77,6,NridgHt,TwnhsE,1Story,Gd,Gd,Y,224000,241400,1
278,L-000278,2010-06-18,2010-06-25,0,31.0,4,5,864,864,19138,59,59,1.0,2,0,3.77,1.39,3.03,0.0,4.77,6,Gilbert,1Fam,1Story,TA,TA,Y,141000,148700,1
706,L-000706,2010-06-21,2010-07-13,1,44.2,4,5,1092,0,5600,80,60,2.0,0,0,1.23,5.54,1.18,24300.0,4.77,6,IDOTRR,2fmCon,2Story,Fa,Fa,N,55000,59400,1
1145,L-001145,2010-06-23,2010-07-19,1,35.0,4,4,924,672,12180,69,60,2.0,1,0,1.72,3.6,1.81,37800.0,4.77,6,Edwards,2fmCon,1.5Fin,TA,Fa,N,80000,84400,1
1161,L-001161,2010-06-26,2010-07-21,0,32.7,6,5,1456,855,2280,32,32,2.5,2,1,2.28,3.01,1.85,0.0,4.77,6,NPkVill,Twnhs,2Story,TA,TA,Y,146000,153300,1
420,L-000420,2010-06-26,2010-07-19,0,33.1,5,6,1056,1056,8450,42,42,2.0,1,1,2.56,1.88,2.54,0.0,4.77,6,NAmes,1Fam,1Story,TA,TA,Y,142000,151000,1
1422,L-001422,2010-07-07,2010-07-20,0,33.1,6,5,1069,1069,4043,33,33,2.0,2,1,1.98,2.81,2.69,0.0,4.73,7,NPkVill,TwnhsE,1Story,TA,TA,Y,127500,139000,1
