Id,listing_id,sale_date,dist_school_km,dist_hospital_km,dist_transit_km,renovated,renovation_cost_usd,days_on_market,listing_date,local_interest_rate_pct,market_price_index,sale_price,sale_price_market_adjusted,sale_price_kaggle
131,L-000131,2006-05-05,3.47,1.63,1.62,No,,261,2005-08-17,6.26,99.78,226000,226000,226000
198,L-000198,2006-03-22,3.02,1.69,1.42,Yes,161300.0,166,2005-10-07,6.26,99.78,235000,235000,235000
665,L-000665,2006-01-20,1.42,2.84,2.86,Yes,50800.0,69,2005-11-12,6.26,99.78,423000,423000,423000
1041,L-001041,2006-01-21,1.11,2.45,3.59,Yes,59100.0,63,2005-11-19,6.26,99.78,155000,155000,155000
186,L-000186,2006-06-13,0.55,3.63,0.4,Yes,109400.0,202,2005-11-23,6.26,99.78,475000,475000,475000
997,L-000997,2006-01-19,3.17,2.24,2.33,No,,52,2005-11-28,6.26,99.78,136500,136500,136500
586,L-000586,2006-03-10,2.77,3.68,3.13,Yes,93400.0,99,2005-12-01,6.26,99.78,369900,369900,369900
546,L-000546,2006-02-02,4.39,4.61,4.65,No,,62,2005-12-02,6.26,99.78,229000,229000,229000
142,L-000142,2006-01-04,3.65,3.25,2.22,No,,33,2005-12-02,6.26,99.78,260000,260000,260000
4,L-000004,2006-02-07,2.38,0.91,7.19,Yes,85400.0,60,2005-12-09,6.26,99.78,140000,140000,140000
811,L-000811,2006-01-09,3.79,4.36,3.23,Yes,44600.0,29,2005-12-11,6.26,99.78,181000,181000,181000
303,L-000303,2006-01-13,3.35,2.31,2.68,Yes,39000.0,25,2005-12-19,6.26,99.78,205000,205000,205000
893,L-000893,2006-02-16,0.85,2.61,3.98,Yes,33000.0,57,2005-12-21,6.26,99.78,154500,154500,154500
1034,L-001034,2006-02-06,2.53,2.23,2.95,No,,46,2005-12-22,6.26,99.78,230000,230000,230000
170,L-000170,2006-01-26,2.75,2.76,4.08,No,,34,2005-12-23,6.26,99.78,228000,228000,228000
1305,L-001305,2006-04-18,2.01,6.39,2.04,No,,115,2005-12-24,6.26,99.78,130000,130000,130000
412,L-000412,2006-01-16,3.52,2.08,4.21,No,,22,2005-12-25,6.26,99.78,145000,145000,145000
1405,L-001405,2006-01-10,0.53,5.17,0.32,Yes,16800.0,13,2005-12-28,6.26,99.78,105000,105000,105000
371,L-000371,2006-01-14,3.59,1.74,2.69,No,,14,2005-12-31,6.26,99.78,172400,172400,172400
603,L-000603,2006-02-15,1.73,1.54,3.18,No,,45,2006-01-01,6.26,99.78,220000,220000,220000
294,L-000294,2006-03-05,4.33,5.15,2.86,Yes,50900.0,62,2006-01-02,6.26,99.78,235000,235000,235000
949,L-000949,2006-02-10,2.71,2.44,2.44,No,,37,2006-01-04,6.26,99.78,192500,192500,192500
256,L-000256,2006-02-23,4.13,1.55,2.91,No,,49,2006-01-05,6.26,99.78,230000,230000,230000
160,L-000160,2006-03-23,3.88,1.55,3.01,Y,71600.0,57,2006-01-25,6.26,99.78,320000,320000,320000
223,L-000223,2006-02-22,4.21,3.7,3.15,N,,28,2006-01-25,6.26,99.78,179900,179900,179900
884,L-000884,2006-03-02,2.14,0.66,2.83,Yes,46400.0,32,2006-01-29,6.26,99.78,118500,118500,118500
1168,L-001168,2006-02-24,5.2,1.26,4.11,No,,24,2006-01-31,6.26,99.78,173000,173000,173000
155,L-000155,2006-03-08,0.47,4.21,0.45,Yes,40100.0,36,2006-01-31,6.26,99.78,125000,125000,125000
1239,L-001239,2006-03-01,2.34,1.98,3.97,No,,28,2006-02-01,6.23,100.23,142500,142500,142500
146,L-000146,2006-04-08,2.17,4.82,1.7,Yes,58300.0,65,2006-02-02,6.23,100.23,130000,130000,130000
1084,L-001084,2006-03-21,3.41,1.83,2.51,No,,46,2006-02-03,6.23,100.23,160000,160000,160000
1089,L-001089,2006-04-05,1.45,6.06,1.68,No,,61,2006-02-03,6.23,100.23,137500,137500,137500
1078,L-001078,2006-03-05,2.08,2.34,2.27,No,,28,2006-02-05,6.23,100.23,138800,138800,138800
417,L-000417,2006-03-22,0.85,2.09,4.4,No,,44,2006-02-06,6.23,100.23,149500,149500,149500
328,L-000328,2006-04-05,2.4,2.01,2.52,No,,58,2006-02-06,6.23,100.23,145250,145250,145250
1186,L-001186,2006-03-15,1.83,4.73,1.35,Yes,41500.0,37,2006-02-06,6.23,100.23,104900,104900,104900
220,L-000220,2006-03-03,2.42,5.0,0.78,Yes,57500.0,23,2006-02-08,6.23,100.23,167240,167240,167240
754,L-000754,2006-03-20,1.95,4.47,2.99,No,,36,2006-02-12,6.23,100.23,275500,275500,275500
1252,L-001252,2006-03-11,1.82,4.06,3.43,No,,26,2006-02-13,6.23,100.23,171750,171750,171750
765,L-000765,2006-04-27,3.34,0.42,4.34,Yes,36600.0,73,2006-02-13,6.23,100.23,270000,270000,270000
82,L-000082,2006-03-25,2.98,6.62,0.68,No,,40,2006-02-13,6.23,100.23,153500,153500,153500
296,L-000296,2006-03-17,3.51,6.22,0.68,No,,999,2006-02-13,6.23,100.23,142500,142500,142500
512,L-000512,2006-03-01,1.71,4.49,2.8,Yes,46300.0,15,2006-02-14,6.23,100.23,202665,202665,202665
947,L-000947,2006-03-23,2.7,2.28,2.28,No,,35,2006-02-16,6.23,100.23,143000,143000,143000
970,L-000970,2006-03-27,2.9,1.96,1.71,No,,38,2006-02-17,6.23,100.23,140000,140000,140000
481,L-000481,2006-03-12,1.67,4.84,2.65,Yes,78300.0,22,2006-02-18,6.23,100.23,326000,326000,326000
599,L-000599,2006-03-23,2.53,1.35,5.44,No,,31,2006-02-20,6.23,100.23,217500,217500,217500
1180,L-001180,2006-04-01,2.29,5.55,1.24,No,,39,2006-02-21,6.23,100.23,93000,93000,93000
247,L-000247,2006-04-13,0.56,4.01,0.35,Yes,68700.0,51,2006-02-21,6.23,100.23,137000,137000,137000
1181,L-001181,2006-04-08,2.24,2.71,3.99,Yes,81400.0,46,2006-02-21,6.23,100.23,250000,250000,250000
1266,L-001266,2006-03-24,1.68,2.65,2.17,No,,28,2006-02-24,6.23,100.23,183900,183900,183900
1247,L-001247,2006-03-24,1.7,2.65,2.84,Yes,26400.0,26,2006-02-26,6.23,100.23,186500,186500,186500
1294,L-001294,2006-03-20,3.49,3.19,3.68,No,,22,2006-02-26,6.23,100.23,162900,162900,162900
1304,L-001304,2006-04-05,2.15,2.59,2.04,No,,36,2006-02-28,6.23,100.23,232000,232000,232000
693,L-000693,2006-04-07,2.33,2.23,4590.0,Yes,91300.0,34,2006-03-04,6.33,101.17,335000,335000,335000
150,L-000150,2006-04-07,2.55,0.68,2.1,Yes,35000.0,34,2006-03-04,6.33,101.17,115000,115000,115000
221,L-000221,2006-04-09,3.64,1.66,2.72,No,,33,2006-03-07,6.33,101.17,204900,204900,204900
578,L-000578,2006-05-04,0.85,2.71,3.84,No,,58,2006-03-07,6.33,101.17,164500,164500,164500
1077,L-001077,2006-04-24,0.62,3.58,0.43,Yes,50900.0,48,2006-03-07,6.33,101.17,170000,170000,170000
350,L-000350,2006-04-21,2.19,3.05,3.73,Yes,94000.0,44,2006-03-08,6.33,101.17,437154,437154,437154
562,L-000562,2006-04-24,2.97,5.2,0.85,Yes,38800.0,46,2006-03-09,6.33,101.17,170000,170000,170000
526,L-000526,2006-04-17,1.9,3.21,2.06,No,,38,2006-03-10,6.33,101.17,176000,176000,176000
772,L-000772,2006-04-12,2.06,5.93,1.36,No,,33,2006-03-10,6.33,101.17,102000,102000,102000
489,L-000489,2006-05-08,0.6,4.67,0.32,Yes,96400.0,57,2006-03-12,6.33,101.17,160000,160000,160000
1338,L-001338,2006-03-22,0.47,3.21,0.32,Yes,20300.0,8,2006-03-14,6.33,101.17,52500,52500,52500
194,L-000194,2006-05-24,2.04,3.63,1.67,No,,69,2006-03-16,6.33,101.17,130000,130000,130000
1069,L-001069,2006-06-02,2.01,1.75,2.13,No,,77,2006-03-17,6.33,101.17,151400,151400,151400
1453,L-001453,2006-05-16,2.49,6.64,1.33,No,,57,2006-03-20,6.33,101.17,145000,145000,145000
1090,L-001090,2006-04-12,2.25,2.44,2.81,No,,23,2006-03-20,6.33,101.17,197000,197000,197000
701,L-000701,2006-05-07,2.48,2.35,6.02,No,,46,2006-03-22,6.33,101.17,312500,312500,312500
1295,L-001295,2006-04-12,1.46,4.89,1.28,Yes,21200.0,21,2006-03-22,6.33,101.17,115000,115000,115000
1020,L-001020,2006-04-13,2.3,5.87,1.06,No,,21,2006-03-23,6.33,101.17,213490,213490,213490
976,L-000976,2006-04-25,2.04,2.88,2.31,No,,33,2006-03-23,6.33,101.17,165000,165000,165000
1220,L-001220,2006-04-26,,4.28,0.83,No,,32,2006-03-25,6.33,101.17,91500,91500,91500
263,L-000263,2006-07-03,1.01,3.23,4.19,Yes,32600.0,99,2006-03-26,6.33,101.17,151000,151000,151000
1232,L-001232,2006-05-22,2.08,2.18,2.49,No,,57,2006-03-26,6.33,101.17,132500,132500,132500
1365,L-001365,2006-04-20,2.17,3.78,1.95,No,,24,2006-03-27,6.33,101.17,144152,144152,144152
897,L-000897,2006-04-19,1.38,5.96,1.77,Yes,16000.0,21,2006-03-29,6.33,101.17,106500,106500,106500
852,L-000852,2006-05-02,2.37,8.18,0.83,No,,34,2006-03-29,6.33,101.17,215000,215000,215000
243,L-000243,2006-04-14,0.51,4.63,0.29,Yes,35600.0,15,2006-03-30,6.33,101.17,79000,79000,79000
135,L-000135,2006-07-05,0.98,3.17,3.55,Yes,49400.0,97,2006-03-30,6.33,101.17,180000,180000,180000
86,L-000086,2006-04-22,0.64,8.16,0.78,Yes,62000.0,22,2006-03-31,6.33,101.17,260000,260000,260000
1210,L-001210,2006-05-05,1.7,2.68,2.04,No,,34,2006-04-01,6.36,100.67,290000,290000,290000
557,L-000557,2006-05-19,3.62,2.5,1.88,No,,47,2006-04-02,6.36,100.67,141000,141000,141000
908,L-000908,2006-06-16,2.15,2.26,5.13,Yes,68100.0,74,2006-04-03,6.36,100.67,250000,250000,250000
216,L-000216,2006-05-05,2.31,2.43,2.35,Yes,48000.0,31,2006-04-04,6.36,100.67,134450,134450,134450
45,L-000045,2006-05-18,3.23,1.58,2.09,No,,42,2006-04-06,6.36,100.67,141000,141000,141000
925,L-000925,2006-05-04,4.75,3.6,2.81,No,,28,2006-04-06,6.36,100.67,207500,207500,207500
203,L-000203,2006-05-13,0.64,4.37,0.32,Yes,45800.0,36,2006-04-07,6.36,100.67,112000,112000,112000
138,L-000138,2006-07-12,2.49,4.7,0.9,Yes,86700.0,96,2006-04-07,6.36,100.67,171000,171000,171000
448,L-000448,2006-07-19,3.05,1.62,4.06,Yes,54700.0,102,2006-04-08,6.36,100.67,199900,199900,199900
1030,L-001030,2006-05-22,2.05,4.16,0.91,N,,44,2006-04-08,6.36,100.67,118000,118000,118000
1387,L-001387,2006-07-06,4.81,2.98,3.67,No,,88,2006-04-09,6.36,100.67,250000,250000,250000
714,L-000714,2006-05-02,2.5,0.8,2.46,No,,22,2006-04-10,6.36,100.67,129000,129000,129000
448,L-900448,2006-07-19,3.05,1.62,4.06,Yes,54700.0,102,2006-04-10,6.36,100.67,199900,199900,199900
248,L-000248,2006-06-03,3.94,1.99,1.82,No,,54,2006-04-10,6.36,100.67,140000,140000,140000
1208,L-001208,2006-05-06,2.58,2.38,3.11,No,,25,2006-04-11,6.36,100.67,200000,200000,200000
311,L-000311,2006-05-12,3.77,1.08,3.82,Yes,38200.0,31,2006-04-11,6.36,100.67,165600,165600,165600
313,L-000313,2006-05-06,0.56,5.86,0.36,Yes,22100.0,23,2006-04-13,6.36,100.67,119900,119900,119900
1215,L-001215,2006-05-03,3.28,1.66,2.06,No,,19,2006-04-14,6.36,100.67,134500,134500,134500
493,L-000493,2006-05-01,3.73,1.79,3.61,No,,17,2006-04-14,6.36,100.67,172785,172785,172785
809,L-000809,2006-06-04,2.9,1.79,2.2,No,,50,2006-04-15,6.36,100.67,159950,159950,159950
1245,L-001245,2006-06-11,1.54,1.39,4.53,Yes,29400.0,56,2006-04-16,6.36,100.67,230000,230000,230000
339,L-000339,2006-05-27,5.05,4.04,2.64,Yes,35200.0,41,2006-04-16,6.36,100.67,202500,202500,202500
631,L-000631,2006-06-11,0.71,3.27,0.52,Yes,26600.0,56,2006-04-16,6.36,100.67,124000,124000,124000
394,L-000394,2006-04-26,1.98,0.55,1.58,Yes,25500.0,10,2006-04-16,6.36,100.67,100000,100000,100000
484,L-000484,2006-05-12,3.27,5.86,0.77,No,,25,2006-04-17,6.36,100.67,164000,164000,164000
738,L-000738,2006-06-09,5.43,1.34,3.43,No,,52,2006-04-18,6.36,100.67,239900,239900,239900
449,L-000449,2006-06-08,1.01,4.1,1.56,YES,40900.0,51,2006-04-18,6.36,100.67,119500,119500,119500
246,L-000246,2006-06-06,4.2,3.61,3.85,No,,48,2006-04-19,6.36,100.67,241500,241500,241500
287,L-000287,2006-06-07,2.26,1.59,1.8,Yes,40800.0,49,2006-04-19,6.36,100.67,159000,159000,159000
1298,L-001298,2006-06-27,2.05,6.86,1.83,Yes,41600.0,69,2006-04-19,6.36,100.67,140000,140000,140000
387,L-000387,2006-05-10,2.39,5.63,1.94,Yes,36800.0,20,2006-04-20,6.36,100.67,81000,81000,81000
780,L-000780,2006-05-24,2.37,4.91,0.93,No,,33,2006-04-21,6.36,100.67,135000,135000,135000
1214,L-001214,2006-05-08,1.01,4.2,3.74,Yes,19200.0,16,2006-04-22,6.36,100.67,145000,145000,145000
1147,L-001147,2006-05-27,2.13,1.86,4.2,No,,35,2006-04-22,6.36,100.67,180000,180000,180000
1421,L-001421,2006-05-27,4.08,2.82,3.23,No,,35,2006-04-22,6.36,100.67,179900,179900,179900
466,L-000466,2006-05-23,2.1,6.85,1.06,No,,30,2006-04-23,6.36,100.67,178740,178740,178740
1047,L-001047,2006-07-07,0.62,5.96,1.3,Yes,67300.0,71,2006-04-27,6.36,100.67,556581,556581,556581
1170,L-001170,2006-07-11,0.61,6.23,0.82,Yes,154700.0,75,2006-04-27,6.36,100.67,625000,625000,625000
677,L-000677,2006-05-24,0.46,4.7,0.47,Yes,53900.0,27,2006-04-27,6.36,100.67,87000,87000,87000
61,L-000061,2006-05-18,2.39,1.48,4.19,No,,20,2006-04-28,6.36,100.67,158000,158000,158000
1170,L-901170,2006-07-11,0.61,6.23,0.82,Yes,154700.0,75,2006-04-28,6.36,100.67,625000,625000,625000
673,L-000673,2006-06-23,3.13,0.59,3.78,No,,55,2006-04-29,6.36,100.67,165000,165000,165000
1339,L-001339,2006-06-26,3.06,2.72,2.12,No,,58,2006-04-29,6.36,100.67,200000,200000,200000
291,L-000291,2006-07-17,2.7,2.87,2.36,NO,,78,2006-04-30,6.36,100.67,233230,233230,233230
1347,L-001347,2006-06-02,5.21,4.36,3.73,Yes,102500.0,33,2006-04-30,6.36,100.67,262500,262500,262500
999,L-000999,2006-05-21,1.43,5.22,1.18,Yes,30200.0,19,2006-05-02,6.27,101.63,91000,91000,91000
343,L-000343,2006-05-21,2.8,1.91,2.77,Yes,26400.0,19,2006-05-02,6.27,101.63,87500,87500,87500
1373,L-001373,2006-06-21,3.62,3.76,2.32,no,,50,2006-05-02,6.27,101.63,274300,274300,274300
185,L-000185,2006-06-03,2.17,0.53,2.88,Y,55900.0,31,2006-05-03,6.27,101.63,127000,127000,127000
703,L-000703,2006-07-14,0.68,4.97,1.07,No,,72,2006-05-03,6.27,101.63,361919,361919,361919
153,L-000153,2006-06-01,3.95,4.42,3.81,No,,29,2006-05-03,6.27,101.63,190000,190000,190000
703,L-900703,2006-07-14,0.68,4.97,1.07,No,,72,2006-05-05,6.27,101.63,361919,361919,361919
1435,L-001435,2006-05-24,2.48,8.49,0.53,No,,18,2006-05-06,6.27,101.63,160000,160000,160000
778,L-000778,2006-06-27,0.7,3.63,4.04,No,,52,2006-05-06,6.27,101.63,142500,142500,142500
1122,L-001122,2006-07-04,2.79,2.61,2.75,Yes,45300.0,58,2006-05-07,6.27,101.63,212900,212900,212900
126,L-000126,2006-06-12,1.63,4.37,1.22,Yes,23000.0,35,2006-05-08,6.27,101.63,84500,84500,84500
987,L-000987,2006-06-18,0.71,4.7,0.33,Yes,52600.0,41,2006-05-08,6.27,101.63,117000,117000,117000
282,L-000282,2006-05-27,1.06,2.39,2.09,No,,18,2006-05-09,6.27,101.63,185000,185000,185000
601,L-000601,2006-06-01,2.64,4.66,3.07,No,,23,2006-05-09,6.27,101.63,275000,275000,275000
869,L-000869,2006-05-25,4.1,1.34,2.15,Yes,60600.0,16,2006-05-09,6.27,101.63,169000,169000,169000
12,L-000012,2006-07-24,1.71,4.06,3.17,Yes,67800.0,74,2006-05-11,6.27,101.63,345000,345000,345000
825,L-000825,2006-06-14,2.12,2.95,2.0,No,,34,2006-05-11,6.27,101.63,232600,232600,232600
1184,L-001184,2006-06-12,0.6,3.93,0.59,Yes,30200.0,31,2006-05-12,6.27,101.63,120000,120000,120000
1368,L-001368,2006-07-20,1.87,2.24,1.86,NO,,69,2006-05-12,6.27,101.63,127000,127000,127000
1175,L-001175,2006-07-13,2.46,1.75,6.11,Yes,54100.0,62,2006-05-12,6.27,101.63,239000,239000,239000
720,L-000720,2006-05-23,1.96,2.99,2.55,No,,10,2006-05-13,6.27,101.63,128500,128500,128500
129,L-000129,2006-07-05,2.49,1.35,1.68,No,,53,2006-05-13,6.27,101.63,155000,155000,155000
1079,L-001079,2006-05-25,3.01,2.24,2.53,No,,12,2006-05-13,6.27,101.63,155900,155900,155900
900,L-000900,2006-06-13,1.02,2.08,2.25,Yes,45200.0,30,2006-05-14,6.27,101.63,135000,135000,135000
1340,L-001340,2006-06-06,2.6,1.98,2.62,No,,22,2006-05-15,6.27,101.63,128500,128500,128500
315,L-000315,2006-08-01,0.6,3.41,0.46,Yes,53700.0,77,2006-05-16,6.27,101.63,178000,178000,178000
451,L-000451,2006-06-21,0.46,4.22,0.46,Yes,23300.0,35,2006-05-17,6.27,101.63,110000,110000,110000
1282,L-001282,2006-07-01,2.58,2.87,3.6,No,,44,2006-05-18,6.27,101.63,180000,180000,180000
565,L-000565,2006-07-06,0.44,5.14,0.98,Yes,69200.0,49,2006-05-18,6.27,101.63,268000,268000,268000
1153,L-001153,2006-07-13,1.84,1.52,4.96,Yes,53600.0,55,2006-05-19,6.27,101.63,230000,230000,230000
301,L-000301,2006-06-10,1.59,1.58,5.68,No,,20,2006-05-21,6.27,101.63,157000,157000,157000
355,L-000355,2006-06-19,4.35,0.68,2.94,Yes,74700.0,29,2006-05-21,6.27,101.63,140000,140000,140000
120,L-000120,2006-07-09,3.2,2.82,2.2,Yes,29100.0,49,2006-05-21,6.27,101.63,163990,163990,163990
178,L-000178,2006-07-12,0.64,2.24,3.03,No,,50,2006-05-23,6.27,101.63,172500,172500,172500
1288,L-001288,2006-06-09,4.71,2.64,2.58,No,,17,2006-05-23,6.27,101.63,190000,190000,190000
991,L-000991,2006-06-08,0.8,6.85,0.77,Yes,151800.0,16,2006-05-23,6.27,101.63,348000,348000,348000
157,L-000157,2006-06-27,2.96,1.81,2.36,No,,35,2006-05-23,6.27,101.63,109500,109500,109500
267,L-000267,2006-06-09,3.22,1.55,2.96,No,,16,2006-05-24,6.27,101.63,185000,185000,185000
887,L-000887,2006-06-25,3.5,1.62,2.13,Yes,61300.0,31,2006-05-25,6.27,101.63,145000,145000,145000
1330,L-001330,2006-06-26,3.62,1.66,3.51,No,,29,2006-05-28,6.27,101.63,176500,176500,176500
1010,L-001010,2006-06-18,2.65,1.22,3.01,Yes,32800.0,20,2006-05-29,6.27,101.63,102000,102000,102000
608,L-000608,2006-08-04,1.48,5.6,1.12,Yes,85000.0,67,2006-05-29,6.27,101.63,225000,225000,225000
855,L-000855,2006-07-26,0.87,2.48,3.04,Yes,76000.0,57,2006-05-30,6.27,101.63,170000,170000,170000
233,L-000233,2006-06-25,2.08,3.41,0.66,No,,26,2006-05-30,6.27,101.63,94500,94500,94500
360,L-000360,2006-06-15,0.44,6.71,1.03,No,,16,2006-05-30,6.27,101.63,280000,280000,280000
70,L-000070,2006-07-08,4.8,3.97,3.22,No,,39,2006-05-30,6.27,101.63,225000,225000,225000
832,L-000832,2006-06-21,1.32,3.23,2.54,No,,21,2006-05-31,6.27,101.63,151000,151000,151000
805,L-000805,2006-06-26,2.68,1.82,2.43,No,,24,2006-06-02,6.32,101.03,118000,118000,118000
173,L-000173,2006-06-22,0.58,5.62,0.88,No,,18,2006-06-04,6.32,101.03,239000,239000,239000
936,L-000936,2006-06-25,3.15,0.55,2.92,Yes,27900.0,21,2006-06-04,6.32,101.03,79900,79900,79900
182,L-000182,2006-07-20,2.03,1.27,4.24,Yes,73300.0,46,2006-06-04,6.32,101.03,200100,200100,200100
1379,L-001379,2006-06-22,1.51,3.95,0.72,No,,18,2006-06-04,6.32,101.03,83000,83000,83000
617,L-000617,2006-06-26,3.82,1.27,3.48,Yes,41000.0,21,2006-06-05,6.32,101.03,183200,183200,183200
777,L-000777,2006-07-01,2.47,2.35,2.32,Yes,58200.0,26,2006-06-05,6.32,101.03,221500,221500,221500
1403,L-001403,2006-07-09,2.64,2.7,1.65,No,,34,2006-06-05,6.32,101.03,193879,193879,193879
1064,L-001064,2006-07-06,0.62,5.16,0.39,Yes,30100.0,31,2006-06-05,6.32,101.03,110500,110500,110500
909,L-000909,2006-06-22,2.76,4.75,1.01,No,,17,2006-06-05,6.32,101.03,131000,131000,131000
58,L-000058,2006-08-19,3.57,3.26,2.51,No,,75,2006-06-05,6.32,101.03,196500,196500,196500
1454,L-001454,2006-07-16,2.29,6.68,1.26,No,,40,2006-06-06,6.32,101.03,84500,84500,84500
737,L-000737,2006-07-01,,1.31,2.16,No,,25,2006-06-06,6.32,101.03,93500,93500,93500
1057,L-001057,2006-06-25,,2.56,2.95,No,,18,2006-06-07,6.32,101.03,185850,185850,185850
1198,L-001198,2006-07-20,0.55,3.82,0.47,Yes,104900.0,43,2006-06-07,6.32,101.03,144000,144000,144000
697,L-000697,2006-06-27,2.04,0.68,3.21,Yes,31700.0,20,2006-06-07,6.32,101.03,89000,89000,89000
288,L-000288,2006-06-26,2.45,2.05,2.04,No,,18,2006-06-08,6.32,101.03,88000,88000,88000
782,L-000782,2006-07-05,1.39,2.01,5.58,No,,26,2006-06-09,6.32,101.03,175900,175900,175900
1120,L-001120,2006-07-03,2.08,2.0,2.2,No,,23,2006-06-10,6.32,101.03,133700,133700,133700
753,L-000753,2006-07-02,2.19,3.07,2.59,No,,22,2006-06-10,6.32,101.03,217000,217000,217000
539,L-000539,2006-07-09,1.03,1.68,4.21,No,,28,2006-06-11,6.32,101.03,158000,158000,158000
670,L-000670,2006-07-01,1.82,1.99,5.52,Yes,48800.0,19,2006-06-12,6.32,101.03,137500,137500,137500
1424,L-001424,2006-08-09,1.97,3.28,1.39,No,,58,2006-06-12,6.32,101.03,274970,274970,274970
815,L-000815,2006-07-25,1.82,5.85,1.61,Yes,38000.0,41,2006-06-14,6.32,101.03,116000,116000,116000
1104,L-001104,2006-07-21,3.47,1.84,2.4,No,,37,2006-06-14,6.32,101.03,159500,159500,159500
271,L-000271,2006-08-14,1.99,2.7,1.75,No,,60,2006-06-15,6.32,101.03,266000,266000,266000
913,L-000913,2006-07-10,1.91,0.77,2.43,Yes,47500.0,25,2006-06-15,6.32,101.03,88000,88000,88000
817,L-000817,2006-07-12,3.52,2.21,2.19,No,,26,2006-06-16,6.32,101.03,137000,137000,137000
404,L-000404,2006-07-10,0.53,6.37,0.67,No,,24,2006-06-16,6.32,101.03,258000,258000,258000
1113,L-001113,2006-07-05,2.25,1.51,2.26,No,,19,2006-06-16,6.32,101.03,129900,129900,129900
1031,L-001031,2006-07-20,3.89,0.55,3.01,Yes,46500.0,34,2006-06-16,6.32,101.03,160000,160000,160000
941,L-000941,2006-07-22,3.05,5.16,0.89,No,,34,2006-06-18,6.32,101.03,150900,150900,150900
1431,L-001431,2006-07-09,4.32,1.52,3.17,No,,21,2006-06-18,6.32,101.03,192140,192140,192140
1236,L-001236,2006-07-04,1.49,1.21,4.76,Yes,47400.0,13,2006-06-21,6.32,101.03,138887,138887,138887
214,L-000214,2006-07-09,3.32,2.3,3.12,No,,18,2006-06-21,6.32,101.03,156000,156000,156000
1334,L-001334,2006-07-20,1.23,5.98,1.39,Yes,45700.0,29,2006-06-21,6.32,101.03,125500,125500,125500
1085,L-001085,2006-07-11,3.64,1.2,3.9,Yes,53200.0,19,2006-06-22,6.32,101.03,187500,187500,187500
696,L-000696,2006-07-07,2.07,2.44,3.66,No,,13,2006-06-24,6.32,101.03,176000,176000,176000
903,L-000903,2006-07-23,3.38,2.33,4.23,No,,27,2006-06-26,6.32,101.03,180000,180000,180000
1319,L-001319,2006-08-16,3.47,3.27,3.23,Yes,53700.0,51,2006-06-26,6.32,101.03,275000,275000,275000
359,L-000359,2006-07-22,5.41,2.71,2.23,No,,26,2006-06-26,6.32,101.03,130000,130000,130000
365,L-000365,2006-07-22,4.56,3.35,5.25,No,,25,2006-06-27,6.32,101.03,190000,190000,190000
702,L-000702,2006-07-19,4.74,3.68,2.85,No,,20,2006-06-29,6.32,101.03,140000,140000,140000
324,L-000324,2006-07-13,0.65,4.22,0.38,Yes,33400.0,14,2006-06-29,6.32,101.03,126175,126175,126175
402,L-000402,2006-07-13,2.92,3.01,2.23,No,,14,2006-06-29,6.32,101.03,164990,164990,164990
1022,L-001022,2006-07-26,3.35,2.27,2.61,No,,27,2006-06-29,6.32,101.03,194000,194000,194000
321,L-000321,2006-09-08,2.28,5.01,2.85,No,,70,2006-06-30,6.32,101.03,342643,342643,342643
1201,L-001201,2006-07-22,3.48,2.29,2.24,No,,22,2006-06-30,6.32,101.03,116050,116050,116050
830,L-000830,2006-07-25,1.65,2.86,2.67,No,,25,2006-06-30,6.32,101.03,147400,147400,147400
1332,L-001332,2006-07-14,2.51,1.98,2.99,No,,12,2006-07-02,6.4,101.82,132500,132500,132500
996,L-000996,2006-08-04,2.59,0.57,2.39,Yes,24400.0,33,2006-07-02,6.4,101.82,121600,121600,121600
437,L-000437,2006-10-08,0.67,5.34,0.43,Yes,44400.0,97,2006-07-03,6.4,101.82,116000,116000,116000
513,L-000513,2006-07-13,3.03,1.68,2.07,No,,10,2006-07-03,6.4,101.82,129900,129900,129900
377,L-000377,2006-07-24,3.06,2.08,2.97,No,,21,2006-07-03,6.4,101.82,148000,148000,148000
556,L-000556,2006-08-08,2.49,0.76,2.94,Yes,27100.0,35,2006-07-04,6.4,101.82,113000,113000,113000
346,L-000346,2006-10-05,3.25,0.42,3.17,Yes,63800.0,93,2006-07-04,6.4,101.82,140200,140200,140200
455,L-000455,2006-07-25,2.9,5.42,0.98,No,,21,2006-07-04,6.4,101.82,188000,188000,188000
977,L-000977,2006-08-10,2.92,0.67,2.33,Yes,30000.0,37,2006-07-04,6.4,101.82,85500,85500,85500
1356,L-001356,2006-09-04,4.57,2.9,3.75,Yes,78600.0,61,2006-07-05,6.4,101.82,170000,170000,170000
1146,L-001146,2006-08-14,2.72,0.58,2.25,Yes,38100.0,40,2006-07-05,6.4,101.82,149000,149000,149000
860,L-000860,2006-08-21,3.7,3.61,3.13,Yes,50000.0,45,2006-07-07,6.4,101.82,250000,250000,250000
1205,L-001205,2006-07-25,3.06,4.28,2.9,No,,18,2006-07-07,6.4,101.82,153500,153500,153500
994,L-000994,2006-08-08,2.84,2.14,1.84,Yes,39600.0,32,2006-07-07,6.4,101.82,173900,173900,173900
91,L-000091,2006-07-25,3.75,1.77,2.06,No,,17,2006-07-08,6.4,101.82,109900,109900,109900
482,L-000482,2006-08-27,1.98,4.03,4.07,Yes,69800.0,48,2006-07-10,6.4,101.82,374000,374000,374000
492,L-000492,2006-08-13,2.54,1.8,1.24,Yes,89700.0,34,2006-07-10,6.4,101.82,133000,133000,133000
1188,L-001188,2006-07-24,0.55,7.57,0.99,Y,52100.0,14,2006-07-10,6.4,101.82,262000,262000,262000
952,L-000952,2006-07-23,1.98,1.9,3.55,No,,12,2006-07-11,6.4,101.82,119900,119900,119900
596,L-000596,2006-08-09,0.74,6.53,0.89,Yes,108300.0,28,2006-07-12,6.4,101.82,319000,319000,319000
904,L-000904,2006-08-17,2.9,2.23,3.08,No,,34,2006-07-14,6.4,101.82,240000,240000,240000
1450,L-001450,2006-08-25,2.4,1.91,2.39,No,,41,2006-07-15,6.4,101.82,92000,92000,92000
130,L-000130,2006-07-27,2.86,2.3,1.62,Yes,23900.0,11,2006-07-16,6.4,101.82,150000,150000,150000
1219,L-001219,2006-07-26,3.03,0.84,1.83,Yes,28000.0,10,2006-07-16,6.4,101.82,80500,80500,80500
1115,L-001115,2006-08-07,0.72,4.54,0.44,Yes,15700.0,21,2006-07-17,6.4,101.82,117000,117000,117000
304,L-000304,2006-07-26,2.79,2.31,2.62,NO,,9,2006-07-17,6.4,101.82,149900,149900,149900
990,L-000990,2006-08-27,1.79,2.28,1.63,No,,40,2006-07-18,6.4,101.82,197000,197000,197000
97,L-000097,2006-08-13,2.51,2.85,2.7,No,,25,2006-07-19,6.4,101.82,214000,214000,214000
939,L-000939,2006-08-14,2.62,2.82,2.98,No,,26,2006-07-19,6.4,101.82,239799,239799,239799
1244,L-001244,2006-09-12,2.23,3.86,4.07,No,,51,2006-07-23,6.4,101.82,465000,465000,465000
54,L-000054,2006-11-27,3.89,0.48,3.44,Yes,100700.0,125,2006-07-25,6.4,101.82,385000,385000,385000
382,L-000382,2006-08-13,1.58,2.56,2.78,No,,18,2006-07-26,6.4,101.82,187750,187750,187750
1238,L-001238,2006-09-12,2.41,2.26,3.38,Yes,77300.0,45,2006-07-29,6.4,101.82,195000,195000,195000
507,L-000507,2006-09-23,1.88,1.21,3.62,Yes,134800.0,56,2006-07-29,6.4,101.82,215000,215000,215000
736,L-000736,2006-10-11,0.48,6.82,0.34,Yes,64800.0,71,2006-08-01,6.4,102.32,163000,163000,163000
1073,L-001073,2006-08-25,1.55,6.47,1.31,Yes,38800.0,23,2006-08-02,6.4,102.32,91500,91500,91500
52,L-000052,2006-09-09,2.99,0.73,2.93,YES,35700.0,37,2006-08-03,6.4,102.32,114500,114500,114500
1224,L-001224,2006-10-05,3.27,2.15,1.7,No,,63,2006-08-03,6.4,102.32,137900,137900,137900
1391,L-001391,2006-09-04,2.89,3.31,2.71,No,,31,2006-08-04,6.4,102.32,235000,235000,235000
692,L-000692,2007-01-11,0.6,9.84,1.03,Yes,220200.0,158,2006-08-06,6.4,102.32,755000,755000,755000
558,L-000558,2006-09-19,1.61,4.31,1.1,Yes,29500.0,42,2006-08-08,6.4,102.32,108000,108000,108000
59,L-000059,2006-10-09,0.61,5.33,1.03,No,,61,2006-08-09,6.4,102.32,438780,438780,438780
36,L-000036,2006-09-25,2.58,4.33,2.58,Yes,81900.0,45,2006-08-11,6.4,102.32,309000,309000,309000
218,L-000218,2006-09-03,0.75,2.68,0.38,Yes,56800.0,23,2006-08-11,6.4,102.32,107000,107000,107000
1307,L-001307,2006-09-15,3.35,2.68,2.89,Yes,56800.0,32,2006-08-14,6.4,102.32,202500,202500,202500
545,L-000545,2006-09-06,4.54,1.86,4.14,No,,21,2006-08-16,6.4,102.32,179665,179665,179665
698,L-000698,2006-09-25,1.7,4.19,1.22,No,,36,2006-08-20,6.4,102.32,123500,123500,123500
597,L-000597,2006-10-02,0.78,3.74,0.54,Yes,57500.0,40,2006-08-23,6.4,102.32,114504,114504,114504
1360,L-001360,2006-09-23,1.84,3.06,2.38,Yes,96600.0,29,2006-08-25,6.4,102.32,315000,315000,315000
560,L-000560,2006-10-04,1.95,6.04,0.92,Yes,59900.0,39,2006-08-26,6.4,102.32,234000,234000,234000
1094,L-001094,2006-10-10,3.61,2.18,1.87,Yes,39500.0,45,2006-08-26,6.4,102.32,146000,146000,146000
640,L-000640,2006-10-13,1.73,5.09,1.11,No,,47,2006-08-27,6.4,102.32,264561,264561,264561
955,L-000955,2006-10-03,1.7,5.98,1.84,No,,35,2006-08-29,6.4,102.32,127500,127500,127500
1055,L-001055,2006-11-03,2.63,2.06,2.27,No,,66,2006-08-29,6.4,102.32,255000,255000,255000
1108,L-001108,2006-09-20,3.49,1.35,3.66,No,,21,2006-08-30,6.4,102.32,274725,274725,274725
111,L-000111,2006-10-24,1.64,4.61,2.07,Yes,45400.0,51,2006-09-03,6.44,102.79,136900,136900,136900
769,L-000769,2006-10-20,3.95,3.29,2.16,Yes,44200.0,42,2006-09-08,6.44,102.79,216837,216837,216837
1383,L-001383,2006-10-24,0.49,5.27,0.44,Yes,60000.0,45,2006-09-09,6.44,102.79,157000,157000,157000
1197,L-001197,2006-11-04,4.46,2.22,3.03,No,,55,2006-09-10,6.44,102.79,219210,219210,219210
572,L-000572,2006-10-23,2.83,1.68,2.56,No,,41,2006-09-12,6.44,102.79,120000,120000,120000
1290,L-001290,2006-10-22,1.67,4.46,3.31,No,,37,2006-09-15,6.44,102.79,281000,281000,281000
666,L-000666,2006-11-16,4.73,1.68,3.15,No,,60,2006-09-17,6.44,102.79,230500,230500,230500
535,L-000535,2006-10-13,4.84,1.79,2.6,No,,25,2006-09-18,6.44,102.79,178000,178000,178000
1395,L-001395,2006-10-27,2.33,3.72,0.83,No,,37,2006-09-20,6.44,102.79,246578,246578,246578
18,L-000018,2006-10-19,1.09,1.62,4.86,No,,29,2006-09-20,6.44,102.79,90000,90000,90000
1152,L-001152,2006-11-10,1.64,5.13,1.34,N,,50,2006-09-21,6.44,102.79,149900,149900,149900
523,L-000523,2006-10-26,2.81,0.48,2.8,Yes,46800.0,35,2006-09-21,6.44,102.79,159000,159000,159000
923,L-000923,2006-10-05,3.84,1.52,4.03,Yes,41300.0,12,2006-09-23,6.44,102.79,169990,169990,169990
625,L-000625,2006-11-10,3.12,3.5,3.27,No,,47,2006-09-24,6.44,102.79,165150,165150,165150
121,L-000121,2006-10-07,3.78,3.06,3.68,No,,13,2006-09-24,6.44,102.79,180000,180000,180000
1200,L-001200,2006-10-19,0.74,2.43,3.07,Yes,27600.0,24,2006-09-25,6.44,102.79,148000,148000,148000
636,L-000636,2007-03-17,3.12,0.75,1.99,Yes,109000.0,173,2006-09-25,6.44,102.79,200000,200000,200000
1296,L-001296,2006-11-06,2.3,1.46,2.28,No,,35,2006-10-02,6.43,103.16,138500,138500,138500
930,L-000930,2006-11-09,3.55,2.4,2.03,No,,35,2006-10-05,6.43,103.16,222000,222000,222000
669,L-000669,2006-11-23,0.87,1.98,2.43,Yes,43700.0,48,2006-10-06,6.43,103.16,168000,168000,168000
145,L-000145,2006-11-12,0.61,2.05,2.77,No,,32,2006-10-11,6.43,103.16,125000,125000,125000
807,L-000807,2006-10-27,2.86,1.45,2.93,No,,16,2006-10-11,6.43,103.16,135500,135500,135500
917,L-000917,2006-10-24,1.59,5.57,1.54,Yes,10500.0,13,2006-10-11,6.43,103.16,35311,35311,35311
721,L-000721,2006-12-14,0.92,8.51,1.28,No,,62,2006-10-13,6.43,103.16,275000,275000,275000
1273,L-001273,2006-11-07,1.04,2.87,4.96,No,,23,2006-10-15,6.43,103.16,137000,137000,137000
21,L-000021,2006-11-12,2.41,3.06,2.93,Yes,95200.0,28,2006-10-15,6.43,103.16,325300,325300,325300
1033,L-001033,2006-11-18,0.51,5.33,0.95,No,,33,2006-10-16,6.43,103.16,310000,310000,310000
846,L-000846,2007-01-12,0.86,2.31,4.16,Yes,59000.0,85,2006-10-19,6.43,103.16,171000,171000,171000
1207,L-001207,2006-11-01,2.08,1.12,4.38,No,,12,2006-10-20,6.43,103.16,107000,107000,107000
310,L-000310,2006-11-13,2.63,3.45,2.91,Yes,59100.0,23,2006-10-21,6.43,103.16,360000,360000,360000
452,L-000452,2006-12-13,4.55,3.29,3.08,No,,51,2006-10-23,6.43,103.16,280000,280000,280000
41,L-000041,2006-12-27,2.97,1.98,2.56,No,,64,2006-10-24,6.43,103.16,160000,160000,160000
717,L-000717,2007-07-11,0.58,3.96,0.61,Yes,102000.0,255,2006-10-29,6.43,103.16,159500,159500,159500
1221,L-001221,2006-11-23,2.54,1.96,2.07,No,,23,2006-10-31,6.43,103.16,115000,115000,115000
1303,L-001303,2006-12-06,0.65,6.23,1.23,No,,35,2006-11-01,6.52,103.51,290000,290000,290000
29,L-000029,2006-12-16,2.72,1.31,1.53,Yes,51900.0,39,2006-11-07,6.52,103.51,207500,207500,207500
971,L-000971,2006-12-10,3.25,1.78,1.75,Yes,51500.0,31,2006-11-09,6.52,103.51,135000,135000,135000
92,L-000092,2006-12-27,3.25,2.19,2.72,No,,48,2006-11-09,6.52,103.51,98600,98600,98600
1267,L-001267,2007-01-04,0.54,3.62,0.32,Yes,74100.0,51,2006-11-14,6.52,103.51,122000,122000,122000
1246,L-001246,2007-01-10,4.3,5.02,2.63,Yes,40500.0,56,2006-11-15,6.52,103.51,178000,178000,178000
1325,L-001325,2007-02-03,1.51,3.64,2.26,Yes,68300.0,78,2006-11-17,6.52,103.51,147000,147000,147000
1374,L-001374,2007-03-19,0.69,7.14,0.67,Yes,197600.0,121,2006-11-18,6.52,103.51,466500,466500,466500
570,L-000570,2006-12-21,2.69,1.64,2.54,No,,32,2006-11-19,6.52,103.51,135960,135960,135960
694,L-000694,2006-12-08,0.59,3.58,0.53,Yes,37800.0,16,2006-11-22,6.52,103.51,108480,108480,108480
1420,L-001420,2006-12-27,2.41,1.09,4.17,No,,33,2006-11-24,6.52,103.51,223000,223000,223000
352,L-000352,2006-12-27,3.99,3.56,2.91,No,,29,2006-11-28,6.52,103.51,190000,190000,190000
281,L-000281,2007-01-21,2.77,1.62,4.96,No,,53,2006-11-29,6.52,103.51,228500,228500,228500
71,L-000071,2007-02-06,2.8,1.52,2.3,No,,64,2006-12-04,6.54,103.44,244000,244000,244000
1223,L-001223,2007-01-25,3.09,1.67,1.97,Yes,57200.0,49,2006-12-07,6.54,103.44,143000,143000,143000
1393,L-001393,2006-12-27,3.61,1.92,1.84,No,,15,2006-12-12,6.54,103.44,123000,123000,123000
151,L-000151,2007-01-07,3.23,1.87,2.31,No,,25,2006-12-13,6.54,103.44,122000,122000,122000
1174,L-001174,2007-03-01,5.12,2.89,3.32,Yes,92300.0,77,2006-12-14,6.54,103.44,200500,200500,200500
478,L-000478,2007-03-13,1.54,3.35,2.76,No,,88,2006-12-15,6.54,103.44,380000,380000,380000
50,L-000050,2007-01-06,0.99,3.29,3.39,No,,20,2006-12-17,6.54,103.44,127000,127000,127000
877,L-000877,2007-01-09,2.78,7.4,0.73,No,,22,2006-12-18,6.54,103.44,132250,132250,132250
1143,L-001143,2007-04-07,3.52,1.82,2.04,Yes,187300.0,103,2006-12-25,6.54,103.44,424870,424870,424870
1312,L-001312,2007-01-20,2.6,2.53,1.77,Yes,48800.0,22,2006-12-29,6.54,103.44,203000,203000,203000
916,L-000916,2007-01-20,2.23,2.26,2.44,No,,21,2006-12-30,6.54,103.44,75000,75000,75000
1007,L-001007,2007-03-20,3.41,2.14,2.41,No,,76,2007-01-03,6.53,103.72,163500,163500,163500
598,L-000598,2007-02-02,2.34,7.56,0.97,Yes,54500.0,29,2007-01-04,6.53,103.72,194201,194201,194201
1002,L-001002,2007-01-24,0.54,4.15,0.43,Y,19600.0,18,2007-01-06,6.53,103.72,86000,86000,86000
488,L-000488,2007-02-02,5.18,2.75,3.67,No,,26,2007-01-07,6.53,103.72,175000,175000,175000
534,L-000534,2007-01-20,3.17,0.6,3.03,Yes,6400.0,8,2007-01-12,6.53,103.72,39300,39300,39300
1320,L-001320,2007-02-01,1.67,3.95,1.47,No,,13,2007-01-19,6.53,103.72,111000,111000,111000
207,L-000207,2007-03-20,0.63,3.07,4.02,No,,60,2007-01-19,6.53,103.72,143900,143900,143900
1390,L-001390,2007-03-19,3.86,0.56,3.17,Yes,40100.0,57,2007-01-21,6.53,103.72,131000,131000,131000
530,L-000530,2007-03-08,2.03,1.42,5.18,Yes,132000.0,45,2007-01-22,6.53,103.72,200624,200624,200624
1396,L-001396,2007-02-24,3.28,2.22,3.78,Yes,78300.0,30,2007-01-25,6.53,103.72,281213,281213,281213
127,L-000127,2007-02-18,1.92,2.23,2.74,No,,24,2007-01-25,6.53,103.72,128000,128000,128000
814,L-000814,2007-04-07,,1.79,3.07,No,,72,2007-01-25,6.53,103.72,157900,157900,157900
55,L-000055,2007-02-27,4.59,2.26,2.46,No,,29,2007-01-29,6.53,103.72,130000,130000,130000
1096,L-001096,2007-03-06,3.47,2.4,2.77,No,,34,2007-01-31,6.53,103.72,176432,176432,176432
1097,L-001097,2007-03-08,1.06,5.36,1.25,Yes,41400.0,30,2007-02-06,6.6,104.51,127000,127000,127000
1364,L-001364,2007-03-07,3.95,1.83,3.0,Yes,48000.0,27,2007-02-08,6.6,104.51,156932,156932,156932
1023,L-001023,2007-03-09,0.35,3.75,0.61,Yes,40300.0,29,2007-02-08,6.6,104.51,87000,87000,87000
1233,L-001233,2007-03-06,4.15,1.66,2.29,No,,25,2007-02-09,6.6,104.51,101800,101800,101800
1398,L-001398,2007-05-06,2.63,0.48,2.45,Yes,39400.0,86,2007-02-09,6.6,104.51,137500,137500,137500
480,L-000480,2007-03-07,0.53,4.19,0.65,Yes,26800.0,25,2007-02-10,6.6,104.51,89471,89471,89471
62,L-000062,2007-03-08,0.98,4.62,1.53,Yes,26000.0,26,2007-02-10,6.6,104.51,101000,101000,101000
797,L-000797,2007-04-09,1.1,2.73,3.22,No,,57,2007-02-11,6.6,104.51,143500,143500,143500
646,L-000646,2007-03-07,2.64,1.74,2.21,No,,23,2007-02-12,6.6,104.51,143250,143250,143250
688,L-000688,2007-03-18,1.71,1.92,2.0,No,,33,2007-02-13,6.6,104.51,148800,148800,148800
1191,L-001191,2007-03-16,,5.36,1.17,Yes,26300.0,30,2007-02-14,6.6,104.51,168000,168000,168000
933,L-000933,2007-03-23,1.61,3.43,2.91,No,,34,2007-02-17,6.6,104.51,320000,320000,320000
419,L-000419,2007-04-06,1.7,5.5,1.88,Yes,41700.0,45,2007-02-20,6.6,104.51,126000,126000,126000
1026,L-001026,2007-03-02,2.67,2.26,2.09,No,,10,2007-02-20,6.6,104.51,112500,112500,112500
485,L-000485,2007-03-22,0.91,2.06,4.97,Yes,33000.0,30,2007-02-20,6.6,104.51,132500,132500,132500
209,L-000209,2007-04-18,2.03,1.74,4.51,Yes,64400.0,55,2007-02-22,6.6,104.51,277000,277000,277000
958,L-000958,2007-04-24,0.86,2.1,3.74,No,,60,2007-02-23,6.6,104.51,132000,132000,132000
439,L-000439,2007-03-08,1.66,1.65,5.54,Yes,20200.0,10,2007-02-26,6.6,104.51,90350,90350,90350
667,L-000667,2007-08-15,3.77,1.47,2.05,Yes,93300.0,169,2007-02-27,6.6,104.51,129000,129000,129000
1430,L-001430,2007-04-06,5.28,5.14,3.33,No,,37,2007-02-28,6.6,104.51,182900,182900,182900
302,L-000302,2007-05-17,3.04,2.75,3.12,Yes,114400.0,78,2007-02-28,6.6,104.51,267000,267000,267000
118,L-000118,2007-04-06,2.24,5.27,1.62,Yes,29400.0,37,2007-02-28,6.6,104.51,155000,155000,155000
1176,L-001176,2007-04-05,0.64,7.0,0.79,Yes,93400.0,35,2007-03-01,6.6,104.46,285000,285000,285000
467,L-000467,2007-04-01,3.35,1.69,3.2,No,,30,2007-03-02,6.6,104.46,167000,167000,167000
169,L-000169,2007-05-05,4.12,1.87,3.12,No,,64,2007-03-02,6.6,104.46,183500,183500,183500
1060,L-001060,2007-03-25,1.75,1.34,5.47,Yes,72200.0,22,2007-03-03,6.6,104.46,220000,220000,220000
1029,L-001029,2007-04-15,2.35,1.95,2.21,Yes,18200.0,41,2007-03-05,6.6,104.46,105000,105000,105000
547,L-000547,2007-05-25,3.56,0.9,2.61,Yes,27000.0,80,2007-03-06,6.6,104.46,210000,210000,210000
1318,L-001318,2007-04-03,1.79,2.41,2.3,Yes,44100.0,27,2007-03-07,6.6,104.46,208900,208900,208900
176,L-000176,2007-06-23,2.29,9.09,1.05,Yes,51700.0,106,2007-03-09,6.6,104.46,243000,243000,243000
882,L-000882,2007-04-04,3.27,2.62,3.51,Yes,82600.0,24,2007-03-11,6.6,104.46,187500,187500,187500
503,L-000503,2007-04-04,1.88,6.78,1.51,No,,24,2007-03-11,6.6,104.46,140000,140000,140000
642,L-000642,2007-05-27,1.78,3.51,2.06,No,,76,2007-03-12,6.6,104.46,226000,226000,226000
610,L-000610,2007-04-12,,2.24,2.21,No,,28,2007-03-15,6.6,104.46,118500,118500,118500
347,L-000347,2007-04-09,3.04,2.43,2.08,Yes,28900.0,25,2007-03-15,6.6,104.46,151500,151500,151500
1070,L-001070,2007-05-07,2.69,2.2,1.88,Yes,34800.0,52,2007-03-16,6.6,104.46,135000,135000,135000
1080,L-001080,2007-04-03,3.22,3.0,3.01,No,,17,2007-03-17,6.6,104.46,126000,126000,126000
1103,L-001103,2007-04-04,3.62,1.74,3.54,Yes,31900.0,18,2007-03-17,6.6,104.46,135000,135000,135000
524,L-000524,2007-10-22,1.45,4.93,1.34,Yes,172600.0,219,2007-03-17,6.6,104.46,184750,184750,184750
383,L-000383,2007-04-17,2.57,3.21,2.97,No,,31,2007-03-17,6.6,104.46,213500,213500,213500
1163,L-001163,2007-05-22,0.87,2.47,3.48,No,,65,2007-03-18,6.6,104.46,129000,129000,129000
644,L-000644,2007-04-13,3.8,3.16,2.86,No,,25,2007-03-19,6.6,104.46,152000,152000,152000
522,L-000522,2007-05-13,3.89,1.79,1.39,no,,55,2007-03-19,6.6,104.46,150000,150000,150000
306,L-000306,2007-07-11,2.77,2.71,2.31,Yes,68100.0,114,2007-03-19,6.6,104.46,305900,305900,305900
868,L-000868,2007-05-09,0.91,2.22,2.4,No,,50,2007-03-20,6.6,104.46,129000,129000,129000
164,L-000164,2007-04-02,0.55,4.55,0.53,No,,13,2007-03-20,6.6,104.46,103200,103200,103200
1053,L-001053,2007-06-05,2.83,1.95,1.69,Yes,66400.0,77,2007-03-20,6.6,104.46,165000,165000,165000
1075,L-001075,2007-05-04,3.05,2.14,4.56,No,,44,2007-03-21,6.6,104.46,194000,194000,194000
1449,L-001449,2007-05-04,1.69,6.73,1.72,Yes,39300.0,44,2007-03-21,6.6,104.46,112000,112000,112000
279,L-000279,2007-05-18,2.54,3.81,3.33,Yes,83900.0,57,2007-03-22,6.6,104.46,415298,415298,415298
171,L-000171,2007-05-24,0.48,5.05,0.26,Yes,24200.0,59,2007-03-26,6.6,104.46,128500,128500,128500
1348,L-001348,2007-05-07,2.69,2.95,3.85,Yes,67100.0,39,2007-03-29,6.6,104.46,283463,283463,283463
548,L-000548,2007-04-23,2.81,7.71,0.62,No,,25,2007-03-29,6.6,104.46,129500,129500,129500
105,L-000105,2007-06-27,1.14,6.01,1.13,Yes,68500.0,90,2007-03-29,6.6,104.46,169500,169500,169500
1446,L-001446,2007-05-04,0.76,2.81,3.79,No,,35,2007-03-30,6.6,104.46,129000,129000,129000
270,L-000270,2007-05-04,1.47,5.13,1.47,No,,33,2007-04-01,6.57,104.41,148000,148000,148000
792,L-000792,2007-05-11,3.26,3.99,0.78,No,,40,2007-04-01,6.57,104.41,146800,146800,146800
1140,L-001140,2007-05-03,3.39,0.71,3.58,Yes,29300.0,30,2007-04-03,6.57,104.41,144000,144000,144000
927,L-000927,2007-05-24,1.65,3.88,2.42,Yes,95000.0,50,2007-04-04,6.57,104.41,285000,285000,285000
405,L-000405,2007-05-07,3.36,1.56,2.71,Yes,56000.0,32,2007-04-05,6.57,104.41,168000,168000,168000
944,L-000944,2007-06-02,2.83,6.78,0.67,No,,57,2007-04-06,6.57,104.41,143000,143000,143000
183,L-000183,2007-06-16,,6.31,1.88,Yes,28000.0,71,2007-04-06,6.57,104.41,120000,120000,120000
1105,L-001105,2007-04-24,2.4,4.79,0.74,No,,18,2007-04-06,6.57,104.41,106000,106000,106000
250,L-000250,2007-06-07,4.54,2.82,3.59,Yes,92600.0,60,2007-04-08,6.57,104.41,277000,277000,277000
1133,L-001133,2007-05-23,0.9,7.06,0.46,Yes,89200.0,45,2007-04-08,6.57,104.41,117500,117500,117500
1107,L-001107,2007-05-05,2.62,2.19,3.75,Yes,74400.0,26,2007-04-09,6.57,104.41,179900,179900,179900
1121,L-001121,2007-05-11,1.12,5.23,0.93,Yes,42300.0,32,2007-04-09,6.57,104.41,118400,118400,118400
95,L-000095,2007-05-15,3.12,2.52,3.63,No,,35,2007-04-10,6.57,104.41,204750,204750,204750
1136,L-001136,2007-05-08,2.38,0.57,2.63,Yes,22900.0,27,2007-04-11,6.57,104.41,102000,102000,102000
501,L-000501,2007-05-04,1.87,3.93,0.7,No,,22,2007-04-12,6.57,104.41,113000,113000,113000
444,L-000444,2007-06-03,2.02,5.2,0.99,Yes,44600.0,51,2007-04-13,6.57,104.41,172500,172500,172500
2,L-000002,2007-05-04,5.03,0.4,3.49,No,,20,2007-04-14,6.57,104.41,181500,181500,181500
192,L-000192,2007-06-25,2.89,1.54,2.37,Yes,74000.0,72,2007-04-14,6.57,104.41,184000,184000,184000
519,L-000519,2007-05-10,2.11,2.08,2.94,No,,26,2007-04-14,6.57,104.41,211000,211000,211000
1216,L-001216,2007-05-21,0.81,2.14,3.51,No,,36,2007-04-15,6.57,104.41,125000,125000,125000
1019,L-001019,2007-05-11,3.97,1.6,3.0,Yes,67500.0,26,2007-04-15,6.57,104.41,160000,160000,160000
542,L-000542,2007-06-23,0.63,7.73,0.73,No,,67,2007-04-17,6.57,104.41,248000,248000,248000
1226,L-001226,2007-06-03,2.1,1.83,1.74,No,,46,2007-04-18,6.57,104.41,145000,145000,145000
24,L-000024,2007-06-12,1.44,2.3,2.97,NO,,55,2007-04-18,6.57,104.41,129900,129900,129900
1425,L-001425,2007-06-16,4.23,1.56,2.93,Yes,34100.0,58,2007-04-19,6.57,104.41,144000,144000,144000
889,L-000889,2007-10-02,4.0,2.01,2.07,No,,164,2007-04-21,6.57,104.41,268000,268000,268000
1185,L-001185,2007-05-12,2.36,1.93,3.69,No,,21,2007-04-21,6.57,104.41,186700,186700,186700
98,L-000098,2007-05-20,1.43,5.42,1.14,No,,29,2007-04-21,6.57,104.41,94750,94750,94750
468,L-000468,2007-06-08,2.93,1.57,1.85,Yes,64200.0,48,2007-04-21,6.57,104.41,146500,146500,146500
469,L-000469,2007-05-13,1.78,3.22,2.86,No,,21,2007-04-22,6.57,104.41,250000,250000,250000
881,L-000881,2007-06-10,1.6,5.72,1.84,Yes,16200.0,48,2007-04-23,6.57,104.41,157000,157000,157000
307,L-000307,2007-06-20,1.85,2.23,3.97,Yes,59600.0,58,2007-04-23,6.57,104.41,225000,225000,225000
741,L-000741,2007-05-22,0.59,4.78,0.4,Yes,40000.0,29,2007-04-23,6.57,104.41,132000,132000,132000
735,L-000735,2007-05-24,0.9,2.93,3.83,No,,30,2007-04-24,6.57,104.41,108000,108000,108000
113,L-000113,2007-10-07,3.77,1.9,2.6,No,,165,2007-04-25,6.57,104.41,383970,383970,383970
122,L-000122,2007-06-12,1.36,4.9,1.17,Yes,17900.0,48,2007-04-25,6.57,104.41,100000,100000,100000
544,L-000544,2007-06-01,5.04,1.78,2.88,no,,37,2007-04-25,6.57,104.41,133000,133000,133000
837,L-000837,2007-06-05,0.7,5.08,0.38,Yes,28200.0,40,2007-04-26,6.57,104.41,153500,153500,153500
1250,L-001250,2007-05-27,3.51,2.14,2.26,No,,31,2007-04-26,6.57,104.41,119000,119000,119000
1254,L-001254,2007-07-10,3.49,0.4,4.34,Yes,53200.0,74,2007-04-27,6.57,104.41,294000,294000,294000
497,L-000497,2007-05-25,0.58,5.34,0.76,Yes,134100.0,27,2007-04-28,6.57,104.41,430000,430000,430000
1076,L-001076,2007-07-08,2.49,1.85,4.18,Yes,68200.0,71,2007-04-28,6.57,104.41,219500,219500,219500
732,L-000732,2007-05-15,2.45,3.31,3.75,No,,15,2007-04-30,6.57,104.41,187500,187500,187500
1313,L-001313,2007-06-15,0.53,8.81,0.63,No,,45,2007-05-01,6.64,104.78,302000,302000,302000
1114,L-001114,2007-05-13,2.4,2.01,1.91,Yes,39900.0,12,2007-05-01,6.64,104.78,134500,134500,134500
581,L-000581,2007-06-26,2.66,1.57,1.62,Yes,83000.0,56,2007-05-01,6.64,104.78,181900,181900,181900
322,L-000322,2007-06-19,1.83,3.27,2.39,No,,49,2007-05-01,6.64,104.78,354000,354000,354000
907,L-000907,2007-06-20,1.37,2.08,1.92,No,,49,2007-05-02,6.64,104.78,255000,255000,255000
1114,L-901114,2007-05-13,2.4,2.01,1.91,Yes,39900.0,12,2007-05-02,6.64,104.78,134500,134500,134500
1004,L-001004,2007-06-22,4.17,3.26,3.3,No,,51,2007-05-02,6.64,104.78,136905,136905,136905
298,L-000298,2007-06-17,1.72,2.16,2.19,Yes,47400.0,46,2007-05-02,6.64,104.78,239000,239000,239000
385,L-000385,2007-06-24,5.55,2.87,2.28,No,,52,2007-05-03,6.64,104.78,240000,240000,240000
323,L-000323,2007-08-01,2.04,2.05,3.25,Yes,78300.0,89,2007-05-04,6.64,104.78,301000,301000,301000
1183,L-001183,2007-07-23,0.72,8.6,0.87,No,,80,2007-05-04,6.64,104.78,745000,745000,745000
361,L-000361,2007-06-21,2.59,4.64,0.88,No,,47,2007-05-05,6.64,104.78,156000,156000,156000
1276,L-001276,2007-07-12,2.68,1.68,2.25,Yes,43600.0,68,2007-05-05,6.64,104.78,137000,137000,137000
707,L-000707,2007-06-19,4.68,2.48,1.95,Yes,59900.0,44,2007-05-06,6.64,104.78,302000,302000,302000
1437,L-001437,2007-05-23,2.98,1.43,2.05,N,,16,2007-05-07,6.64,104.78,120500,120500,120500
781,L-000781,2007-06-14,5.32,1.12,3.7,Yes,48500.0,38,2007-05-07,6.64,104.78,176000,176000,176000
1264,L-001264,2007-07-07,2.81,0.71,3.45,Yes,38700.0,61,2007-05-07,6.64,104.78,180500,180500,180500
297,L-000297,2007-06-10,0.93,4.15,1.19,No,,33,2007-05-08,6.64,104.78,152000,152000,152000
1231,L-001231,2007-08-07,0.6,1.77,2.73,No,,91,2007-05-08,6.64,104.78,190000,190000,190000
921,L-000921,2007-07-10,2.0,2.08,3.69,No,,63,2007-05-08,6.64,104.78,201000,201000,201000
487,L-000487,2007-06-10,2.89,1.82,3.33,No,,33,2007-05-08,6.64,104.78,156000,156000,156000
979,L-000979,2007-05-27,,5.79,1.75,No,,19,2007-05-08,6.64,104.78,110000,110000,110000
790,L-000790,2007-07-16,4.73,3.99,2.39,Yes,74200.0,68,2007-05-09,6.64,104.78,187500,187500,187500
794,L-000794,2007-06-25,1.32,2.17,2.95,No,,47,2007-05-09,6.64,104.78,225000,225000,225000
583,L-000583,2007-05-27,2.03,6.84,1.4,No,,18,2007-05-09,6.64,104.78,118500,118500,118500
674,L-000674,2007-06-21,1.42,1.72,5.78,Yes,98600.0,42,2007-05-10,6.64,104.78,257500,257500,257500
800,L-000800,2007-06-12,3.59,0.92,2.93,Yes,67300.0,33,2007-05-10,6.64,104.78,175000,175000,175000
514,L-000514,2007-06-22,2.26,5.17,0.65,No,,42,2007-05-11,6.64,104.78,134000,134000,134000
1242,L-001242,2007-06-09,1.3,2.93,2.01,No,,29,2007-05-11,6.64,104.78,248328,248328,248328
1327,L-001327,2007-05-20,1.81,6.04,1.56,Yes,16000.0,6,2007-05-14,6.64,104.78,79000,79000,79000
68,L-000068,2007-06-13,2.53,2.55,2.84,No,,29,2007-05-15,6.64,104.78,226000,226000,226000
861,L-000861,2007-06-12,1.81,1.74,4.33,Yes,49000.0,26,2007-05-17,6.64,104.78,189950,189950,189950
793,L-000793,2007-06-06,0.53,7.89,0.77,Yes,72500.0,20,2007-05-17,6.64,104.78,269790,269790,269790
1165,L-001165,2007-06-07,,0.44,3.74,No,,21,2007-05-17,6.64,104.78,194000,194000,194000
1071,L-001071,2007-06-11,2.81,2.24,2.29,No,,24,2007-05-18,6.64,104.78,135000,135000,135000
993,L-000993,2007-07-23,4.76,2.08,1.82,Yes,41000.0,66,2007-05-18,6.64,104.78,187000,187000,187000
624,L-000624,2007-06-23,1.49,2.31,2.5,No,,36,2007-05-18,6.64,104.78,168500,168500,168500
1388,L-001388,2007-08-18,0.53,4.78,0.45,Yes,95600.0,92,2007-05-18,6.64,104.78,136000,136000,136000
1341,L-001341,2007-06-07,2.66,1.98,2.04,No,,999,2007-05-20,6.64,104.78,123000,123000,123000
901,L-000901,2007-06-04,2.61,1.9,1.95,No,,15,2007-05-20,6.64,104.78,110000,110000,110000
1343,L-001343,2007-08-19,2.16,2.81,2.02,No,,90,2007-05-21,6.64,104.78,228500,228500,228500
1343,L-901343,2007-08-19,2.16,2.81,2.02,No,,90,2007-05-22,6.64,104.78,228500,228500,228500
1193,L-001193,2007-07-21,0.64,2.95,0.36,Yes,41000.0,59,2007-05-23,6.64,104.78,125000,125000,125000
398,L-000398,2007-07-22,2.7,2.18,1.59,No,,60,2007-05-23,6.64,104.78,169500,169500,169500
500,L-000500,2007-06-16,3.12,1.97,2.12,Yes,23700.0,24,2007-05-23,6.64,104.78,120000,120000,120000
72,L-000072,2007-06-06,3.69,7.79,0.58,Yes,22600.0,14,2007-05-23,6.64,104.78,129500,129500,129500
690,L-000690,2007-06-13,2.03,3.94,3.05,Yes,58800.0,20,2007-05-24,6.64,104.78,194700,194700,194700
844,L-000844,2007-07-02,2.99,2.19,2.57,No,,39,2007-05-24,6.64,104.78,141000,141000,141000
850,L-000850,2007-08-05,3.55,0.32,3.61,Yes,51800.0,72,2007-05-25,6.64,104.78,187000,187000,187000
116,L-000116,2007-06-08,0.94,3.47,2.11,No,,14,2007-05-25,6.64,104.78,176000,176000,176000
609,L-000609,2007-09-05,3.17,1.13,4.28,Yes,104000.0,102,2007-05-26,6.64,104.78,359100,359100,359100
227,L-000227,2007-06-18,0.6,6.67,0.91,No,,23,2007-05-26,6.64,104.78,290000,290000,290000
619,L-000619,2007-07-05,1.77,3.64,2.95,No,,38,2007-05-28,6.64,104.78,314813,314813,314813
1129,L-001129,2007-07-11,5.18,1.56,2.35,Yes,87400.0,44,2007-05-28,6.64,104.78,215000,215000,215000
286,L-000286,2007-06-10,1.51,2.67,2.54,Yes,43600.0,12,2007-05-29,6.64,104.78,164700,164700,164700
1156,L-001156,2007-07-17,3.34,0.4,3.62,Yes,53100.0,48,2007-05-30,6.64,104.78,218000,218000,218000
290,L-000290,2007-07-08,2.86,0.84,2.81,Yes,24200.0,39,2007-05-30,6.64,104.78,153575,153575,153575
684,L-000684,2007-07-19,3.85,2.84,2.72,No,,50,2007-05-30,6.64,104.78,285000,285000,285000
22,L-000022,2007-06-26,1.22,5.18,1.39,Yes,52600.0,26,2007-05-31,6.64,104.78,139400,139400,139400
474,L-000474,2007-07-11,1.96,2.94,3.26,Yes,120600.0,41,2007-05-31,6.64,104.78,440000,440000,440000
989,L-000989,2007-06-27,5.4,3.83,2.78,No,,27,2007-05-31,6.64,104.78,195000,195000,195000
476,L-000476,2007-07-04,0.87,1.94,3.15,No,,34,2007-05-31,6.64,104.78,132500,132500,132500
275,L-000275,2007-06-26,3.2,5.62,0.88,No,,24,2007-06-02,6.61,105.18,124500,124500,124500
181,L-000181,2007-06-22,1.6,4.06,2.56,No,,20,2007-06-02,6.61,105.18,177000,177000,177000
1035,L-001035,2007-06-19,1.4,1.42,5.04,Yes,33700.0,16,2007-06-03,6.61,105.18,119750,119750,119750
1125,L-001125,2007-07-13,4.84,1.82,3.56,No,,40,2007-06-03,6.61,105.18,163900,163900,163900
128,L-000128,2007-06-19,0.46,4.54,0.32,Yes,20500.0,15,2007-06-04,6.61,105.18,87000,87000,87000
16,L-000016,2007-07-10,2.39,0.7,2.64,Yes,18200.0,36,2007-06-04,6.61,105.18,132000,132000,132000
1063,L-001063,2007-09-20,0.63,4.47,0.43,Yes,43100.0,107,2007-06-05,6.61,105.18,90000,90000,90000
115,L-000115,2007-07-14,1.82,1.65,5.15,Yes,49900.0,38,2007-06-06,6.61,105.18,259500,259500,259500
450,L-000450,2007-06-22,0.54,3.67,0.44,Yes,24300.0,15,2007-06-07,6.61,105.18,120000,120000,120000
774,L-000774,2007-07-26,4.02,2.1,2.6,No,,49,2007-06-07,6.61,105.18,114500,114500,114500
84,L-000084,2007-07-09,2.39,2.06,1.78,No,,32,2007-06-07,6.61,105.18,126500,126500,126500
515,L-000515,2007-06-23,2.01,1.58,4.69,Yes,15400.0,16,2007-06-07,6.61,105.18,96500,96500,96500
133,L-000133,2007-07-11,2.87,2.42,2.22,Yes,47300.0,33,2007-06-08,6.61,105.18,150750,150750,150750
337,L-000337,2007-07-27,0.73,5.5,0.76,Yes,83300.0,48,2007-06-09,6.61,105.18,377426,377426,377426
48,L-000048,2007-07-15,1.81,3.3,1.76,N,,36,2007-06-09,6.61,105.18,249700,249700,249700
966,L-000966,2007-07-07,2.89,1.34,3.28,Yes,70400.0,27,2007-06-10,6.61,105.18,178900,178900,178900
876,L-000876,2007-08-16,1.45,2.82,1.91,No,,67,2007-06-10,6.61,105.18,303477,303477,303477
299,L-000299,2007-06-25,4.24,3.81,2.25,No,,15,2007-06-10,6.61,105.18,175000,175000,175000
51,L-000051,2007-07-06,3.42,1.23,2.28,No,,25,2007-06-11,6.61,105.18,177000,177000,177000
951,L-000951,2007-07-02,2.73,2.43,2.5,Yes,21100.0,21,2007-06-11,6.61,105.18,129000,129000,129000
1270,L-001270,2007-07-12,3.3,1.61,1.32,No,,31,2007-06-11,6.61,105.18,144000,144000,144000
527,L-000527,2007-06-25,3.28,2.47,2.71,Yes,63300.0,14,2007-06-11,6.61,105.18,132000,132000,132000
393,L-000393,2007-07-04,3.1,1.82,1.89,No,,22,2007-06-12,6.61,105.18,106500,106500,106500
1345,L-001345,2007-07-21,2.71,3.39,1.96,No,,38,2007-06-13,6.61,105.18,155835,155835,155835
453,L-000453,2007-07-17,2.91,2.91,3.89,Yes,78600.0,33,2007-06-14,6.61,105.18,204000,204000,204000
709,L-000709,2007-07-27,4.84,1.55,2.56,No,,41,2007-06-16,6.61,105.18,179540,179540,179540
891,L-000891,2007-07-08,4.22,1.51,1.73,Yes,28600.0,21,2007-06-17,6.61,105.18,122900,122900,122900
433,L-000433,2007-08-04,1.39,3.75,0.6,No,,47,2007-06-18,6.61,105.18,122500,122500,122500
375,L-000375,2007-07-22,2.92,2.77,1.92,Yes,35400.0,33,2007-06-19,6.61,105.18,219500,219500,219500
14,L-000014,2007-08-05,2.12,2.28,2.76,Yes,40900.0,47,2007-06-19,6.61,105.18,279500,279500,279500
802,L-000802,2007-07-15,1.06,5.24,1.34,Yes,35400.0,25,2007-06-20,6.61,105.18,109900,109900,109900
285,L-000285,2007-07-14,2.0,1.71,3.29,No,,24,2007-06-20,6.61,105.18,179200,179200,179200
1102,L-001102,2007-07-14,2.93,1.86,2.16,No,,23,2007-06-21,6.61,105.18,119500,119500,119500
137,L-000137,2007-07-25,2.6,2.22,1.96,No,,33,2007-06-22,6.61,105.18,143000,143000,143000
1299,L-001299,2008-01-05,1.54,5.44,1.24,No,,197,2007-06-22,6.61,105.18,160000,160000,160000
180,L-000180,2007-07-13,0.72,4.5,0.32,Yes,23700.0,20,2007-06-23,6.61,105.18,100000,100000,100000
529,L-000529,2007-07-16,1.92,3.38,1.38,Yes,14800.0,22,2007-06-24,6.61,105.18,86000,86000,86000
963,L-000963,2007-07-26,1.62,2.53,2.33,No,,31,2007-06-25,6.61,105.18,155000,155000,155000
1404,L-001404,2007-08-26,1.53,2.89,1.72,No,,61,2007-06-26,6.61,105.18,282922,282922,282922
42,L-000042,2007-07-05,2.02,2.69,4.1,No,,9,2007-06-26,6.61,105.18,170000,170000,170000
1346,L-001346,2007-07-21,0.48,4.7,0.38,Yes,29100.0,24,2007-06-27,6.61,105.18,108500,108500,108500
775,L-000775,2007-07-27,1.83,6.07,2.32,No,,30,2007-06-27,6.61,105.18,395000,395000,395000
395,L-000395,2007-07-24,0.41,5.59,0.46,Yes,49900.0,26,2007-06-28,6.61,105.18,109000,109000,109000
1135,L-001135,2007-08-07,4.24,1.46,3.36,No,,40,2007-06-28,6.61,105.18,169000,169000,169000
35,L-000035,2007-08-03,1.96,4.19,2.29,No,,35,2007-06-29,6.61,105.18,277500,277500,277500
7,L-000007,2007-08-03,1.53,2.17,2.21,Yes,71200.0,34,2007-06-30,6.61,105.18,307000,307000,307000
632,L-000632,2007-08-15,1.89,3.84,3.51,No,,45,2007-07-01,6.64,105.34,209500,209500,209500
1384,L-001384,2007-08-06,0.89,3.21,3.43,Yes,46400.0,35,2007-07-02,6.64,105.34,112000,112000,112000
687,L-000687,2007-08-25,1.35,2.06,2.58,No,,53,2007-07-03,6.64,105.34,227875,227875,227875
612,L-000612,2007-07-24,4.7,4.63,3.01,No,,20,2007-07-04,6.64,105.34,148000,148000,148000
358,L-000358,2007-08-21,1.8,1.89,2.79,No,,48,2007-07-04,6.64,105.34,134000,134000,134000
1051,L-001051,2007-08-21,3.38,1.98,2.99,NO,,47,2007-07-05,6.64,105.34,176485,176485,176485
956,L-000956,2007-08-10,2.8,1.14,6.79,Yes,56000.0,33,2007-07-08,6.64,105.34,145000,145000,145000
634,L-000634,2007-07-27,2.39,2.04,2.26,Yes,26800.0,19,2007-07-08,6.64,105.34,139400,139400,139400
1083,L-001083,2007-09-01,2.22,2.7,2.55,No,,54,2007-07-09,6.64,105.34,192000,192000,192000
475,L-000475,2007-08-10,0.74,5.77,1.18,N,,31,2007-07-10,6.64,105.34,251000,251000,251000
1013,L-001013,2007-08-26,2.13,1.52,6.19,Yes,40100.0,47,2007-07-10,6.64,105.34,165000,165000,165000
356,L-000356,2007-08-06,2.84,2.19,2.81,No,,26,2007-07-11,6.64,105.34,177500,177500,177500
752,L-000752,2007-08-06,2.86,2.0,4.4,No,,25,2007-07-12,6.64,105.34,162000,162000,162000
416,L-000416,2007-08-08,4.68,1.96,2.55,No,,26,2007-07-13,6.64,105.34,181134,181134,181134
627,L-000627,2007-08-25,3.07,1.88,2.17,Yes,37400.0,42,2007-07-14,6.64,105.34,139900,139900,139900
409,L-000409,2007-08-26,1.86,4.78,3.23,No,,41,2007-07-16,6.64,105.34,280000,280000,280000
914,L-000914,2007-08-10,1.95,1.17,5.12,Yes,52400.0,24,2007-07-17,6.64,105.34,145000,145000,145000
1433,L-001433,2007-08-01,0.61,3.95,0.48,Yes,46800.0,13,2007-07-19,6.64,105.34,64500,64500,64500
943,L-000943,2007-08-19,1.72,7.56,1.01,No,,31,2007-07-19,6.64,105.34,150000,150000,150000
853,L-000853,2007-08-12,2.32,1.36,6.1,Yes,41000.0,22,2007-07-21,6.64,105.34,164000,164000,164000
1130,L-001130,2007-08-08,0.71,4.35,0.35,No,,18,2007-07-21,6.64,105.34,140000,140000,140000
109,L-000109,2007-08-22,1.25,5.06,1.08,Yes,85600.0,31,2007-07-22,6.64,105.34,115000,115000,115000
525,L-000525,2007-08-14,0.68,6.24,0.82,Yes,61300.0,23,2007-07-22,6.64,105.34,315750,315750,315750
107,L-000107,2007-08-03,0.69,4.33,0.41,Yes,17100.0,12,2007-07-22,6.64,105.34,100000,100000,100000
332,L-000332,2007-08-22,2.39,1.57,2.0,Yes,28900.0,28,2007-07-25,6.64,105.34,139000,139000,139000
1349,L-001349,2007-08-12,1.69,1.09,3.49,No,,16,2007-07-27,6.64,105.34,215000,215000,215000
905,L-000905,2007-08-10,0.83,2.38,3.9,No,,14,2007-07-27,6.64,105.34,125500,125500,125500
1456,L-001456,2007-08-20,3.23,2.01,3.01,Yes,72300.0,23,2007-07-28,6.64,105.34,175000,175000,175000
242,L-000242,2007-08-13,0.4,3.32,0.42,Yes,21500.0,14,2007-07-30,6.64,105.34,110500,110500,110500
90,L-000090,2007-08-06,4.09,2.57,3.03,Yes,18400.0,5,2007-08-01,6.55,104.88,123600,123600,123600
686,L-000686,2007-09-20,0.68,6.16,0.92,No,,48,2007-08-03,6.55,104.88,207500,207500,207500
1132,L-001132,2007-09-06,3.61,5.19,0.93,Yes,22100.0,33,2007-08-04,6.55,104.88,93500,93500,93500
94,L-000094,2007-11-25,0.47,4.81,0.43,Yes,48800.0,112,2007-08-05,6.55,104.88,133900,133900,133900
114,L-000114,2007-10-23,1.77,1.4,3.75,No,,77,2007-08-07,6.55,104.88,217000,217000,217000
456,L-000456,2007-09-19,5.59,2.66,2.84,No,,43,2007-08-07,6.55,104.88,175500,175500,175500
629,L-000629,2007-09-19,3.62,1.55,1.8,No,,42,2007-08-08,6.55,104.88,135000,135000,135000
63,L-000063,2007-10-10,1.69,3.92,3.4,No,,62,2007-08-09,6.55,104.88,202500,202500,202500
429,L-000429,2007-09-09,2.92,2.03,2.48,No,,21,2007-08-19,6.55,104.88,195400,195400,195400
66,L-000066,2007-10-21,1.81,3.69,2.76,Yes,93500.0,63,2007-08-19,6.55,104.88,317000,317000,317000
165,L-000165,2007-10-10,0.66,5.1,0.53,Yes,53900.0,52,2007-08-19,6.55,104.88,152000,152000,152000
249,L-000249,2007-09-16,2.42,2.75,2.48,No,,27,2007-08-20,6.55,104.88,180000,180000,180000
197,L-000197,2007-09-14,1.54,3.7,1.95,No,,24,2007-08-21,6.55,104.88,311872,311872,311872
823,L-000823,2007-10-03,5.36,1.86,3.04,No,,40,2007-08-24,6.55,104.88,225000,225000,225000
661,L-000661,2007-11-03,5.05,4.3,2.87,No,,70,2007-08-25,6.55,104.88,197900,197900,197900
779,L-000779,2007-10-16,2.2,1.75,4.34,No,,51,2007-08-26,6.55,104.88,144000,144000,144000
177,L-000177,2007-09-21,3.69,2.27,3.24,Yes,58800.0,26,2007-08-26,6.55,104.88,211000,211000,211000
472,L-000472,2007-11-11,3.41,4.8,3.57,No,,77,2007-08-26,6.55,104.88,190000,190000,190000
886,L-000886,2008-01-02,1.6,3.24,2.42,Yes,72500.0,128,2007-08-27,6.55,104.88,328900,328900,328900
959,L-000959,2007-10-02,2.42,2.72,1.74,No,,33,2007-08-30,6.55,104.88,185000,185000,185000
331,L-000331,2007-11-05,3.08,1.88,2.51,No,,58,2007-09-08,6.49,104.74,119000,119000,119000
254,L-000254,2007-10-25,3.45,1.37,2.38,Yes,33000.0,46,2007-09-09,6.49,104.74,158000,158000,158000
262,L-000262,2007-11-06,2.24,2.59,2.02,No,,56,2007-09-11,6.49,104.74,276000,276000,276000
1440,L-001440,2007-11-06,4.23,4.06,3.89,No,,55,2007-09-12,6.49,104.74,197000,197000,197000
191,L-000191,2007-12-06,1.73,1.45,5.03,Yes,114600.0,83,2007-09-14,6.49,104.74,315000,315000,315000
1128,L-001128,2007-11-04,4.72,1.4,3.52,No,,50,2007-09-15,6.49,104.74,259000,259000,259000
1315,L-001315,2007-10-15,1.96,3.98,1.57,No,,30,2007-09-15,6.49,104.74,119000,119000,119000
1192,L-001192,2007-11-19,1.51,3.98,2.03,Yes,133500.0,65,2007-09-15,6.49,104.74,174000,174000,174000
689,L-000689,2007-10-06,0.72,5.56,0.92,No,,20,2007-09-16,6.49,104.74,392000,392000,392000
680,L-000680,2007-10-08,1.01,2.5,2.81,No,,20,2007-09-18,6.49,104.74,128500,128500,128500
1015,L-001015,2007-11-04,2.53,1.56,1.87,Yes,51000.0,46,2007-09-19,6.49,104.74,119200,119200,119200
978,L-000978,2007-11-01,1.9,2.24,1.39,Yes,38200.0,37,2007-09-25,6.49,104.74,199900,199900,199900
1256,L-001256,2007-11-24,2.48,0.53,2.06,Yes,20500.0,58,2007-09-27,6.49,104.74,127500,127500,127500
1052,L-001052,2007-10-15,2.76,3.52,2.12,No,,16,2007-09-29,6.49,104.74,200141,200141,200141
418,L-000418,2007-11-04,1.53,1.0,3.52,Yes,103900.0,33,2007-10-02,6.42,104.02,239000,239000,239000
574,L-000574,2007-12-04,4.59,1.46,3.38,No,,62,2007-10-03,6.42,104.02,170000,170000,170000
1098,L-001098,2007-10-25,0.81,7.24,1.04,No,,18,2007-10-07,6.42,104.02,170000,170000,170000
1151,L-001151,2007-11-11,2.55,1.27,2.82,No,,34,2007-10-08,6.42,104.02,124000,124000,124000
1109,L-001109,2007-11-12,3.76,1.32,3.41,No,,34,2007-10-09,6.42,104.02,181000,181000,181000
1331,L-001331,2007-12-09,1.53,1.82,2.3,NO,,59,2007-10-11,6.42,104.02,227000,227000,227000
919,L-000919,2007-11-20,1.77,1.89,4.55,No,,40,2007-10-11,6.42,104.02,238000,238000,238000
1445,L-001445,2007-11-12,4.36,2.97,2.42,No,,29,2007-10-14,6.42,104.02,179600,179600,179600
318,L-000318,2007-12-01,1.52,2.72,2.45,No,,46,2007-10-16,6.42,104.02,270000,270000,270000
867,L-000867,2007-11-26,,2.95,3.4,Yes,74700.0,40,2007-10-17,6.42,104.02,248900,248900,248900
1116,L-001116,2007-11-18,1.89,2.43,2.28,No,,30,2007-10-19,6.42,104.02,318000,318000,318000
399,L-000399,2007-11-25,1.32,4.6,1.29,Yes,19500.0,37,2007-10-19,6.42,104.02,67000,67000,67000
1275,L-001275,2007-11-23,2.1,1.24,6.09,Yes,23900.0,34,2007-10-20,6.42,104.02,139000,139000,139000
602,L-000602,2007-12-09,1.73,4.62,1.43,Yes,39100.0,49,2007-10-21,6.42,104.02,141000,141000,141000
948,L-000948,2007-11-12,2.18,3.25,3.55,Yes,77300.0,21,2007-10-22,6.42,104.02,270000,270000,270000
378,L-000378,2007-12-23,2.24,2.86,1.69,Yes,110900.0,60,2007-10-24,6.42,104.02,340000,340000,340000
252,L-000252,2007-12-26,1.75,1.68,4.37,Yes,118200.0,62,2007-10-25,6.42,104.02,235000,235000,235000
1240,L-001240,2007-12-01,1.73,2.1,3.67,No,,36,2007-10-26,6.42,104.02,265900,265900,265900
1448,L-001448,2007-12-15,2.75,2.05,2.48,Yes,89900.0,50,2007-10-26,6.42,104.02,240000,240000,240000
168,L-000168,2007-11-15,2.2,4.1,2.97,No,,20,2007-10-26,6.42,104.02,325624,325624,325624
851,L-000851,2007-11-20,3.09,2.4,1.81,No,,22,2007-10-29,6.42,104.02,131500,131500,131500
760,L-000760,2007-11-21,,7.14,1.07,No,,19,2007-11-02,6.45,103.89,290000,290000,290000
152,L-000152,2008-01-02,1.5,3.31,2.83,Yes,114900.0,60,2007-11-03,6.45,103.89,372402,372402,372402
614,L-000614,2007-12-03,3.32,8.9,0.52,No,,25,2007-11-08,6.45,103.89,147000,147000,147000
239,L-000239,2007-12-11,2.24,4.21,2.25,No,,30,2007-11-11,6.45,103.89,318000,318000,318000
575,L-000575,2007-12-16,2.89,1.69,2.43,Yes,30900.0,35,2007-11-11,6.45,103.89,139000,139000,139000
326,L-000326,2007-12-01,1.09,5.21,1.43,Yes,21300.0,18,2007-11-13,6.45,103.89,87000,87000,87000
650,L-000650,2007-12-06,2.11,1.95,2.3,No,,21,2007-11-15,6.45,103.89,84500,84500,84500
1376,L-001376,2007-12-01,3.11,3.4,4.04,No,,14,2007-11-17,6.45,103.89,239000,239000,239000
743,L-000743,2007-12-27,1.82,1.73,4.34,Yes,75400.0,32,2007-11-25,6.45,103.89,179000,179000,179000
1406,L-001406,2008-01-08,1.95,1.49,4.99,Yes,44700.0,44,2007-11-25,6.45,103.89,275000,275000,275000
351,L-000351,2007-12-21,1.95,5.0,2.54,No,,25,2007-11-26,6.45,103.89,318061,318061,318061
78,L-000078,2008-01-15,3.07,0.68,2.64,Yes,36500.0,49,2007-11-27,6.45,103.89,127000,127000,127000
1155,L-001155,2008-05-21,2.88,2.23,2.15,Yes,51200.0,176,2007-11-27,6.45,103.89,201800,201800,201800
1,L-000001,2008-02-19,3.07,3.07,2.71,No,,81,2007-11-30,6.45,103.89,208500,208500,208500
43,L-000043,2007-12-21,1.68,1.71,3.64,No,,18,2007-12-03,6.34,103.72,144000,144000,144000
459,L-000459,2008-06-06,0.55,3.48,0.64,Yes,102000.0,180,2007-12-09,6.34,103.72,161000,161000,161000
10,L-000010,2008-01-05,1.51,0.54,2.8,Yes,26800.0,25,2007-12-11,6.34,103.72,118000,118000,118000
658,L-000658,2008-02-06,1.88,1.42,3.57,Yes,43000.0,53,2007-12-15,6.34,103.72,149000,149000,149000
407,L-000407,2008-03-03,2.55,0.9,3.43,Yes,47600.0,78,2007-12-16,6.34,103.72,115000,115000,115000
280,L-000280,2008-03-06,6.66,2.3,2.6,No,,80,2007-12-17,6.34,103.72,192000,192000,192000
1227,L-001227,2008-01-20,1.89,3.58,1.36,No,,33,2007-12-18,6.34,103.72,214000,214000,214000
1326,L-001326,2008-01-13,1.0,5.45,1.21,Yes,18800.0,26,2007-12-18,6.34,103.72,55000,55000,55000
204,L-000204,2008-01-08,2.63,2.45,3.0,No,,17,2007-12-22,6.34,103.72,149000,149000,149000
202,L-000202,2008-02-04,3.01,4.65,0.68,No,,44,2007-12-22,6.34,103.72,171500,171500,171500
11,L-000011,2008-02-27,0.72,3.37,2.92,No,,66,2007-12-23,6.34,103.72,129500,129500,129500
536,L-000536,2008-01-23,1.96,6.14,1.15,Y,44700.0,30,2007-12-24,6.34,103.72,107500,107500,107500
305,L-000305,2008-05-05,0.55,4.94,0.42,Yes,50900.0,132,2007-12-25,6.34,103.72,295000,295000,295000
1249,L-001249,2008-04-03,0.62,5.72,0.57,Yes,106300.0,100,2007-12-25,6.34,103.72,129500,129500,129500
33,L-000033,2008-01-16,3.31,2.3,2.47,No,,22,2007-12-25,6.34,103.72,179900,179900,179900
308,L-000308,2008-03-04,1.84,4.36,1.28,Yes,43400.0,67,2007-12-28,6.34,103.72,89500,89500,89500
579,L-000579,2008-02-20,1.21,3.03,2.42,No,,54,2007-12-28,6.34,103.72,146000,146000,146000
1279,L-001279,2008-03-12,2.75,2.11,2.35,No,,74,2007-12-29,6.34,103.72,237000,237000,237000
1164,L-001164,2008-01-20,0.78,2.06,2.81,No,,20,2007-12-31,6.34,103.72,108959,108959,108959
60,L-000060,2008-01-21,3.17,2.65,2.88,No,,18,2008-01-03,6.28,103.06,124900,124900,124900
502,L-000502,2008-02-12,1.7,3.41,1.94,No,,27,2008-01-16,6.28,103.06,226700,226700,226700
162,L-000162,2008-03-19,2.86,3.33,2.59,Yes,123300.0,61,2008-01-18,6.28,103.06,412500,412500,412500
1352,L-001352,2008-03-19,3.68,1.59,1.5,No,,61,2008-01-18,6.28,103.06,171000,171000,171000
184,L-000184,2008-06-05,0.73,4.4,0.47,No,,137,2008-01-20,6.28,103.06,200000,200000,200000
1225,L-001225,2008-02-24,4.76,1.35,2.76,Yes,90400.0,34,2008-01-21,6.28,103.06,184000,184000,184000
272,L-000272,2008-04-24,3.78,4.61,2.85,Yes,39300.0,90,2008-01-25,6.28,103.06,241500,241500,241500
410,L-000410,2008-04-24,1.31,2.33,2.05,Yes,51000.0,88,2008-01-27,6.28,103.06,339750,339750,339750
1137,L-001137,2008-04-27,3.63,1.59,2.52,No,,90,2008-01-28,6.28,103.06,119000,119000,119000
1394,L-001394,2008-04-01,0.44,3.6,0.43,Yes,45600.0,64,2008-01-28,6.28,103.06,163000,163000,163000
1428,L-001428,2008-04-05,2.58,2.07,1.99,Yes,31500.0,67,2008-01-29,6.28,103.06,140000,140000,140000
1044,L-001044,2008-05-02,1.79,2.06,3.83,No,,90,2008-02-02,6.24,102.99,262280,262280,262280
1269,L-001269,2008-05-02,1.99,1.35,5.45,Yes,102200.0,88,2008-02-04,6.24,102.99,381000,381000,381000
9,L-000009,2008-04-15,0.54,3.47,0.38,Yes,75400.0,70,2008-02-05,6.24,102.99,129900,129900,129900
423,L-000423,2008-02-21,2.87,6.68,0.59,No,,16,2008-02-05,6.24,102.99,113000,113000,113000
888,L-000888,2008-04-13,1.73,5.1,1.99,No,,67,2008-02-06,6.24,102.99,135500,135500,135500
154,L-000154,2008-03-02,6.05,3.78,5.35,Yes,46700.0,24,2008-02-07,6.24,102.99,235000,235000,235000
1025,L-001025,2008-05-01,2.33,2.55,5.48,No,,83,2008-02-08,6.24,102.99,287000,287000,287000
269,L-000269,2008-02-20,1.3,6.59,0.9,Yes,18400.0,12,2008-02-08,6.24,102.99,120500,120500,120500
1048,L-001048,2008-02-27,,3.24,1.97,Yes,15500.0,17,2008-02-10,6.24,102.99,145000,145000,145000
1028,L-001028,2008-04-01,2.65,2.86,4.14,Yes,35800.0,49,2008-02-12,6.24,102.99,293077,293077,293077
841,L-000841,2008-03-12,3.11,0.54,3.49,Yes,25600.0,27,2008-02-14,6.24,102.99,140000,140000,140000
292,L-000292,2008-03-24,3.43,0.88,2.65,Yes,66300.0,38,2008-02-15,6.24,102.99,135900,135900,135900
353,L-000353,2008-03-25,1.46,5.77,1.0,Yes,33100.0,38,2008-02-16,6.24,102.99,95000,95000,95000
1173,L-001173,2008-03-07,2.37,3.91,2.01,Yes,66300.0,19,2008-02-17,6.24,102.99,171900,171900,171900
1423,L-001423,2008-03-01,3.59,3.57,2.03,No,,13,2008-02-17,6.24,102.99,136500,136500,136500
831,L-000831,2008-06-07,3.45,1.33,2.64,No,,109,2008-02-19,6.24,102.99,166000,166000,166000
217,L-000217,2008-04-04,3.25,2.53,2.24,No,,42,2008-02-22,6.24,102.99,210000,210000,210000
1255,L-001255,2008-07-17,2.11,4.41,1.32,Yes,68800.0,145,2008-02-23,6.24,102.99,165400,165400,165400
124,L-000124,2008-03-20,1.32,2.19,3.81,No,,24,2008-02-25,6.24,102.99,153900,153900,153900
458,L-000458,2008-03-10,3.97,2.97,2.49,Yes,38700.0,14,2008-02-25,6.24,102.99,256000,256000,256000
408,L-000408,2008-03-25,1.67,1.01,4.87,Yes,38600.0,28,2008-02-26,6.24,102.99,177000,177000,177000
818,L-000818,2008-07-01,2.92,8.06,0.65,No,,125,2008-02-27,6.24,102.99,271000,271000,271000
983,L-000983,2008-03-26,2.63,4.41,1.03,No,,28,2008-02-27,6.24,102.99,159895,159895,159895
984,L-000984,2008-05-25,2.78,2.01,2.65,No,,87,2008-02-28,6.24,102.99,255900,255900,255900
926,L-000926,2008-03-18,3.77,3.85,2.84,No,,17,2008-03-01,6.22,102.27,175000,175000,175000
1367,L-001367,2008-06-04,3.59,3.04,2.08,No,,95,2008-03-01,6.22,102.27,193000,193000,193000
1092,L-001092,2008-03-22,1.9,2.84,2.06,Yes,29500.0,20,2008-03-02,6.22,102.27,160000,160000,160000
920,L-000920,2008-05-13,3.5,2.06,2.93,Yes,74300.0,72,2008-03-02,6.22,102.27,176500,176500,176500
327,L-000327,2008-05-17,3.7,0.49,3.89,No,,76,2008-03-02,6.22,102.27,324000,324000,324000
1402,L-001402,2008-04-13,3.51,1.55,2.83,No,,39,2008-03-05,6.22,102.27,193000,193000,193000
840,L-000840,2008-05-02,1.42,4.74,1.96,Yes,40900.0,54,2008-03-09,6.22,102.27,130500,130500,130500
641,L-000641,2008-04-02,1.92,3.27,3.44,Yes,58700.0,24,2008-03-09,6.22,102.27,274000,274000,274000
1068,L-001068,2008-06-02,2.91,2.01,1.93,No,,84,2008-03-10,6.22,102.27,167900,167900,167900
1382,L-001382,2008-05-14,2.5,1.61,2.08,N,,63,2008-03-12,6.22,102.27,237500,237500,237500
865,L-000865,2008-05-16,1.83,2.02,2.42,Yes,46300.0,999,2008-03-12,6.22,102.27,250580,250580,250580
156,L-000156,2008-04-21,1.95,4.27,1.04,Yes,39100.0,39,2008-03-13,6.22,102.27,79000,79000,79000
1361,L-001361,2008-05-20,3.72,0.54,3.23,Yes,70200.0,67,2008-03-14,6.22,102.27,189000,189000,189000
149,L-000149,2008-04-13,2.17,1.71,3.48,Yes,31200.0,30,2008-03-14,6.22,102.27,141000,141000,141000
211,L-000211,2008-04-20,1.5,5.5,1.68,Yes,22300.0,35,2008-03-16,6.22,102.27,98000,98000,98000
391,L-000391,2008-04-21,1.93,4.78,1.33,Yes,32700.0,35,2008-03-17,6.22,102.27,119000,119000,119000
1169,L-001169,2008-07-23,2.22,4.84,1.46,Yes,72200.0,128,2008-03-17,6.22,102.27,235000,235000,235000
664,L-000664,2008-04-06,2.05,5.29,0.99,No,,20,2008-03-17,6.22,102.27,137500,137500,137500
1329,L-001329,2008-06-09,0.77,2.55,0.45,Yes,166500.0,83,2008-03-18,6.22,102.27,256000,256000,256000
477,L-000477,2008-04-19,2.26,2.53,2.64,Y,48400.0,32,2008-03-18,6.22,102.27,208900,208900,208900
928,L-000928,2008-04-18,4.61,4.28,2.3,No,,29,2008-03-20,6.22,102.27,176000,176000,176000
1434,L-001434,2008-05-26,3.29,1.3,2.13,No,,66,2008-03-21,6.22,102.27,186500,186500,186500
801,L-000801,2008-05-05,4.06,2.61,2.6,No,,45,2008-03-21,6.22,102.27,200000,200000,200000
742,L-000742,2008-05-04,0.73,2.45,2.99,Y,30400.0,43,2008-03-22,6.22,102.27,142000,142000,142000
538,L-000538,2008-04-08,3.23,2.55,1.81,No,,17,2008-03-22,6.22,102.27,111250,111250,111250
798,L-000798,2008-04-13,2.8,1.81,2.01,No,,20,2008-03-24,6.22,102.27,110000,110000,110000
174,L-000174,2008-06-03,3.09,1.48,2.36,No,,71,2008-03-24,6.22,102.27,163000,163000,163000
826,L-000826,2008-06-10,,4.59,2.59,Yes,111100.0,77,2008-03-25,6.22,102.27,385000,385000,385000
136,L-000136,2008-05-13,4.54,6.09,4.88,No,,47,2008-03-27,6.22,102.27,174000,174000,174000
1377,L-001377,2008-04-13,3.03,0.79,3.46,Yes,24400.0,17,2008-03-27,6.22,102.27,91000,91000,91000
532,L-000532,2008-06-02,3.24,0.5,1.83,Yes,40800.0,65,2008-03-29,6.22,102.27,128000,128000,128000
77,L-000077,2008-04-23,2.31,1.84,2.47,No,,25,2008-03-29,6.22,102.27,135750,135750,135750
1024,L-001024,2008-05-11,2.72,6.65,1.06,Yes,40700.0,42,2008-03-30,6.22,102.27,191000,191000,191000
498,L-000498,2008-06-20,2.77,0.5,2.8,Yes,78500.0,82,2008-03-30,6.22,102.27,184000,184000,184000
746,L-000746,2008-07-20,,3.72,3.17,Yes,84500.0,111,2008-03-31,6.22,102.27,299800,299800,299800
567,L-000567,2008-06-04,0.75,4.64,0.87,Yes,143600.0,65,2008-03-31,6.22,102.27,325000,325000,325000
595,L-000595,2008-04-19,3.39,3.97,3.18,No,,18,2008-04-01,6.16,102.04,110000,110000,110000
425,L-000425,2008-05-19,2.57,1.82,2.35,No,,47,2008-04-02,6.16,102.04,139000,139000,139000
843,L-000843,2008-05-11,2.76,1.93,1.87,No,,39,2008-04-02,6.16,102.04,174900,174900,174900
108,L-000108,2008-04-19,0.55,3.5,0.46,Yes,16800.0,17,2008-04-02,6.16,102.04,115000,115000,115000
724,L-000724,2008-05-13,1.25,4.64,1.28,Yes,24600.0,41,2008-04-02,6.16,102.04,135000,135000,135000
208,L-000208,2008-04-23,2.59,2.29,1.89,No,,21,2008-04-02,6.16,102.04,141000,141000,141000
208,L-900208,2008-04-23,2.59,2.29,1.89,No,,21,2008-04-03,6.16,102.04,141000,141000,141000
1160,L-001160,2008-07-01,4.76,2.94,3.98,No,,88,2008-04-04,6.16,102.04,185000,185000,185000
32,L-000032,2008-06-01,1.0,3.4,3.81,Yes,35900.0,58,2008-04-04,6.16,102.04,149350,149350,149350
584,L-000584,2008-07-03,0.53,3.89,0.35,Yes,160200.0,90,2008-04-04,6.16,102.04,325000,325000,325000
219,L-000219,2008-05-27,2.34,1.45,4.5,Yes,51400.0,52,2008-04-05,6.16,102.04,311500,311500,311500
257,L-000257,2008-05-21,1.8,2.3,1.67,No,,45,2008-04-06,6.16,102.04,207500,207500,207500
15,L-000015,2008-05-03,3.25,2.06,1.71,No,,27,2008-04-06,6.16,102.04,157000,157000,157000
1274,L-001274,2008-05-05,2.08,4.35,1.43,Yes,72400.0,27,2008-04-08,6.16,102.04,177000,177000,177000
827,L-000827,2008-05-08,2.68,0.56,2.13,Yes,14700.0,29,2008-04-09,6.16,102.04,109500,109500,109500
443,L-000443,2008-06-03,2.58,0.59,3.18,Yes,31200.0,55,2008-04-09,6.16,102.04,162900,162900,162900
587,L-000587,2008-05-11,2.49,0.95,3.05,Yes,34900.0,32,2008-04-09,6.16,102.04,130000,130000,130000
648,L-000648,2008-06-14,1.51,4.19,1.34,No,,63,2008-04-12,6.16,102.04,155000,155000,155000
1380,L-001380,2008-05-15,2.48,2.72,4.1,Yes,37600.0,32,2008-04-13,6.16,102.04,167500,167500,167500
1316,L-001316,2008-06-26,2.7,1.84,2.15,No,,72,2008-04-15,6.16,102.04,206900,206900,206900
1056,L-001056,2008-05-02,5.67,5.59,4.05,NO,,17,2008-04-15,6.16,102.04,180000,180000,180000
1355,L-001355,2008-06-13,2.38,2.68,2.94,No,,59,2008-04-15,6.16,102.04,235000,235000,235000
259,L-000259,2008-05-18,2.75,2.16,2250.0,No,,32,2008-04-16,6.16,102.04,231500,231500,231500
651,L-000651,2008-05-15,1.65,3.22,2.03,No,,29,2008-04-16,6.16,102.04,205950,205950,205950
962,L-000962,2008-07-10,3.62,3.27,2.61,Yes,95900.0,85,2008-04-16,6.16,102.04,272000,272000,272000
842,L-000842,2008-06-14,0.58,4.34,0.33,Yes,34300.0,59,2008-04-16,6.16,102.04,157500,157500,157500
1309,L-001309,2008-05-25,0.53,3.28,0.34,Yes,55000.0,38,2008-04-17,6.16,102.04,147000,147000,147000
431,L-000431,2008-07-02,1.99,4.28,0.93,No,,74,2008-04-19,6.16,102.04,85400,85400,85400
845,L-000845,2008-06-18,0.44,4.61,0.34,Yes,38300.0,60,2008-04-19,6.16,102.04,153900,153900,153900
457,L-000457,2008-05-25,0.41,6.25,0.52,Yes,27900.0,35,2008-04-20,6.16,102.04,98000,98000,98000
639,L-000639,2008-05-10,1.78,4.18,1.42,Yes,11900.0,18,2008-04-22,6.16,102.04,85000,85000,85000
362,L-000362,2008-07-01,2.78,0.63,3.37,Yes,34200.0,68,2008-04-24,6.16,102.04,145000,145000,145000
691,L-000691,2008-05-07,3.97,2.18,1.87,No,,12,2008-04-25,6.16,102.04,141000,141000,141000
1093,L-001093,2008-06-05,3.67,0.51,3.42,Yes,53500.0,41,2008-04-25,6.16,102.04,136500,136500,136500
630,L-000630,2008-06-16,2.92,2.29,1.55,No,,51,2008-04-26,6.16,102.04,168500,168500,168500
1442,L-001442,2008-05-09,2.82,2.61,1.65,No,,13,2008-04-26,6.16,102.04,149300,149300,149300
785,L-000785,2008-06-25,0.41,4.54,0.47,Yes,39500.0,59,2008-04-27,6.16,102.04,128000,128000,128000
473,L-000473,2008-06-05,1.61,6.07,1.52,No,,39,2008-04-27,6.16,102.04,148000,148000,148000
491,L-000491,2008-06-03,2.51,1.67,2.39,No,,34,2008-04-30,6.16,102.04,115000,115000,115000
1118,L-001118,2008-05-19,0.92,3.01,2.8,Yes,23700.0,19,2008-04-30,6.16,102.04,130000,130000,130000
894,L-000894,2008-06-10,0.79,2.29,3.7,No,,41,2008-04-30,6.16,102.04,165000,165000,165000
30,L-000030,2008-05-20,2.81,0.51,2.61,Yes,11800.0,20,2008-04-30,6.16,102.04,68500,68500,68500
981,L-000981,2008-07-03,3.0,2.11,2.44,Yes,36400.0,62,2008-05-02,6.12,101.7,178400,178400,178400
768,L-000768,2008-07-16,2.71,5.12,0.9,Yes,52700.0,74,2008-05-03,6.12,101.7,160000,160000,160000
494,L-000494,2008-06-07,2.11,1.9,1.95,No,,35,2008-05-03,6.12,101.7,155000,155000,155000
56,L-000056,2008-07-08,3.09,2.48,1.61,No,,65,2008-05-04,6.12,101.7,180500,180500,180500
622,L-000622,2008-06-23,4.36,5.14,3.28,Yes,74500.0,48,2008-05-06,6.12,101.7,240000,240000,240000
618,L-000618,2008-06-04,3.84,2.01,2.07,No,,28,2008-05-07,6.12,101.7,105500,105500,105500
1241,L-001241,2008-07-04,2.89,2.58,2.61,N,,58,2008-05-07,6.12,101.7,224900,224900,224900
424,L-000424,2008-06-17,0.47,6.65,0.98,No,,40,2008-05-08,6.12,101.7,315000,315000,315000
1021,L-001021,2008-06-10,1.66,4.43,1.42,No,,33,2008-05-08,6.12,101.7,176000,176000,176000
549,L-000549,2008-06-03,0.57,3.67,0.3,Yes,31500.0,26,2008-05-08,6.12,101.7,125000,125000,125000
1460,L-001460,2008-06-10,0.96,5.58,1.7,No,,33,2008-05-08,6.12,101.7,147500,147500,147500
445,L-000445,2008-07-07,2.24,2.64,3.47,Yes,49700.0,60,2008-05-08,6.12,101.7,210000,210000,210000
195,L-000195,2008-05-19,3.48,2.91,2.14,No,,11,2008-05-08,6.12,101.7,127000,127000,127000
1436,L-001436,2008-07-01,2.7,1.7,1.8,Yes,33200.0,54,2008-05-08,6.12,101.7,174000,174000,174000
40,L-000040,2008-06-06,1.59,5.6,1.58,No,,28,2008-05-09,6.12,101.7,82000,82000,82000
675,L-000675,2008-07-09,2.58,2.02,1.45,No,,60,2008-05-10,6.12,101.7,140000,140000,140000
700,L-000700,2008-07-01,1.42,2.21,2.64,No,,52,2008-05-10,6.12,101.7,196000,196000,196000
161,L-000161,2008-06-05,4.39,0.58,4.03,No,,24,2008-05-12,6.12,101.7,162500,162500,162500
1159,L-001159,2008-06-22,1.79,2.78,1.87,Yes,57800.0,41,2008-05-12,6.12,101.7,235128,235128,235128
563,L-000563,2008-07-12,2.15,4.77,0.97,Yes,40600.0,60,2008-05-13,6.12,101.7,108000,108000,108000
266,L-000266,2008-06-11,4.7,4.08,3.46,No,,29,2008-05-13,6.12,101.7,175500,175500,175500
1415,L-001415,2008-06-24,4.03,0.78,2.61,Yes,79700.0,41,2008-05-14,6.12,101.7,207000,207000,207000
123,L-000123,2008-06-27,3.13,1.92,1.94,No,,44,2008-05-14,6.12,101.7,136000,136000,136000
564,L-000564,2008-07-27,1.46,4.12,1.5,Yes,49600.0,73,2008-05-15,6.12,101.7,185000,185000,185000
470,L-000470,2008-06-06,2.08,1.54,3.16,No,,22,2008-05-15,6.12,101.7,187000,187000,187000
1154,L-001154,2008-06-12,1.27,5.16,1.36,Yes,17900.0,26,2008-05-17,6.12,101.7,120500,120500,120500
812,L-000812,2008-06-02,2.95,1.78,3.5,No,,16,2008-05-17,6.12,101.7,144500,144500,144500
265,L-000265,2008-06-02,0.64,5.82,0.45,Yes,33000.0,15,2008-05-18,6.12,101.7,73000,73000,73000
1310,L-001310,2008-06-11,2.13,1.94,3.69,No,,24,2008-05-18,6.12,101.7,179200,179200,179200
821,L-000821,2008-06-27,3.03,2.73,2.59,No,,40,2008-05-18,6.12,101.7,183000,183000,183000
654,L-000654,2008-06-24,1.11,4.98,1.39,Yes,55200.0,36,2008-05-19,6.12,101.7,135000,135000,135000
1171,L-001171,2008-07-22,3.14,3.65,0.68,No,,60,2008-05-23,6.12,101.7,171000,171000,171000
1141,L-001141,2008-06-04,3.65,2.53,1.73,No,,11,2008-05-24,6.12,101.7,139000,139000,139000
552,L-000552,2008-06-11,0.6,4.51,0.5,No,,18,2008-05-24,6.12,101.7,112500,112500,112500
19,L-000019,2008-06-20,1.63,1.5,4.12,no,,26,2008-05-25,6.12,101.7,159000,159000,159000
435,L-000435,2008-06-15,1.77,1.91,1.76,No,,19,2008-05-27,6.12,101.7,81000,81000,81000
839,L-000839,2008-06-19,2.88,3.51,3.09,Yes,41600.0,21,2008-05-29,6.12,101.7,144000,144000,144000
434,L-000434,2008-07-03,4.06,1.83,3.47,Yes,54100.0,35,2008-05-29,6.12,101.7,181000,181000,181000
733,L-000733,2008-07-01,2.76,3.67,3.3,Yes,72700.0,33,2008-05-29,6.12,101.7,222500,222500,222500
210,L-000210,2008-07-05,2.68,2.48,2.42,No,,37,2008-05-29,6.12,101.7,145000,145000,145000
804,L-000804,2009-01-26,1.07,4.09,3.04,Yes,119300.0,240,2008-05-31,6.12,101.7,582933,582933,582933
334,L-000334,2008-07-02,1.47,3.04,2.84,No,,31,2008-06-01,6.07,101.08,207000,207000,207000
1149,L-001149,2008-08-07,,2.95,0.41,Yes,43300.0,67,2008-06-01,6.07,101.08,116900,116900,116900
968,L-000968,2008-07-26,2.81,2.1,2.23,No,,55,2008-06-01,6.07,101.08,135000,135000,135000
1196,L-001196,2008-07-09,4.87,1.54,4.63,N,,37,2008-06-02,6.07,101.08,176000,176000,176000
1111,L-001111,2008-06-24,3.37,1.41,3.03,Yes,51600.0,22,2008-06-02,6.07,101.08,188000,188000,188000
1042,L-001042,2008-07-25,4.93,3.27,2.11,Yes,72800.0,52,2008-06-03,6.07,101.08,173000,173000,173000
600,L-000600,2008-07-20,1.43,2.89,0.82,No,,46,2008-06-04,6.07,101.08,151000,151000,151000
268,L-000268,2008-07-06,2.96,0.72,3.15,Y,74900.0,31,2008-06-05,6.07,101.08,179500,179500,179500
1003,L-001003,2008-07-07,1.31,2.65,2.64,No,,32,2008-06-05,6.07,101.08,232000,232000,232000
1375,L-001375,2008-07-23,1.75,3.2,2.29,No,,47,2008-06-06,6.07,101.08,250000,250000,250000
1401,L-001401,2008-07-08,3.18,0.5,2.78,Yes,36100.0,32,2008-06-06,6.07,101.08,120000,120000,120000
389,L-000389,2008-07-05,2.97,2.47,3.0,Yes,58500.0,28,2008-06-07,6.07,101.08,191000,191000,191000
31,L-000031,2008-07-12,1.14,4.88,0.97,Yes,42500.0,35,2008-06-07,6.07,101.08,40000,40000,40000
620,L-000620,2008-08-09,2.89,2.45,4.07,No,,61,2008-06-09,6.07,101.08,305000,305000,305000
537,L-000537,2008-07-11,2.57,2.56,2.96,Yes,69500.0,31,2008-06-10,6.07,101.08,188000,188000,188000
1260,L-001260,2008-07-22,2.2,2.09,2.11,No,,42,2008-06-10,6.07,101.08,151000,151000,151000
766,L-000766,2008-08-13,,2.77,1.95,No,,63,2008-06-11,6.07,101.08,264132,264132,264132
1144,L-001144,2008-07-06,0.97,1.83,3.42,No,,25,2008-06-11,6.07,101.08,80000,80000,80000
372,L-000372,2008-07-05,4.11,2.72,2.39,No,,24,2008-06-11,6.07,101.08,134432,134432,134432
593,L-000593,2008-06-24,2.91,8.07,0.98,Yes,23900.0,13,2008-06-11,6.07,101.08,138000,138000,138000
428,L-000428,2008-07-01,2.81,1.27,1.89,No,,19,2008-06-12,6.07,101.08,109008,109008,109008
555,L-000555,2008-08-16,2.05,4.52,3.13,Yes,60200.0,65,2008-06-12,6.07,101.08,284000,284000,284000
1265,L-001265,2008-08-25,3.0,1.95,1.95,Yes,61600.0,71,2008-06-15,6.07,101.08,181000,181000,181000
1112,L-001112,2008-09-09,4.14,4.87,2.94,No,,84,2008-06-17,6.07,101.08,205000,205000,205000
344,L-000344,2008-07-22,1.67,6.33,2.18,No,,35,2008-06-17,6.07,101.08,266000,266000,266000
924,L-000924,2008-07-22,1.87,1.77,3.35,Yes,76700.0,33,2008-06-19,6.07,101.08,193000,193000,193000
1342,L-001342,2008-07-26,1.93,2.22,3.74,Yes,49700.0,37,2008-06-19,6.07,101.08,155000,155000,155000
335,L-000335,2008-07-20,4.44,1.66,3.67,No,,29,2008-06-21,6.07,101.08,192000,192000,192000
106,L-000106,2008-08-09,1.53,2.98,2.59,Yes,71700.0,46,2008-06-24,6.07,101.08,250000,250000,250000
1259,L-001259,2008-07-13,3.43,2.2,3.03,No,,19,2008-06-24,6.07,101.08,190000,190000,190000
464,L-000464,2008-08-10,1.89,1.04,4.92,Yes,61100.0,47,2008-06-24,6.07,101.08,188700,188700,188700
647,L-000647,2008-07-23,2.78,2.44,2.02,No,,28,2008-06-25,6.07,101.08,98300,98300,98300
806,L-000806,2008-07-17,2.3,2.48,2.07,No,,21,2008-06-26,6.07,101.08,227680,227680,227680
390,L-000390,2008-08-14,2.08,3.98,3.36,Yes,178100.0,48,2008-06-27,6.07,101.08,426000,426000,426000
1322,L-001322,2008-07-05,,0.89,2.18,Yes,24800.0,7,2008-06-28,6.07,101.08,72500,72500,72500
1427,L-001427,2008-08-02,0.64,7.36,0.75,N,,33,2008-06-30,6.07,101.08,271000,271000,271000
711,L-000711,2008-07-10,2.78,0.65,3.11,Yes,8500.0,10,2008-06-30,6.07,101.08,52000,52000,52000
1257,L-001257,2008-08-17,0.65,5.82,0.68,No,,47,2008-07-01,6.02,101.17,301500,301500,301500
559,L-000559,2008-08-01,3.26,1.6,3.61,Yes,76700.0,29,2008-07-03,6.02,101.17,175000,175000,175000
23,L-000023,2008-09-11,2.76,3.24,2.07,No,,70,2008-07-03,6.02,101.17,230000,230000,230000
657,L-000657,2008-08-08,3.09,1.4,2.06,Yes,28200.0,35,2008-07-04,6.02,101.17,145500,145500,145500
403,L-000403,2008-08-08,0.94,3.01,3.92,Yes,15600.0,33,2008-07-06,6.02,101.17,108000,108000,108000
922,L-000922,2008-09-02,1.42,6.92,1.68,Yes,99400.0,57,2008-07-07,6.02,101.17,145900,145900,145900
1441,L-001441,2008-09-15,2.57,0.98,4.32,Yes,87000.0,69,2008-07-08,6.02,101.17,191000,191000,191000
521,L-000521,2008-08-07,0.45,3.57,0.43,Yes,43100.0,29,2008-07-09,6.02,101.17,106250,106250,106250
44,L-000044,2008-07-23,2.65,2.79,2.75,Yes,28900.0,14,2008-07-09,6.02,101.17,130250,130250,130250
1038,L-001038,2008-09-16,3.45,3.49,2.68,Yes,39900.0,68,2008-07-10,6.02,101.17,287000,287000,287000
759,L-000759,2008-08-12,2.17,2.88,2.09,No,,29,2008-07-14,6.02,101.17,179400,179400,179400
236,L-000236,2008-08-23,1.94,3.5,1.07,No,,36,2008-07-18,6.02,101.17,89500,89500,89500
719,L-000719,2008-08-09,0.47,6.16,0.74,Yes,115800.0,20,2008-07-20,6.02,101.17,341000,341000,341000
442,L-000442,2008-09-08,1.76,4.02,1.49,No,,49,2008-07-21,6.02,101.17,118000,118000,118000
1222,L-001222,2008-08-17,0.84,2.96,2.72,No,,27,2008-07-21,6.02,101.17,134000,134000,134000
590,L-000590,2008-08-17,2.9,0.71,2.74,Yes,31900.0,26,2008-07-22,6.02,101.17,79500,79500,79500
1230,L-001230,2008-08-20,3.38,1.5,2.12,No,,29,2008-07-22,6.02,101.17,127000,127000,127000
1062,L-001062,2008-08-05,1.33,7.6,0.96,Yes,33700.0,14,2008-07-22,6.02,101.17,81000,81000,81000
1372,L-001372,2008-10-20,2.59,2.26,2.2,Yes,80400.0,90,2008-07-22,6.02,101.17,165500,165500,165500
3,L-000003,2008-09-23,2.16,2.7,1.78,Yes,91200.0,62,2008-07-23,6.02,101.17,223500,223500,223500
789,L-000789,2008-08-07,0.57,4.47,0.36,Yes,12400.0,15,2008-07-23,6.02,101.17,107900,107900,107900
954,L-000954,2008-09-06,2.72,5.8,1.23,No,,43,2008-07-25,6.02,101.17,172000,172000,172000
986,L-000986,2008-08-24,1.63,4.36,1.6,No,,30,2008-07-25,6.02,101.17,125000,125000,125000
336,L-000336,2008-08-19,2.33,2.82,5.41,No,,23,2008-07-27,6.02,101.17,228950,228950,228950
190,L-000190,2008-08-17,0.75,6.53,1.15,Yes,54500.0,21,2008-07-27,6.02,101.17,286000,286000,286000
1350,L-001350,2008-12-25,0.42,3.79,0.46,Yes,162900.0,150,2008-07-28,6.02,101.17,122000,122000,122000
655,L-000655,2008-08-27,0.45,6.92,590.0,No,,29,2008-07-29,6.02,101.17,350000,350000,350000
531,L-000531,2008-08-25,2.41,2.71,5.07,Yes,87800.0,26,2008-07-30,6.02,101.17,175000,175000,175000
1419,L-001419,2008-08-25,2.61,1.97,2.5,No,,25,2008-07-31,6.02,101.17,124000,124000,124000
605,L-000605,2008-09-03,2.88,2.13,2.13,No,,33,2008-08-01,5.81,100.34,221000,221000,221000
1011,L-001011,2008-08-26,0.92,3.24,4.29,Yes,52600.0,22,2008-08-04,5.81,100.34,135000,135000,135000
835,L-000835,2008-09-05,3.48,2.25,2.37,No,,30,2008-08-06,5.81,100.34,139950,139950,139950
13,L-000013,2008-09-01,0.7,2.16,3.56,No,,25,2008-08-07,5.81,100.34,144000,144000,144000
835,L-900835,2008-09-05,3.48,2.25,2.37,No,,30,2008-08-08,5.81,100.34,139950,139950,139950
591,L-000591,2008-09-16,2.79,2.8,2.36,No,,39,2008-08-08,5.81,100.34,185900,185900,185900
849,L-000849,2008-09-10,3.51,2.4,2.57,Yes,95800.0,31,2008-08-10,5.81,100.34,240000,240000,240000
668,L-000668,2008-10-14,1.91,1.68,4.62,Yes,35400.0,60,2008-08-15,5.81,100.34,193500,193500,193500
1157,L-001157,2008-10-04,2.64,1.71,2.95,Yes,43500.0,49,2008-08-16,5.81,100.34,179900,179900,179900
432,L-000432,2008-09-17,0.68,2.95,0.42,Yes,28000.0,30,2008-08-18,5.81,100.34,79900,79900,79900
935,L-000935,2008-11-08,1.45,2.58,1.74,Yes,104000.0,81,2008-08-19,5.81,100.34,242000,242000,242000
896,L-000896,2008-10-12,2.38,1.93,2.22,No,,53,2008-08-20,5.81,100.34,140000,140000,140000
166,L-000166,2008-09-19,1.77,3.93,1.32,Yes,39000.0,27,2008-08-23,5.81,100.34,127500,127500,127500
1209,L-001209,2008-10-05,3.6,2.02,2.76,Yes,35500.0,41,2008-08-25,5.81,100.34,140000,140000,140000
1426,L-001426,2008-10-04,2.6,2.32,1.72,No,,38,2008-08-27,5.81,100.34,142000,142000,142000
228,L-000228,2008-09-23,2.56,3.42,0.74,No,,24,2008-08-30,5.81,100.34,106000,106000,106000
1182,L-001182,2008-11-05,1.77,1.64,4.58,No,,66,2008-08-31,5.81,100.34,392500,392500,392500
509,L-000509,2008-10-05,0.72,4.25,0.49,Yes,69100.0,27,2008-09-08,5.7,100.0,161000,161000,161000
1229,L-001229,2008-10-11,1.76,3.61,3.44,N,,33,2008-09-08,5.7,100.0,367294,367294,367294
421,L-000421,2008-11-17,2.47,5.13,0.72,Yes,42700.0,70,2008-09-08,5.7,100.0,206300,206300,206300
83,L-000083,2008-10-21,1.63,2.39,1.91,No,,42,2008-09-09,5.7,100.0,245000,245000,245000
873,L-000873,2008-10-08,2.74,2.69,2.05,Yes,32600.0,26,2008-09-12,5.7,100.0,116000,116000,116000
795,L-000795,2008-10-18,3.96,1.55,3.59,Yes,45600.0,36,2008-09-12,5.7,100.0,194500,194500,194500
576,L-000576,2008-10-17,2.23,2.28,2.33,Yes,47600.0,35,2008-09-12,5.7,100.0,118500,118500,118500
551,L-000551,2008-10-10,2.52,3.18,2.33,No,,26,2008-09-14,5.7,100.0,140000,140000,140000
621,L-000621,2008-09-26,1.86,3.77,1.27,YES,19400.0,12,2008-09-14,5.7,100.0,67000,67000,67000
803,L-000803,2008-10-20,3.66,2.72,3.06,No,,36,2008-09-14,5.7,100.0,189000,189000,189000
1177,L-001177,2008-10-09,3.63,6.46,0.89,Yes,30500.0,24,2008-09-15,5.7,100.0,119500,119500,119500
713,L-000713,2008-10-13,0.85,6.68,1.14,Yes,64400.0,27,2008-09-16,5.7,100.0,189000,189000,189000
571,L-000571,2008-11-01,3.51,2.18,1.9,No,,44,2008-09-18,5.7,100.0,142600,142600,142600
1172,L-001172,2008-11-01,3.02,2.54,1.95,No,,42,2008-09-20,5.7,100.0,163000,163000,163000
1410,L-001410,2008-11-13,4.09,4.2,4.19,Yes,65900.0,54,2008-09-20,5.7,100.0,215000,215000,215000
349,L-000349,2008-10-16,1.79,4.15,2.65,Yes,68700.0,24,2008-09-22,5.7,100.0,154000,154000,154000
1357,L-001357,2008-10-27,4.34,1.56,1.87,No,,33,2008-09-24,5.7,100.0,110000,110000,110000
745,L-000745,2008-10-21,0.79,5.0,0.86,N,,26,2008-09-25,5.7,100.0,180000,180000,180000
857,L-000857,2008-10-09,3.2,3.58,2.1,No,,13,2008-09-26,5.7,100.0,147000,147000,147000
1162,L-001162,2008-11-09,1.93,1.78,4.45,Yes,55300.0,43,2008-09-27,5.7,100.0,224000,224000,224000
1081,L-001081,2008-10-21,5.18,4.18,3.26,Yes,24900.0,24,2008-09-27,5.7,100.0,145000,145000,145000
580,L-000580,2008-11-18,0.44,7.63,0.54,No,,50,2008-09-29,5.7,100.0,131500,131500,131500
1328,L-001328,2008-10-20,3.1,5.92,0.75,Yes,26900.0,17,2008-10-03,5.57,99.67,130500,130500,130500
1235,L-001235,2008-11-16,3.38,0.71,3.24,Yes,53400.0,43,2008-10-04,5.57,99.67,130000,130000,130000
1119,L-001119,2008-12-15,0.82,2.5,3.82,Yes,73600.0,71,2008-10-05,5.57,99.67,140000,140000,140000
528,L-000528,2008-11-13,1.74,5.26,2.96,No,,39,2008-10-05,5.57,99.67,446261,446261,446261
1297,L-001297,2008-12-20,3.13,2.67,1.62,No,,76,2008-10-05,5.57,99.67,155000,155000,155000
683,L-000683,2008-11-02,6.48,2.71,3.59,Yes,30500.0,26,2008-10-07,5.57,99.67,173000,173000,173000
1438,L-001438,2008-11-21,2.11,4.42,2.08,No,,45,2008-10-07,5.57,99.67,394617,394617,394617
1337,L-001337,2008-11-10,4.2,3.14,2.84,No,,34,2008-10-07,5.57,99.67,135000,135000,135000
253,L-000253,2008-12-02,2.04,2.01,3.62,No,,55,2008-10-08,5.57,99.67,173000,173000,173000
838,L-000838,2008-11-13,2.09,4.74,0.62,No,,32,2008-10-12,5.57,99.67,100000,100000,100000
175,L-000175,2008-11-06,2.1,3.21,3.55,No,,25,2008-10-12,5.57,99.67,184000,184000,184000
415,L-000415,2008-12-09,1.7,1.68,4.94,No,,56,2008-10-14,5.57,99.67,228000,228000,228000
401,L-000401,2008-12-14,3.77,0.45,3.51,No,,61,2008-10-14,5.57,99.67,245500,245500,245500
139,L-000139,2008-12-24,2.61,3.49,2.19,Yes,85600.0,62,2008-10-23,5.57,99.67,230000,230000,230000
974,L-000974,2008-12-01,1.76,2.51,1.85,Yes,60400.0,38,2008-10-24,5.57,99.67,182000,182000,182000
368,L-000368,2008-12-19,2.88,1.96,2.14,No,,52,2008-10-28,5.57,99.67,165000,165000,165000
718,L-000718,2008-11-19,3.26,5.29,3.28,Yes,39000.0,21,2008-10-29,5.57,99.67,157000,157000,157000
293,L-000293,2009-01-08,1.53,5.35,1.46,Yes,79200.0,71,2008-10-29,5.57,99.67,131000,131000,131000
725,L-000725,2009-02-10,1.95,6.35,1.43,Yes,81200.0,100,2008-11-02,5.52,99.16,320000,320000,320000
725,L-900725,2009-02-10,1.95,6.35,1.43,Yes,81200.0,100,2008-11-03,5.52,99.16,320000,320000,320000
65,L-000065,2009-02-11,3.0,2.74,2.26,Yes,66300.0,100,2008-11-03,5.52,99.16,219500,219500,219500
1228,L-001228,2008-12-02,3.12,1.67,1.67,Yes,26200.0,23,2008-11-09,5.52,99.16,147000,147000,147000
1006,L-001006,2008-11-24,2.44,2.78,2.8,No,,14,2008-11-10,5.52,99.16,149900,149900,149900
338,L-000338,2008-12-01,3.11,2.48,1.81,Yes,47200.0,21,2008-11-10,5.52,99.16,214000,214000,214000
5,L-000005,2008-12-18,0.57,7.93,0.91,No,,38,2008-11-10,5.52,99.16,250000,250000,250000
710,L-000710,2008-12-26,0.93,2.77,3.51,no,,44,2008-11-12,5.52,99.16,109900,109900,109900
438,L-000438,2009-01-06,2.78,0.76,2.37,Yes,40700.0,49,2008-11-18,5.52,99.16,119000,119000,119000
1443,L-001443,2009-04-05,1.68,2.96,1.93,No,,133,2008-11-23,5.52,99.16,310000,310000,310000
260,L-000260,2008-12-25,0.56,5.0,0.53,No,,29,2008-11-26,5.52,99.16,97000,97000,97000
125,L-000125,2009-01-18,5.42,3.92,3.74,Yes,58200.0,43,2008-12-06,5.43,98.73,181000,181000,181000
1317,L-001317,2009-01-27,2.51,2.68,4.02,No,,50,2008-12-08,5.43,98.73,295493,295493,295493
730,L-000730,2009-01-07,1.3,3.88,1.55,Yes,35300.0,28,2008-12-10,5.43,98.73,103000,103000,103000
637,L-000637,2009-01-02,2.28,0.71,2.48,Yes,17800.0,23,2008-12-10,5.43,98.73,60000,60000,60000
945,L-000945,2009-01-06,3.72,1.76,5.07,No,,22,2008-12-15,5.43,98.73,137500,137500,137500
200,L-000200,2009-01-18,1.92,3.57,2.29,Yes,96600.0,31,2008-12-18,5.43,98.73,274900,274900,274900
1058,L-001058,2009-01-14,0.56,7.04,1.11,No,,26,2008-12-19,5.43,98.73,248000,248000,248000
834,L-000834,2009-02-08,2.91,2.19,1.91,No,,51,2008-12-19,5.43,98.73,167000,167000,167000
1292,L-001292,2009-02-10,1.77,3.28,0.67,No,,52,2008-12-20,5.43,98.73,119500,119500,119500
1202,L-001202,2009-03-03,3.27,2.41,1.86,No,,70,2008-12-23,5.43,98.73,197900,197900,197900
1032,L-001032,2009-08-18,3.75,0.65,1.98,Yes,80100.0,236,2008-12-25,5.43,98.73,197000,197000,197000
671,L-000671,2009-02-07,3.64,3.16,2.54,No,,43,2008-12-26,5.43,98.73,173500,173500,173500
890,L-000890,2009-02-05,2.55,2.47,2.19,No,,39,2008-12-28,5.43,98.73,149500,149500,149500
1036,L-001036,2009-01-25,1.38,8.13,1.53,No,,28,2008-12-28,5.43,98.73,84000,84000,84000
1009,L-001009,2009-04-27,2.62,6.3,1.03,Y,77400.0,118,2008-12-30,5.43,98.73,240000,240000,240000
998,L-000998,2009-02-05,3.14,3.51,2.96,No,,35,2009-01-01,5.27,97.97,185000,185000,185000
938,L-000938,2009-02-09,1.58,3.2,1.81,No,,36,2009-01-04,5.27,97.97,253000,253000,253000
1100,L-001100,2009-04-14,4.48,4.07,2.89,No,,100,2009-01-04,5.27,97.97,157000,157000,157000
541,L-000541,2009-03-16,2.19,2.14,3.77,No,,66,2009-01-09,5.27,97.97,315000,315000,315000
740,L-000740,2009-04-13,2.7,3.85,2.92,No,,92,2009-01-11,5.27,97.97,190000,190000,190000
734,L-000734,2009-03-24,0.86,2.25,3.54,Yes,36400.0,70,2009-01-13,5.27,97.97,131400,131400,131400
1101,L-001101,2009-01-25,3.47,0.54,3.33,yes,11100.0,11,2009-01-14,5.27,97.97,60000,60000,60000
436,L-000436,2009-04-20,2.49,2.27,2.46,No,,88,2009-01-22,5.27,97.97,212000,212000,212000
728,L-000728,2009-02-06,3.8,2.44,2.73,No,,15,2009-01-22,5.27,97.97,194500,194500,194500
822,L-000822,2009-02-04,0.55,5.05,0.4,No,,13,2009-01-22,5.27,97.97,93000,93000,93000
1110,L-001110,2009-03-05,2.01,4.46,2.6,Yes,77700.0,33,2009-01-31,5.27,97.97,280000,280000,280000
1281,L-001281,2009-03-23,3.94,2.49,3.15,No,,51,2009-01-31,5.27,97.97,227000,227000,227000
1088,L-001088,2009-05-11,2.27,3.7,2.26,Yes,104500.0,100,2009-01-31,5.27,97.97,252000,252000,252000
1139,L-001139,2009-05-05,3.01,5.89,0.63,No,,90,2009-02-04,5.13,97.35,196000,196000,196000
430,L-000430,2009-03-17,2.79,2.35,4.14,No,,39,2009-02-06,5.13,97.35,175000,175000,175000
274,L-000274,2009-04-18,3.14,2.85,1.24,Yes,67600.0,71,2009-02-06,5.13,97.35,139000,139000,139000
1203,L-001203,2009-05-23,2.41,0.58,2.24,Yes,53000.0,105,2009-02-07,5.13,97.35,117000,117000,117000
1392,L-001392,2009-04-12,1.83,1.89,2.61,No,,63,2009-02-08,5.13,97.35,124000,124000,124000
1408,L-001408,2009-03-09,3.55,7.72,0.62,No,,28,2009-02-09,5.13,97.35,112000,112000,112000
1344,L-001344,2009-03-25,1.88,1.36,5.18,Yes,27900.0,44,2009-02-09,5.13,97.35,177000,177000,177000
676,L-000676,2009-04-12,1.83,3.31,2.76,No,,62,2009-02-09,5.13,97.35,148500,148500,148500
858,L-000858,2009-03-12,3.84,1.3,2.3,Yes,55200.0,30,2009-02-10,5.13,97.35,174000,174000,174000
87,L-000087,2009-03-02,3.1,1.42,3.15,No,,20,2009-02-10,5.13,97.35,174000,174000,174000
224,L-000224,2009-03-04,3.2,1.86,2.75,No,,21,2009-02-11,5.13,97.35,97000,97000,97000
441,L-000441,2009-04-19,1.75,3.54,2.75,No,,64,2009-02-14,5.13,97.35,555000,555000,555000
1117,L-001117,2009-03-15,2.83,1.62,3.2,No,,28,2009-02-15,5.13,97.35,184100,184100,184100
964,L-000964,2009-05-20,3.28,2.66,3.25,No,,93,2009-02-16,5.13,97.35,239000,239000,239000
660,L-000660,2009-03-21,2.13,4.86,1.72,Yes,39400.0,32,2009-02-17,5.13,97.35,167000,167000,167000
244,L-000244,2009-04-04,1.66,2.19,3.47,No,,45,2009-02-18,5.13,97.35,120000,120000,120000
757,L-000757,2009-04-03,2.68,2.87,2.35,No,,43,2009-02-19,5.13,97.35,212000,212000,212000
258,L-000258,2009-03-23,3.04,2.86,2.28,No,,32,2009-02-19,5.13,97.35,220000,220000,220000
1336,L-001336,2009-04-04,4.18,2.57,3.62,No,,44,2009-02-19,5.13,97.35,167900,167900,167900
643,L-000643,2009-07-08,2.36,1.31,1.61,Yes,149300.0,138,2009-02-20,5.13,97.35,345000,345000,345000
739,L-000739,2009-03-25,1.62,4.31,1.33,Yes,26900.0,32,2009-02-21,5.13,97.35,179000,179000,179000
1301,L-001301,2009-05-25,4.22,1.42,4.66,no,,92,2009-02-22,5.13,97.35,225000,225000,225000
319,L-000319,2009-04-22,0.53,6.56,840.0,No,,58,2009-02-23,5.13,97.35,260000,260000,260000
748,L-000748,2009-05-13,0.59,4.9,0.37,Yes,97500.0,78,2009-02-24,5.13,97.35,265979,265979,265979
1407,L-001407,2009-03-09,3.41,3.86,2.79,Yes,15600.0,13,2009-02-24,5.13,97.35,133000,133000,133000
611,L-000611,2009-05-24,3.12,2.39,3.42,No,,88,2009-02-25,5.13,97.35,313000,313000,313000
747,L-000747,2009-04-16,2.69,1.28,3.04,No,,48,2009-02-27,5.13,97.35,236000,236000,236000
1399,L-001399,2009-05-06,3.22,1.7,2.27,Yes,77400.0,66,2009-03-01,5.02,96.97,138000,138000,138000
756,L-000756,2009-03-23,1.52,3.59,2.52,No,,22,2009-03-01,5.02,96.97,172500,172500,172500
808,L-000808,2009-05-01,3.19,0.77,2.79,Yes,62300.0,58,2009-03-04,5.02,96.97,223500,223500,223500
462,L-000462,2009-04-04,3.76,0.67,2.42,Yes,31400.0,31,2009-03-04,5.02,96.97,155000,155000,155000
878,L-000878,2009-06-15,1.52,3.56,3.93,Yes,113300.0,103,2009-03-04,5.02,96.97,350000,350000,350000
1072,L-001072,2009-05-13,3.91,3.87,3.56,No,,69,2009-03-05,5.02,96.97,154000,154000,154000
329,L-000329,2009-07-02,2.53,0.57,3.14,Yes,107600.0,119,2009-03-05,5.02,96.97,214500,214500,214500
376,L-000376,2009-03-18,1.78,6.02,1.29,Yes,13300.0,12,2009-03-06,5.02,96.97,61000,61000,61000
695,L-000695,2009-04-19,2.96,0.63,1.79,Yes,39100.0,43,2009-03-07,5.02,96.97,141500,141500,141500
1127,L-001127,2009-06-02,3.63,4.97,0.93,No,,87,2009-03-07,5.02,96.97,174000,174000,174000
96,L-000096,2009-04-16,3.78,1.58,2.8,No,,39,2009-03-08,5.02,96.97,185000,185000,185000
309,L-000309,2009-03-21,2.08,7.67,1.24,Yes,41000.0,11,2009-03-10,5.02,96.97,82500,82500,82500
995,L-000995,2009-07-08,2.07,4.06,2.73,Yes,83200.0,118,2009-03-12,5.02,96.97,337500,337500,337500
750,L-000750,2009-04-22,1.7,5.42,1.43,Yes,62100.0,40,2009-03-13,5.02,96.97,98000,98000,98000
1416,L-001416,2009-05-03,2.28,6.99,1.02,No,,50,2009-03-14,5.02,96.97,175900,175900,175900
483,L-000483,2009-06-14,0.57,5.75,0.42,Yes,64500.0,92,2009-03-14,5.02,96.97,155000,155000,155000
1286,L-001286,2009-05-21,2.73,0.56,3.71,Yes,40500.0,66,2009-03-16,5.02,96.97,132500,132500,132500
205,L-000205,2009-04-04,0.58,2.91,0.45,Yes,46100.0,19,2009-03-16,5.02,96.97,110000,110000,110000
828,L-000828,2009-04-23,1.46,1.82,4.9,No,,36,2009-03-18,5.02,96.97,189000,189000,189000
392,L-000392,2009-06-02,2.68,5.13,0.68,Yes,79700.0,75,2009-03-19,5.02,96.97,215000,215000,215000
261,L-000261,2009-05-01,3.04,2.23,1.58,NO,,43,2009-03-19,5.02,96.97,176000,176000,176000
206,L-000206,2009-05-21,3.56,1.36,3.24,No,,59,2009-03-23,5.02,96.97,180500,180500,180500
226,L-000226,2009-05-17,1.89,3.79,0.99,No,,55,2009-03-23,5.02,96.97,112000,112000,112000
20,L-000020,2009-05-17,2.86,1.14,2.99,Yes,53700.0,54,2009-03-24,5.02,96.97,139000,139000,139000
199,L-000199,2009-07-04,0.6,4.54,0.44,Yes,66900.0,102,2009-03-24,5.02,96.97,104000,104000,104000
953,L-000953,2009-04-07,2.85,2.49,2.4,Yes,19100.0,13,2009-03-25,5.02,96.97,133900,133900,133900
454,L-000454,2009-06-08,2.6,2.68,2.48,No,,73,2009-03-27,5.02,96.97,210000,210000,210000
364,L-000364,2009-05-05,2.96,3.12,0.81,Yes,30800.0,39,2009-03-27,5.02,96.97,118000,118000,118000
1335,L-001335,2009-05-09,1.75,3.14,0.82,No,,42,2009-03-28,5.02,96.97,125000,125000,125000
85,L-000085,2009-05-17,5.21,2.12,3.58,Yes,55400.0,50,2009-03-28,5.02,96.97,168500,168500,168500
1005,L-001005,2009-05-05,2.48,4.08,0.87,Yes,33600.0,37,2009-03-29,5.02,96.97,181000,181000,181000
1040,L-001040,2009-04-17,2.94,2.36,2.43,No,,19,2009-03-29,5.02,96.97,80000,80000,80000
771,L-000771,2009-04-27,0.85,2.96,2.77,No,,28,2009-03-30,5.02,96.97,134900,134900,134900
283,L-000283,2009-04-13,2.02,3.57,3.51,Yes,33900.0,12,2009-04-01,5.06,95.91,207500,207500,207500
406,L-000406,2009-06-06,0.78,2.77,3.07,Yes,28100.0,65,2009-04-02,5.06,95.91,150000,150000,150000
1418,L-001418,2009-05-20,0.53,6.3,0.97,No,,48,2009-04-02,5.06,95.91,340000,340000,340000
918,L-000918,2009-04-27,,5.33,1.96,No,,23,2009-04-04,5.06,95.91,135000,135000,135000
957,L-000957,2009-05-04,1.18,3.85,1.28,No,,29,2009-04-05,5.06,95.91,124000,124000,124000
1452,L-001452,2009-05-25,1.74,3.03,2.1,Yes,42000.0,50,2009-04-05,5.06,95.91,287090,287090,287090
554,L-000554,2009-05-10,1.11,5.29,1.6,Yes,64000.0,35,2009-04-05,5.06,95.91,108000,108000,108000
1039,L-001039,2009-05-09,1.68,1.57,2.61,Yes,22100.0,33,2009-04-06,5.06,95.91,97000,97000,97000
1444,L-001444,2009-05-10,2.5,0.48,2.54,Yes,32400.0,33,2009-04-07,5.06,95.91,121000,121000,121000
81,L-000081,2009-06-08,2.61,2.14,2.76,No,,61,2009-04-08,5.06,95.91,193500,193500,193500
633,L-000633,2009-04-26,6.65,2.8,2.69,No,,18,2009-04-08,5.06,95.91,82500,82500,82500
80,L-000080,2009-05-04,0.5,3.41,0.4,Yes,28800.0,25,2009-04-09,5.06,95.91,110000,110000,110000
1321,L-001321,2009-06-19,3.46,2.0,1.76,No,,71,2009-04-09,5.06,95.91,156500,156500,156500
230,L-000230,2009-05-12,2.45,5.51,1.36,Yes,43100.0,30,2009-04-12,5.06,95.91,192500,192500,192500
320,L-000320,2009-06-23,4.11,4.14,3.32,No,,71,2009-04-13,5.06,95.91,187500,187500,187500
520,L-000520,2009-06-09,1.74,1.21,6.67,Y,69300.0,57,2009-04-13,5.06,95.91,234000,234000,234000
1333,L-001333,2009-05-10,1.95,5.0,1.28,Yes,15700.0,26,2009-04-14,5.06,95.91,100000,100000,100000
187,L-000187,2009-06-15,2.62,6.96,0.84,yes,37900.0,61,2009-04-15,5.06,95.91,173000,173000,173000
729,L-000729,2009-07-01,3.11,1.68,2.35,No,,76,2009-04-16,5.06,95.91,110000,110000,110000
776,L-000776,2009-06-01,4.09,5.47,0.67,No,,46,2009-04-16,5.06,95.91,162000,162000,162000
902,L-000902,2009-05-24,3.23,1.49,2.18,Yes,40300.0,37,2009-04-17,5.06,95.91,153000,153000,153000
1411,L-001411,2009-06-09,2.91,2.63,2.76,No,,52,2009-04-18,5.06,95.91,230000,230000,230000
312,L-000312,2009-05-03,3.23,1.94,2.24,Yes,34900.0,14,2009-04-19,5.06,95.91,132000,132000,132000
980,L-000980,2009-06-04,1.01,2.37,2.34,No,,46,2009-04-19,5.06,95.91,139000,139000,139000
1067,L-001067,2009-05-22,4.08,1.69,3.63,Yes,81700.0,33,2009-04-19,5.06,95.91,178000,178000,178000
898,L-000898,2009-06-04,2.04,1.95,2.77,No,,46,2009-04-19,5.06,95.91,142953,142953,142953
196,L-000196,2009-07-08,1.86,2.64,3.01,No,,79,2009-04-20,5.06,95.91,148500,148500,148500
829,L-000829,2009-06-02,4.79,2.91,3.06,No,,42,2009-04-21,5.06,95.91,185000,185000,185000
363,L-000363,2009-07-05,1.59,5.99,1.32,No,,74,2009-04-22,5.06,95.91,198500,198500,198500
543,L-000543,2009-06-08,4.6,3.29,3.68,Yes,57600.0,47,2009-04-22,5.06,95.91,213250,213250,213250
225,L-000225,2009-06-10,2.12,4.25,2.22,No,,49,2009-04-22,5.06,95.91,386250,386250,386250
662,L-000662,2009-07-05,0.53,7.86,0.78,Yes,62700.0,73,2009-04-23,5.06,95.91,402000,402000,402000
1017,L-001017,2009-06-18,,2.51,3.04,No,,56,2009-04-23,5.06,95.91,203000,203000,203000
592,L-000592,2009-06-15,,4.97,3.22,No,,52,2009-04-24,5.06,95.91,451950,451950,451950
1199,L-001199,2009-06-18,2.54,2.7,2.79,No,,55,2009-04-24,5.06,95.91,178000,178000,178000
594,L-000594,2009-05-22,3.24,2.39,2.51,No,,28,2009-04-24,5.06,95.91,140000,140000,140000
490,L-000490,2009-05-22,1.85,2.37,2.82,Yes,20800.0,28,2009-04-24,5.06,95.91,86000,86000,86000
422,L-000422,2009-06-02,,4.59,2.89,Yes,25500.0,39,2009-04-24,5.06,95.91,215000,215000,215000
678,L-000678,2009-05-08,0.64,5.46,0.53,Yes,27000.0,13,2009-04-25,5.06,95.91,109500,109500,109500
340,L-000340,2009-06-15,2.69,2.23,1.56,Yes,24700.0,51,2009-04-25,5.06,95.91,155000,155000,155000
942,L-000942,2009-06-03,3.5,1.46,3.36,No,,39,2009-04-25,5.06,95.91,214000,214000,214000
663,L-000663,2009-07-08,2.71,2.43,2.2,No,,73,2009-04-26,5.06,95.91,110000,110000,110000
1308,L-001308,2009-05-11,2.8,3.0,2.09,Yes,31300.0,14,2009-04-27,5.06,95.91,138000,138000,138000
1134,L-001134,2009-06-17,2.72,1.99,4.04,No,,51,2009-04-27,5.06,95.91,239500,239500,239500
1194,L-001194,2009-06-22,2.65,6.17,0.84,No,,56,2009-04-27,5.06,95.91,165000,165000,165000
1014,L-001014,2009-06-07,0.55,5.05,0.5,Yes,40900.0,39,2009-04-29,5.06,95.91,85000,85000,85000
103,L-000103,2009-06-10,3.46,1.4,3.5,No,,42,2009-04-29,5.06,95.91,118964,118964,118964
144,L-000144,2009-06-09,2.82,3.35,1.82,No,,40,2009-04-30,5.06,95.91,204000,204000,204000
1363,L-001363,2009-06-16,2.41,2.13,1.96,Yes,29800.0,47,2009-04-30,5.06,95.91,104900,104900,104900
783,L-000783,2009-06-01,,2.79,2.87,Yes,27800.0,31,2009-05-01,5.06,95.49,187100,187100,187100
1045,L-001045,2009-07-20,4.37,6.97,3.37,No,,80,2009-05-01,5.06,95.49,278000,278000,278000
969,L-000969,2009-05-16,0.54,4.38,0.36,Yes,14700.0,14,2009-05-02,5.06,95.49,37900,37900,37900
799,L-000799,2009-07-12,2.96,3.78,2.57,Yes,109300.0,71,2009-05-02,5.06,95.49,485000,485000,485000
499,L-000499,2009-06-01,0.75,2.82,4.72,Yes,18000.0,26,2009-05-06,5.06,95.49,130000,130000,130000
892,L-000892,2009-07-20,0.81,3.05,3.71,No,,74,2009-05-07,5.06,95.49,172500,172500,172500
915,L-000915,2009-06-02,1.61,2.97,1.8,No,,26,2009-05-07,5.06,95.49,173733,173733,173733
506,L-000506,2009-07-03,0.57,4.2,0.28,No,,55,2009-05-09,5.06,95.49,124500,124500,124500
1206,L-001206,2009-06-11,2.23,1.99,4.04,Yes,78800.0,33,2009-05-09,5.06,95.49,271900,271900,271900
511,L-000511,2009-06-13,3.04,1.95,2.07,Yes,43200.0,35,2009-05-09,5.06,95.49,164900,164900,164900
967,L-000967,2009-06-09,1.57,1.76,7.3,Yes,33200.0,30,2009-05-10,5.06,95.49,160000,160000,160000
1150,L-001150,2009-07-22,0.66,4.49,0.32,Yes,54600.0,71,2009-05-12,5.06,95.49,143000,143000,143000
1262,L-001262,2009-06-03,2.95,1.69,2.27,No,,22,2009-05-12,5.06,95.49,128900,128900,128900
47,L-000047,2009-08-19,2.62,8.23,0.74,No,,98,2009-05-13,5.06,95.49,239686,239686,239686
859,L-000859,2009-06-16,3.12,3.26,3.03,No,,34,2009-05-13,5.06,95.49,152000,152000,152000
1261,L-001261,2009-06-14,4.54,1.75,2.95,No,,32,2009-05-13,5.06,95.49,181000,181000,181000
847,L-000847,2009-07-25,1.64,2.18,4.86,No,,72,2009-05-14,5.06,95.49,213000,213000,213000
505,L-000505,2009-06-13,2.04,2.18,3.18,No,,30,2009-05-14,5.06,95.49,147000,147000,147000
895,L-000895,2009-06-19,1.77,1.71,2.89,No,,35,2009-05-15,5.06,95.49,118858,118858,118858
589,L-000589,2009-06-21,5.81,4.69,3.2,yes,58900.0,37,2009-05-15,5.06,95.49,143000,143000,143000
1362,L-001362,2009-06-16,0.68,6.86,0.68,No,,32,2009-05-15,5.06,95.49,260000,260000,260000
672,L-000672,2009-07-04,2.06,5.42,1.15,Yes,46000.0,49,2009-05-16,5.06,95.49,103600,103600,103600
1278,L-001278,2009-06-18,4.79,4.29,3.37,Yes,86900.0,33,2009-05-16,5.06,95.49,197900,197900,197900
755,L-000755,2009-07-11,3.42,1.85,1.97,Yes,35400.0,56,2009-05-16,5.06,95.49,156000,156000,156000
931,L-000931,2009-07-08,2.18,3.15,4.6,No,,52,2009-05-17,5.06,95.49,201000,201000,201000
411,L-000411,2009-06-17,1.53,6.09,1.61,No,,30,2009-05-18,5.06,95.49,60000,60000,60000
179,L-000179,2009-07-10,0.56,5.07,1.19,Yes,101000.0,53,2009-05-18,5.06,95.49,501837,501837,501837
1413,L-001413,2009-06-13,3.38,1.78,1.92,Yes,22600.0,26,2009-05-18,5.06,95.49,90000,90000,90000
314,L-000314,2009-06-18,3.1,2.37,4.48,No,,31,2009-05-18,5.06,95.49,375000,375000,375000
929,L-000929,2009-06-25,2.52,2.56,3.43,No,,36,2009-05-20,5.06,95.49,236500,236500,236500
588,L-000588,2009-07-09,0.84,3.24,3.75,No,,44,2009-05-26,5.06,95.49,137000,137000,137000
134,L-000134,2009-06-21,3.02,3.05,4.17,Yes,34600.0,26,2009-05-26,5.06,95.49,220000,220000,220000
37,L-000037,2009-06-15,3.01,2.08,2.44,Yes,33300.0,19,2009-05-27,5.06,95.49,145000,145000,145000
366,L-000366,2009-07-07,1.3,4.1,0.82,Yes,37000.0,40,2009-05-28,5.06,95.49,147000,147000,147000
1074,L-001074,2009-07-21,1.59,4.0,1.68,No,,54,2009-05-28,5.06,95.49,159500,159500,159500
367,L-000367,2009-07-06,3.47,1.38,2.45,No,,39,2009-05-28,5.06,95.49,159000,159000,159000
380,L-000380,2009-06-24,3.87,1.43,2.13,No,,25,2009-05-30,5.06,95.49,179000,179000,179000
553,L-000553,2009-07-10,1.77,3.48,3.64,No,,41,2009-05-30,5.06,95.49,255500,255500,255500
573,L-000573,2009-07-17,2.74,2.54,3.31,No,,48,2009-05-30,5.06,95.49,224500,224500,224500
582,L-000582,2009-08-05,1.63,4.35,3.52,Yes,71700.0,65,2009-06-01,5.04,95.04,253293,253293,253293
764,L-000764,2009-07-02,0.71,5.44,0.93,No,,31,2009-06-01,5.04,95.04,337000,337000,337000
910,L-000910,2009-06-22,3.26,1.27,3.29,No,,20,2009-06-02,5.04,95.04,174000,174000,174000
1124,L-001124,2009-06-26,,4.35,1.5,Yes,34100.0,24,2009-06-02,5.04,95.04,118000,118000,118000
189,L-000189,2009-06-15,1.6,2.32,3.87,No,,13,2009-06-02,5.04,95.04,153337,153337,153337
1059,L-001059,2009-07-27,1.64,4.18,3.25,no,,54,2009-06-03,5.04,95.04,335000,335000,335000
1353,L-001353,2009-07-02,1.9,0.73,2.16,Yes,35000.0,29,2009-06-03,5.04,95.04,134900,134900,134900
49,L-000049,2009-06-27,0.54,3.54,0.53,Yes,46000.0,23,2009-06-04,5.04,95.04,113000,113000,113000
1046,L-001046,2009-06-23,1.97,5.09,2.12,No,,19,2009-06-04,5.04,95.04,139600,139600,139600
1189,L-001189,2009-07-20,1.88,2.51,2.37,No,,46,2009-06-04,5.04,95.04,195000,195000,195000
88,L-000088,2009-06-25,1.85,3.69,2.55,No,,20,2009-06-05,5.04,95.04,164500,164500,164500
784,L-000784,2009-07-13,3.16,4.22,0.94,NO,,38,2009-06-05,5.04,95.04,165500,165500,165500
1369,L-001369,2009-06-18,2.98,2.67,2.48,Yes,30500.0,12,2009-06-06,5.04,95.04,144000,144000,144000
132,L-000132,2009-07-07,3.9,1.73,2.81,No,,30,2009-06-07,5.04,95.04,244000,244000,244000
1008,L-001008,2009-08-27,2.31,2.33,2.91,No,,81,2009-06-07,5.04,95.04,88000,88000,88000
518,L-000518,2009-07-22,0.68,8.09,0.99,Yes,64300.0,44,2009-06-08,5.04,95.04,265000,265000,265000
1351,L-001351,2009-08-22,2.54,2.52,1.98,No,,74,2009-06-09,5.04,95.04,200000,200000,200000
1091,L-001091,2009-06-22,3.06,2.33,2.31,No,,999,2009-06-09,5.04,95.04,92900,92900,92900
585,L-000585,2009-07-03,1.82,0.65,2.91,Yes,22000.0,23,2009-06-10,5.04,95.04,133000,133000,133000
213,L-000213,2009-07-11,1.98,2.86,2.21,No,,31,2009-06-10,5.04,95.04,252678,252678,252678
682,L-000682,2009-07-19,2.75,0.88,3.63,Yes,34400.0,39,2009-06-10,5.04,95.04,159434,159434,159434
985,L-000985,2009-08-20,3.86,3.99,0.81,No,,70,2009-06-11,5.04,95.04,126000,126000,126000
460,L-000460,2009-07-19,2.96,0.52,2.91,No,,38,2009-06-11,5.04,95.04,110000,110000,110000
1148,L-001148,2009-07-18,2.53,1.38,4.84,Yes,68700.0,36,2009-06-12,5.04,95.04,174500,174500,174500
1378,L-001378,2009-07-14,1.17,4.53,1.78,Yes,38300.0,32,2009-06-12,5.04,95.04,117000,117000,117000
824,L-000824,2009-07-08,,0.66,2.97,Yes,37100.0,25,2009-06-13,5.04,95.04,139500,139500,139500
510,L-000510,2009-07-03,4.23,1.4,2.2,No,,20,2009-06-13,5.04,95.04,124500,124500,124500
569,L-000569,2009-09-09,2.53,2.02,4.04,Yes,126200.0,88,2009-06-13,5.04,95.04,316600,316600,316600
946,L-000946,2009-09-06,0.49,4.99,0.43,Yes,41500.0,84,2009-06-14,5.04,95.04,124900,124900,124900
232,L-000232,2009-07-17,0.74,5.87,1.19,Yes,66500.0,33,2009-06-14,5.04,95.04,403000,403000,403000
623,L-000623,2009-07-15,1.03,2.48,3.5,No,,31,2009-06-14,5.04,95.04,135000,135000,135000
26,L-000026,2009-07-26,1.87,4.42,3.67,No,,41,2009-06-15,5.04,95.04,256300,256300,256300
1258,L-001258,2009-07-01,2.0,4.7,1.52,Yes,22500.0,15,2009-06-16,5.04,95.04,99900,99900,99900
679,L-000679,2009-07-11,0.81,5.78,1.53,No,,25,2009-06-16,5.04,95.04,372500,372500,372500
486,L-000486,2009-07-07,2.52,2.48,1.52,Yes,29900.0,20,2009-06-17,5.04,95.04,147000,147000,147000
864,L-000864,2009-07-21,3.25,2.09,2.32,No,,32,2009-06-19,5.04,95.04,132500,132500,132500
188,L-000188,2009-08-22,0.67,4.1,0.33,Yes,48700.0,64,2009-06-19,5.04,95.04,135000,135000,135000
972,L-000972,2009-07-13,1.82,4.4,3.77,Yes,36100.0,23,2009-06-20,5.04,95.04,173000,173000,173000
330,L-000330,2009-07-13,1.29,4.16,1.24,Yes,42100.0,21,2009-06-22,5.04,95.04,78000,78000,78000
982,L-000982,2009-07-24,0.65,6.11,0.8,Yes,114700.0,32,2009-06-22,5.04,95.04,336000,336000,336000
975,L-000975,2009-10-02,2.66,0.63,1.97,Yes,51800.0,102,2009-06-22,5.04,95.04,167500,167500,167500
357,L-000357,2009-07-16,3.39,1.65,4.06,No,,23,2009-06-23,5.04,95.04,173000,173000,173000
316,L-000316,2009-07-20,5.36,1.06,2.76,yes,40600.0,26,2009-06-24,5.04,95.04,188500,188500,188500
653,L-000653,2009-07-26,2.61,2.77,3.8,No,,31,2009-06-25,5.04,95.04,191000,191000,191000
885,L-000885,2009-07-25,2.62,1.27,2.28,No,,30,2009-06-25,5.04,95.04,100000,100000,100000
934,L-000934,2009-08-17,2.66,2.65,2.03,No,,52,2009-06-26,5.04,95.04,190000,190000,190000
932,L-000932,2009-07-15,3.06,2.1,2.19,No,,19,2009-06-26,5.04,95.04,117500,117500,117500
440,L-000440,2009-08-13,1.76,4.95,1.18,Yes,37600.0,47,2009-06-27,5.04,95.04,110000,110000,110000
317,L-000317,2009-08-15,4.71,3.15,3.76,No,,49,2009-06-27,5.04,95.04,260000,260000,260000
1001,L-001001,2009-07-09,2.43,6.52,1.9,NO,,11,2009-06-28,5.04,95.04,82000,82000,82000
1158,L-001158,2009-07-26,1.82,3.54,2.29,Yes,27600.0,28,2009-06-28,5.04,95.04,230000,230000,230000
1099,L-001099,2009-07-26,,0.64,2.71,Yes,38800.0,26,2009-06-30,5.04,95.04,128000,128000,128000
723,L-000723,2009-07-18,2.89,1.85,2.99,No,,17,2009-07-01,4.98,95.07,124500,124500,124500
517,L-000517,2009-08-27,4.82,4.92,3.79,No,,56,2009-07-02,4.98,95.07,158000,158000,158000
577,L-000577,2009-08-08,2.75,0.77,6.25,YES,40900.0,36,2009-07-03,4.98,95.07,145000,145000,145000
300,L-000300,2009-08-09,1.48,1.14,4.37,Yes,35400.0,35,2009-07-05,4.98,95.07,158500,158500,158500
880,L-000880,2009-07-22,2.42,3.28,2.71,Yes,27100.0,14,2009-07-08,4.98,95.07,136500,136500,136500
426,L-000426,2009-09-21,0.6,3.79,0.52,Yes,36100.0,74,2009-07-09,4.98,95.07,135000,135000,135000
1179,L-001179,2009-07-21,1.66,1.02,6.19,Yes,24600.0,12,2009-07-09,4.98,95.07,154900,154900,154900
1187,L-001187,2009-08-10,0.71,3.08,0.4,Yes,31600.0,31,2009-07-10,4.98,95.07,95000,95000,95000
1412,L-001412,2009-09-19,3.48,2.14,1.57,yes,93600.0,70,2009-07-11,4.98,95.07,140000,140000,140000
1037,L-001037,2009-09-10,2.91,3.43,3.42,Yes,51400.0,60,2009-07-12,4.98,95.07,315500,315500,315500
875,L-000875,2009-08-19,0.46,4.55,0.37,Yes,21100.0,38,2009-07-12,4.98,95.07,66500,66500,66500
606,L-000606,2009-10-04,3.37,1.93,1.63,Yes,135200.0,84,2009-07-12,4.98,95.07,205000,205000,205000
937,L-000937,2009-08-06,1.63,1.52,2.96,No,,25,2009-07-12,4.98,95.07,184900,184900,184900
516,L-000516,2009-09-05,2.56,4.25,2.94,No,,54,2009-07-13,4.98,95.07,402861,402861,402861
1272,L-001272,2009-08-11,2.65,3.82,2.87,No,,26,2009-07-16,4.98,95.07,185750,185750,185750
866,L-000866,2009-08-16,3.26,2.5,1.94,No,,30,2009-07-17,4.98,95.07,148500,148500,148500
57,L-000057,2009-08-20,2.04,2.3,2.05,Yes,43200.0,33,2009-07-18,4.98,95.07,172500,172500,172500
427,L-000427,2009-08-15,2.6,1.73,3.98,No,,27,2009-07-19,4.98,95.07,275000,275000,275000
1289,L-001289,2009-10-16,0.88,5.99,1.29,No,,89,2009-07-19,4.98,95.07,278000,278000,278000
479,L-000479,2009-09-14,3.06,2.92,2.8,Yes,54000.0,56,2009-07-20,4.98,95.07,297000,297000,297000
854,L-000854,2009-08-25,3.08,1.73,2.51,No,,35,2009-07-21,4.98,95.07,158000,158000,158000
140,L-000140,2009-08-17,2.55,2.88,2.32,No,,999,2009-07-23,4.98,95.07,231500,231500,231500
93,L-000093,2009-08-05,2.81,1.36,4.81,YES,21100.0,12,2009-07-24,4.98,95.07,163500,163500,163500
871,L-000871,2009-08-26,2.17,1.54,1.6,No,,32,2009-07-25,4.98,95.07,109500,109500,109500
992,L-000992,2009-11-20,0.97,4.27,0.35,Yes,55300.0,118,2009-07-25,4.98,95.07,168000,168000,168000
1018,L-001018,2009-08-16,0.68,5.93,1.34,No,,21,2009-07-26,4.98,95.07,187500,187500,187500
1043,L-001043,2009-08-11,1.8,3.5,2.09,No,,14,2009-07-28,4.98,95.07,196000,196000,196000
716,L-000716,2009-08-27,4.16,2.84,3.67,No,,26,2009-08-01,5.0,95.47,165000,165000,165000
1213,L-001213,2009-08-13,1.7,6.03,1.67,Yes,20800.0,10,2009-08-03,5.0,95.47,113000,113000,113000
465,L-000465,2009-08-20,3.07,2.57,2.9,No,,16,2009-08-04,5.0,95.47,124000,124000,124000
848,L-000848,2009-08-15,2.06,2.59,2.35,No,,10,2009-08-05,5.0,95.47,133500,133500,133500
1414,L-001414,2009-09-24,1.63,1.86,4.14,Yes,79400.0,50,2009-08-05,5.0,95.47,257000,257000,257000
645,L-000645,2009-10-10,1.2,2.49,2.53,No,,66,2009-08-05,5.0,95.47,370878,370878,370878
791,L-000791,2009-09-05,2.73,4.07,1.23,Yes,19900.0,30,2009-08-06,5.0,95.47,160200,160200,160200
193,L-000193,2009-09-09,2.94,2.48,2.68,No,,30,2009-08-10,5.0,95.47,192000,192000,192000
117,L-000117,2009-09-19,0.99,2.68,4.7,No,,39,2009-08-11,5.0,95.47,139000,139000,139000
446,L-000446,2009-11-22,1.91,6.16,1.04,No,,98,2009-08-16,5.0,95.47,127500,127500,127500
1385,L-001385,2009-10-25,1.06,4.33,1.16,Yes,39600.0,68,2009-08-18,5.0,95.47,105000,105000,105000
1283,L-001283,2009-09-03,2.91,2.21,3.3,Yes,23000.0,15,2009-08-19,5.0,95.47,150500,150500,150500
397,L-000397,2009-09-01,2.58,2.28,2.23,No,,13,2009-08-19,5.0,95.47,123000,123000,123000
1451,L-001451,2009-09-20,2.74,2.52,1.95,No,,30,2009-08-21,5.0,95.47,136000,136000,136000
388,L-000388,2009-10-18,2.43,4.52,2.27,NO,,57,2009-08-22,5.0,95.47,125000,125000,125000
874,L-000874,2009-09-18,2.34,1.74,2.51,Yes,24500.0,27,2009-08-22,5.0,95.47,133000,133000,133000
276,L-000276,2009-10-20,2.35,0.71,2.26,Yes,52100.0,58,2009-08-23,5.0,95.47,205000,205000,205000
744,L-000744,2009-10-15,0.66,2.21,3.83,Yes,92400.0,53,2009-08-23,5.0,95.47,175000,175000,175000
1142,L-001142,2009-10-01,3.29,4.45,3.9,No,,39,2009-08-23,5.0,95.47,197500,197500,197500
1455,L-001455,2009-10-22,1.43,2.41,1.69,Yes,30700.0,58,2009-08-25,5.0,95.47,185000,185000,185000
38,L-000038,2009-10-15,2.7,1.88,2.51,Yes,43100.0,51,2009-08-25,5.0,95.47,153000,153000,153000
89,L-000089,2009-10-08,1.11,5.1,1.05,Yes,33300.0,43,2009-08-26,5.0,95.47,85000,85000,85000
1218,L-001218,2009-09-23,1.52,3.44,3.06,No,,27,2009-08-27,5.0,95.47,229456,229456,229456
1400,L-001400,2009-10-06,3.07,0.68,4.54,Yes,63200.0,39,2009-08-28,5.0,95.47,137450,137450,137450
508,L-000508,2009-09-10,1.21,2.52,2.79,No,,12,2009-08-29,5.0,95.47,208300,208300,208300
342,L-000342,2009-09-08,2.08,1.9,4.41,No,,7,2009-09-01,4.99,94.93,82000,82000,82000
1389,L-001389,2009-10-07,3.75,1.76,2.8,Yes,89500.0,35,2009-09-02,4.99,94.93,377500,377500,377500
1166,L-001166,2009-09-25,2.62,3.18,2.07,No,,23,2009-09-02,4.99,94.93,233170,233170,233170
295,L-000295,2009-10-20,2.83,1.47,2.68,No,,47,2009-09-03,4.99,94.93,167000,167000,167000
550,L-000550,2009-11-11,2.14,2.72,2.38,Yes,108800.0,67,2009-09-05,4.99,94.93,263000,263000,263000
550,L-900550,2009-11-11,2.14,2.72,2.38,Yes,108800.0,67,2009-09-07,4.99,94.93,263000,263000,263000
786,L-000786,2009-09-23,5.33,2.83,2.38,No,,15,2009-09-08,4.99,94.93,161500,161500,161500
1371,L-001371,2009-10-10,0.57,4.87,0.38,Yes,39600.0,31,2009-09-09,4.99,94.93,105000,105000,105000
6,L-000006,2009-10-11,3.16,3.86,0.86,Yes,37900.0,31,2009-09-10,4.99,94.93,143000,143000,143000
613,L-000613,2009-11-10,3.18,2.16,2.47,No,,56,2009-09-15,4.99,94.93,261500,261500,261500
384,L-000384,2009-10-05,1.8,1.7,4.24,Yes,13800.0,20,2009-09-15,4.99,94.93,76000,76000,76000
761,L-000761,2009-10-22,3.24,1.72,2.1,No,,36,2009-09-16,4.99,94.93,127500,127500,127500
374,L-000374,2009-11-13,2.5,1.7,1.76,No,,58,2009-09-16,4.99,94.93,123000,123000,123000
1432,L-001432,2009-10-09,1.62,2.7,2.34,No,,23,2009-09-16,4.99,94.93,143750,143750,143750
1016,L-001016,2009-11-05,5.21,4.17,3.17,No,,49,2009-09-17,4.99,94.93,227000,227000,227000
1016,L-901016,2009-11-05,5.21,4.17,3.17,No,,49,2009-09-19,4.99,94.93,227000,227000,227000
911,L-000911,2010-01-14,2.62,3.23,1.65,No,,117,2009-09-19,4.99,94.93,154300,151200,154300
333,L-000333,2009-10-27,1.83,5.14,2.19,Yes,75600.0,37,2009-09-20,4.99,94.93,284000,284000,284000
652,L-000652,2009-10-15,1.42,5.0,1.6,Yes,30200.0,24,2009-09-21,4.99,94.93,108000,108000,108000
1204,L-001204,2009-10-22,3.08,2.1,3.15,Yes,54800.0,30,2009-09-22,4.99,94.93,213000,213000,213000
400,L-000400,2009-10-11,1.8,2.31,2.39,Yes,74700.0,19,2009-09-22,4.99,94.93,241000,241000,241000
762,L-000762,2009-10-23,2.93,0.77,2.15,Yes,29100.0,26,2009-09-27,4.99,94.93,100000,100000,100000
1306,L-001306,2009-11-21,2.38,2.89,3.67,Yes,60100.0,54,2009-09-28,4.99,94.93,325000,325000,325000
1123,L-001123,2009-10-18,,5.26,1.02,No,,20,2009-09-28,4.99,94.93,112000,112000,112000
912,L-000912,2009-10-17,3.0,2.55,2.1,Yes,29500.0,18,2009-09-29,4.99,94.93,143500,143500,143500
810,L-000810,2009-11-16,0.61,5.26,0.66,Yes,51300.0,46,2009-10-01,4.98,95.03,106000,106000,106000
167,L-000167,2009-11-17,5.7,2.9,2.97,Yes,53800.0,43,2009-10-05,4.98,95.03,190000,190000,190000
1049,L-001049,2009-11-15,2.95,5.16,0.58,Yes,30100.0,38,2009-10-08,4.98,95.03,115000,115000,115000
638,L-000638,2009-11-12,0.46,5.09,0.35,No,,32,2009-10-11,4.98,95.03,93000,93000,93000
1293,L-001293,2009-12-06,0.5,4.44,0.37,Yes,65000.0,55,2009-10-12,4.98,95.03,107500,107500,107500
222,L-000222,2009-12-13,3.79,1.51,3.36,No,,62,2009-10-12,4.98,95.03,200000,200000,200000
1065,L-001065,2009-11-05,2.83,2.26,2.77,No,,23,2009-10-13,4.98,95.03,154000,154000,154000
222,L-900222,2009-12-13,3.79,1.51,3.36,No,,62,2009-10-13,4.98,95.03,200000,200000,200000
461,L-000461,2009-12-14,1.17,2.84,2.84,No,,61,2009-10-14,4.98,95.03,263435,263435,263435
76,L-000076,2009-11-18,1.93,1.75,2.69,No,,32,2009-10-17,4.98,95.03,91000,91000,91000
147,L-000147,2009-11-11,2.68,0.49,2.69,Yes,22100.0,20,2009-10-22,4.98,95.03,105000,105000,105000
1302,L-001302,2009-11-24,1.85,2.24,5.39,Yes,40700.0,32,2009-10-23,4.98,95.03,177500,177500,177500
726,L-000726,2009-11-17,3.02,1.94,1.7,No,,25,2009-10-23,4.98,95.03,120500,120500,120500
496,L-000496,2009-11-07,1.32,3.69,1.85,Yes,10200.0,12,2009-10-26,4.98,95.03,34900,34900,34900
1253,L-001253,2009-11-19,2.78,6.78,0.69,No,,23,2009-10-27,4.98,95.03,130000,130000,130000
1366,L-001366,2010-01-04,1.65,3.5,1.72,No,,69,2009-10-27,4.98,95.03,216000,216900,216000
788,L-000788,2010-01-10,2.07,2.26,3.94,No,,74,2009-10-28,4.98,95.03,233000,236700,233000
833,L-000833,2010-01-01,3.08,2.6,2.16,No,,65,2009-10-28,4.98,95.03,237000,224700,237000
8,L-000008,2009-11-27,3.88,3.92,3.2,No,,30,2009-10-28,4.98,95.03,200000,200000,200000
727,L-000727,2009-12-07,2.3,1.17,4.24,Yes,42000.0,38,2009-10-30,4.98,95.03,222000,222000,222000
607,L-000607,2009-11-21,2.55,3.34,1.9,No,,18,2009-11-03,5.0,95.54,152000,152000,152000
73,L-000073,2009-12-12,5.39,1.5,3.67,No,,39,2009-11-03,5.0,95.54,185000,185000,185000
1178,L-001178,2009-12-01,0.59,4.92,0.36,Yes,56100.0,28,2009-11-03,5.0,95.54,115000,115000,115000
463,L-000463,2009-12-12,0.93,2.46,3.39,No,,35,2009-11-07,5.0,95.54,62383,62383,62383
883,L-000883,2009-12-13,4.25,1.89,3.83,Yes,81800.0,35,2009-11-08,5.0,95.54,178000,178000,178000
1263,L-001263,2009-11-25,4.46,3.68,3.02,Yes,37700.0,17,2009-11-08,5.0,95.54,161500,161500,161500
1131,L-001131,2009-12-06,2.64,0.6,2.61,Yes,98300.0,27,2009-11-09,5.0,95.54,135000,135000,135000
1126,L-001126,2009-11-23,2.82,1.93,2.32,No,,11,2009-11-12,5.0,95.54,115000,115000,115000
1277,L-001277,2009-12-24,5.44,4.27,2.6,NO,,38,2009-11-16,5.0,95.54,162000,162000,162000
348,L-000348,2009-12-23,2.41,2.36,2.33,No,,34,2009-11-19,5.0,95.54,157500,157500,157500
284,L-000284,2009-12-14,1.3,3.43,2.25,Yes,57300.0,21,2009-11-23,5.0,95.54,244600,244600,244600
495,L-000495,2009-12-10,0.55,4.33,0.27,Yes,35600.0,17,2009-11-23,5.0,95.54,91300,91300,91300
284,L-900284,2009-12-14,1.3,3.43,2.25,Yes,57300.0,21,2009-11-24,5.0,95.54,244600,244600,244600
1324,L-001324,2009-12-20,3.12,0.83,3.14,Yes,15700.0,24,2009-11-26,5.0,95.54,82500,82500,82500
708,L-000708,2009-12-26,2.19,3.66,4.43,No,,21,2009-12-05,4.96,94.88,254000,254000,254000
659,L-000659,2010-01-23,2.45,1.84,1.54,Yes,27100.0,48,2009-12-06,4.96,94.88,97500,96300,97500
110,L-000110,2010-01-11,4.41,3.74,3.68,No,,32,2009-12-10,4.96,94.88,190000,192400,190000
906,L-000906,2010-02-01,2.6,2.18,2.04,No,,53,2009-12-10,4.96,94.88,128000,123600,128000
712,L-000712,2010-01-07,1.36,5.38,1.12,Yes,32000.0,25,2009-12-13,4.96,94.88,102776,101200,102776
1243,L-001243,2010-01-23,3.63,4.83,3.44,No,,31,2009-12-23,4.96,94.88,170000,168400,170000
100,L-000100,2010-01-08,2.82,1.9,1.81,No,,16,2009-12-23,4.96,94.88,128950,126300,128950
46,L-000046,2010-02-03,2.35,5.19,2.34,No,,35,2009-12-30,4.96,94.88,319900,319100,319900
626,L-000626,2010-02-07,3.48,2.2,1.97,No,,33,2010-01-05,4.95,96.54,160000,162500,160000
39,L-000039,2010-01-24,3.77,1.6,1.99,Yes,29800.0,17,2010-01-07,4.95,96.54,109000,109400,109000
238,L-000238,2010-02-09,1.54,2.32,3.66,Yes,79800.0,32,2010-01-08,4.95,96.54,194500,198000,194500
899,L-000899,2010-03-23,2.58,3.36,2.73,Yes,90500.0,73,2010-01-09,4.95,96.54,611657,638300,611657
101,L-000101,2010-02-04,3.76,3.65,4.26,Yes,41400.0,24,2010-01-11,4.95,96.54,205000,201600,205000
1417,L-001417,2010-04-09,0.84,5.24,0.44,Yes,56700.0,87,2010-01-12,4.95,96.54,122500,132100,122500
1000,L-001000,2010-02-02,2.35,2.87,3.15,No,,20,2010-01-13,4.95,96.54,206000,209000,206000
345,L-000345,2010-04-12,1.87,1.56,2.23,No,,89,2010-01-13,4.95,96.54,85000,87200,85000
656,L-000656,2010-03-02,2.03,4.17,1.06,No,,48,2010-01-13,4.95,96.54,88000,89000,88000
212,L-000212,2010-03-20,2.03,5.78,1.33,No,,63,2010-01-16,4.95,96.54,186000,198400,186000
119,L-000119,2010-05-10,1.74,1.73,3.35,No,,113,2010-01-17,4.95,96.54,320000,340900,320000
1457,L-001457,2010-02-25,4.38,3.51,2.74,Yes,80300.0,38,2010-01-18,4.95,96.54,210000,215800,210000
289,L-000289,2010-02-11,1.0,2.52,3.91,No,,23,2010-01-19,4.95,96.54,122000,123800,122000
414,L-000414,2010-03-10,0.69,3.79,0.42,Yes,33300.0,47,2010-01-22,4.95,96.54,115000,116100,115000
836,L-000836,2010-02-24,0.67,2.82,4.11,Yes,19800.0,33,2010-01-22,4.95,96.54,128000,135100,128000
988,L-000988,2010-04-07,1.89,5.28,2.13,Yes,54500.0,75,2010-01-22,4.95,96.54,395192,399200,395192
715,L-000715,2010-03-03,0.86,2.51,3.54,Yes,56100.0,36,2010-01-26,4.95,96.54,130500,131600,130500
1195,L-001195,2010-03-09,0.84,2.14,3.65,No,,41,2010-01-27,4.95,96.54,158000,163000,158000
369,L-000369,2010-03-08,2.16,1.82,3.28,No,,40,2010-01-27,4.95,96.54,132000,133800,132000
965,L-000965,2010-02-16,3.09,2.22,4.82,Yes,79800.0,19,2010-01-28,4.95,96.54,214900,212200,214900
1167,L-001167,2010-02-27,3.45,2.64,1.88,No,,28,2010-01-30,4.95,96.54,245350,246500,245350
64,L-000064,2010-04-04,1.03,3.99,0.39,Yes,61800.0,63,2010-01-31,4.95,96.54,140000,145500,140000
628,L-000628,2010-03-24,3.18,2.06,2.28,Yes,58900.0,51,2010-02-01,4.9,97.24,153000,153600,153000
961,L-000961,2010-02-11,3.15,0.67,2.93,Yes,18500.0,10,2010-02-01,4.9,97.24,116500,120400,116500
1217,L-001217,2010-04-16,0.7,2.31,3.19,No,,71,2010-02-04,4.9,97.24,112000,116700,112000
373,L-000373,2010-02-18,2.42,1.8,3.42,No,,14,2010-02-04,4.9,97.24,125000,126800,125000
240,L-000240,2010-04-16,1.66,5.15,1.48,Yes,52400.0,69,2010-02-06,4.9,97.24,113000,117100,113000
1284,L-001284,2010-04-09,2.38,6.23,0.79,No,,60,2010-02-08,4.9,97.24,139000,136800,139000
1429,L-001429,2010-02-27,0.63,4.58,0.4,Yes,36500.0,19,2010-02-08,4.9,97.24,119000,123700,119000
234,L-000234,2010-02-23,3.11,2.63,1.63,No,,15,2010-02-08,4.9,97.24,128200,126600,128200
1285,L-001285,2010-03-15,3.73,0.81,2.52,Yes,61800.0,34,2010-02-09,4.9,97.24,169000,171100,169000
245,L-000245,2010-05-18,1.87,1.73,4.08,Yes,72300.0,98,2010-02-09,4.9,97.24,205000,216500,205000
370,L-000370,2010-03-25,3.03,1.56,2.84,Yes,35200.0,44,2010-02-09,4.9,97.24,162000,163800,162000
731,L-000731,2010-03-16,0.85,6.91,1.27,Yes,43700.0,34,2010-02-10,4.9,97.24,236500,235700,236500
504,L-000504,2010-03-04,1.82,1.4,5.31,Yes,71200.0,21,2010-02-11,4.9,97.24,289000,296700,289000
201,L-000201,2010-03-08,1.98,5.99,1.39,Yes,30200.0,24,2010-02-12,4.9,97.24,140000,143700,140000
1354,L-001354,2010-03-17,0.66,5.87,0.94,Yes,140900.0,32,2010-02-13,4.9,97.24,410000,411200,410000
1066,L-001066,2010-04-15,3.31,3.05,3.47,Yes,117100.0,59,2010-02-15,4.9,97.24,328000,342600,328000
17,L-000017,2010-03-11,3.01,1.7,2.46,No,,23,2010-02-16,4.9,97.24,149000,150000,149000
1271,L-001271,2010-04-08,4.05,3.07,3.49,No,,51,2010-02-16,4.9,97.24,260000,275000,260000
950,L-000950,2010-03-07,4.56,4.31,3.37,Yes,38600.0,18,2010-02-17,4.9,97.24,197500,201700,197500
568,L-000568,2010-03-06,1.93,4.75,3.55,No,,15,2010-02-19,4.9,97.24,214000,222600,214000
767,L-000767,2010-03-18,4.83,4.07,3.09,No,,26,2010-02-20,4.9,97.24,196500,205700,196500
1459,L-001459,2010-04-04,3.14,1.56,3.0,Yes,37500.0,40,2010-02-23,4.9,97.24,142125,144900,142125
1106,L-001106,2010-04-13,0.75,7.34,0.9,Yes,88000.0,47,2010-02-25,4.9,97.24,325000,335800,325000
773,L-000773,2010-03-16,2.23,4.81,1.32,No,,18,2010-02-26,4.9,97.24,107000,109300,107000
1447,L-001447,2010-04-23,2.72,6.34,0.68,No,,53,2010-03-01,4.88,98.79,157900,157700,157900
241,L-000241,2010-04-23,1.44,3.89,2.24,No,,52,2010-03-02,4.88,98.79,262500,274500,262500
277,L-000277,2010-04-22,2.75,4.87,0.84,No,,51,2010-03-02,4.88,98.79,201000,208800,201000
1251,L-001251,2010-04-18,3.04,2.02,1.52,No,,46,2010-03-03,4.88,98.79,244000,255800,244000
1458,L-001458,2010-05-17,1.63,1.21,5.34,Yes,85200.0,74,2010-03-04,4.88,98.79,266500,268900,266500
215,L-000215,2010-03-25,3.33,2.6,2.64,No,,20,2010-03-05,4.88,98.79,161750,160100,161750
325,L-000325,2010-06-15,3.17,2.48,3.08,Yes,112100.0,101,2010-03-06,4.88,98.79,242000,264100,242000
1439,L-001439,2010-04-01,0.48,2.91,0.31,Yes,35800.0,26,2010-03-06,4.88,98.79,149700,154000,149700
79,L-000079,2010-04-16,0.81,3.32,4.03,No,,39,2010-03-08,4.88,98.79,136500,140200,136500
386,L-000386,2010-04-06,1.89,7.27,0.98,Yes,68900.0,28,2010-03-09,4.88,98.79,192000,206300,192000
699,L-000699,2010-04-07,0.8,2.78,4.62,Yes,21600.0,29,2010-03-09,4.88,98.79,138500,146000,138500
758,L-000758,2010-04-20,0.71,2.32,3.58,No,,41,2010-03-10,4.88,98.79,158900,165700,158900
1050,L-001050,2010-04-08,2.3,6.09,1.07,Yes,17500.0,29,2010-03-10,4.88,98.79,84900,89200,84900
1012,L-001012,2010-05-01,1.96,5.84,1.49,No,,51,2010-03-11,4.88,98.79,100000,103400,100000
749,L-000749,2010-03-23,0.7,6.85,0.82,No,,12,2010-03-11,4.88,98.79,260400,262000,260400
172,L-000172,2010-05-07,2.22,1.87,2.16,No,,57,2010-03-11,4.88,98.79,215000,234100,215000
1027,L-001027,2010-04-17,2.72,2.31,2.19,No,,35,2010-03-13,4.88,98.79,167500,169100,167500
159,L-000159,2010-05-06,2.08,2.99,1.82,Yes,80300.0,54,2010-03-13,4.88,98.79,254900,259500,254900
1054,L-001054,2010-05-12,1.73,4.78,1.22,Yes,32800.0,59,2010-03-14,4.88,98.79,144500,151000,144500
1061,L-001061,2010-04-23,0.97,7.63,0.75,No,,38,2010-03-16,4.88,98.79,213500,221000,213500
112,L-000112,2010-04-20,3.77,2.09,2.91,No,,32,2010-03-19,4.88,98.79,180000,185700,180000
34,L-000034,2010-04-22,2.69,1.54,2.62,No,,34,2010-03-19,4.88,98.79,165500,170200,165500
862,L-000862,2010-04-10,0.84,2.96,3.51,No,,21,2010-03-20,4.88,98.79,131500,133200,131500
148,L-000148,2010-05-17,4.45,2.08,2.91,No,,58,2010-03-20,4.88,98.79,222500,227300,222500
341,L-000341,2010-04-22,2.55,2.78,4.51,No,,33,2010-03-20,4.88,98.79,202900,208200,202900
770,L-000770,2010-06-10,1.03,5.95,0.9,No,,81,2010-03-21,4.88,98.79,538000,575900,538000
704,L-000704,2010-05-07,0.62,4.63,0.28,Yes,55000.0,47,2010-03-21,4.88,98.79,140000,146600,140000
264,L-000264,2010-04-16,0.58,3.47,0.5,Yes,30100.0,25,2010-03-22,4.88,98.79,130000,132400,130000
1291,L-001291,2010-04-26,2.35,2.06,1.95,No,,32,2010-03-25,4.88,98.79,180500,185400,180500
231,L-000231,2010-04-24,3.13,1.71,2.12,No,,29,2010-03-26,4.88,98.79,148000,157000,148000
856,L-000856,2010-04-18,0.79,1.81,3.94,Yes,20700.0,22,2010-03-27,4.88,98.79,127000,132400,127000
1086,L-001086,2010-04-07,2.75,2.03,3.46,No,,11,2010-03-27,4.88,98.79,147000,153300,147000
796,L-000796,2010-04-11,1.44,2.48,3.64,Yes,43700.0,15,2010-03-27,4.88,98.79,171000,172600,171000
25,L-000025,2010-05-11,1.12,2.54,3.35,Yes,27100.0,44,2010-03-28,4.88,98.79,154000,160300,154000
1370,L-001370,2010-05-03,2.24,2.69,1.96,No,,36,2010-03-28,4.88,98.79,232000,252800,232000
1358,L-001358,2010-04-21,3.57,1.89,2.33,Yes,35300.0,21,2010-03-31,4.88,98.79,149900,159700,149900
141,L-000141,2010-04-22,2.75,2.37,2.31,No,,20,2010-04-02,4.86,99.81,115000,122400,115000
163,L-000163,2010-05-03,1.5,4.27,2.89,No,,30,2010-04-03,4.86,99.81,220000,235100,220000
273,L-000273,2010-04-27,0.84,6.79,0.76,Yes,61100.0,24,2010-04-03,4.86,99.81,290000,305000,290000
1280,L-001280,2010-04-19,1.12,4.81,1.26,Yes,23400.0,13,2010-04-06,4.86,99.81,68400,72500,68400
1268,L-001268,2010-05-05,2.22,2.84,3.38,Yes,84400.0,29,2010-04-06,4.86,99.81,378500,405000,378500
533,L-000533,2010-04-22,2.62,2.49,3.41,Yes,33600.0,16,2010-04-06,4.86,99.81,107500,113700,107500
1211,L-001211,2010-05-01,1.86,1.72,3.34,No,,23,2010-04-08,4.86,99.81,189000,199400,189000
705,L-000705,2010-05-14,2.48,2.64,2.4,Yes,70700.0,36,2010-04-08,4.86,99.81,213000,228400,213000
863,L-000863,2010-05-01,3.21,2.03,5.0,Yes,20100.0,22,2010-04-09,4.86,99.81,152000,155200,152000
540,L-000540,2010-05-08,3.37,3.3,2.26,Yes,68000.0,27,2010-04-11,4.86,99.81,272000,292900,272000
104,L-000104,2010-05-12,2.96,2.38,2.46,No,,31,2010-04-11,4.86,99.81,198900,203600,198900
1386,L-001386,2010-05-04,1.41,7.22,1.18,Yes,66800.0,23,2010-04-11,4.86,99.81,125500,131600,125500
1314,L-001314,2010-05-15,0.85,5.83,0.6,No,,32,2010-04-13,4.86,99.81,333168,346400,333168
237,L-000237,2010-05-14,2.63,2.24,3.21,No,,30,2010-04-14,4.86,99.81,185500,191300,185500
649,L-000649,2010-06-23,2.14,1.8,2.16,No,,68,2010-04-16,4.86,99.81,155000,161800,155000
616,L-000616,2010-05-13,2.88,1.87,2.12,No,,26,2010-04-17,4.86,99.81,137500,141000,137500
681,L-000681,2010-05-07,2.32,1.94,3.1,No,,20,2010-04-17,4.86,99.81,143000,143000,143000
1095,L-001095,2010-05-09,3.16,1.77,2.15,Yes,14100.0,21,2010-04-18,4.86,99.81,129000,138900,129000
561,L-000561,2010-05-22,0.83,1.91,3.24,Yes,30900.0,34,2010-04-18,4.86,99.81,121500,120000,121500
870,L-000870,2010-06-21,2.06,1.98,3.67,Yes,95200.0,63,2010-04-19,4.86,99.81,236000,249300,236000
1311,L-001311,2010-05-18,1.31,1.66,5.6,Yes,81300.0,29,2010-04-19,4.86,99.81,335000,354000,335000
229,L-000229,2010-05-02,0.8,1.96,3.31,No,,13,2010-04-19,4.86,99.81,125000,131400,125000
158,L-000158,2010-05-19,2.19,2.71,4.15,Yes,91400.0,30,2010-04-19,4.86,99.81,269500,291600,269500
973,L-000973,2010-04-27,1.93,1.9,3.8,No,,8,2010-04-19,4.86,99.81,99500,104400,99500
1234,L-001234,2010-05-22,2.3,2.09,1.97,No,,31,2010-04-21,4.86,99.81,142000,151200,142000
1300,L-001300,2010-05-14,3.79,1.56,2.71,Yes,43000.0,20,2010-04-24,4.86,99.81,154000,160700,154000
28,L-000028,2010-05-26,2.28,4.15,1.98,Yes,67100.0,32,2010-04-24,4.86,99.81,306000,324600,306000
67,L-000067,2010-07-16,2.52,1.79,1.81,Yes,48600.0,83,2010-04-24,4.86,99.81,180000,191700,180000
722,L-000722,2010-05-23,2.69,2.54,2.52,No,,28,2010-04-25,4.86,99.81,143000,150200,143000
143,L-000143,2010-06-11,2.77,1.56,1.33,No,,47,2010-04-25,4.86,99.81,166000,175000,166000
99,L-000099,2010-05-16,2.2,4.77,1.46,Yes,36100.0,20,2010-04-26,4.86,99.81,83000,86200,83000
354,L-000354,2010-05-15,0.57,5.51,0.53,Yes,19500.0,18,2010-04-27,4.86,99.81,105900,114900,105900
960,L-000960,2010-05-22,1.75,2.63,1.87,No,,24,2010-04-28,4.86,99.81,155000,160900,155000
75,L-000075,2010-05-15,0.49,3.3,0.49,Yes,36000.0,17,2010-04-28,4.86,99.81,107400,108500,107400
1087,L-001087,2010-05-18,1.71,1.65,3.14,No,,19,2010-04-29,4.86,99.81,83500,84300,83500
685,L-000685,2010-06-04,0.59,5.81,0.95,No,,35,2010-04-30,4.86,99.81,221000,230600,221000
381,L-000381,2010-05-23,3.92,0.72,2.68,Yes,53600.0,20,2010-05-03,4.75,101.31,127000,134600,127000
53,L-000053,2010-05-23,1.25,5.66,1.76,No,,19,2010-05-04,4.75,101.31,110000,117600,110000
1138,L-001138,2010-05-16,0.81,2.29,2.88,Yes,24200.0,11,2010-05-05,4.75,101.31,94000,97100,94000
251,L-000251,2010-05-19,2.58,0.79,3.4,Yes,25700.0,14,2010-05-05,4.75,101.31,76500,79200,76500
940,L-000940,2010-06-05,3.22,2.96,3.65,Yes,85100.0,31,2010-05-05,4.75,101.31,244400,262700,244400
74,L-000074,2010-05-27,3.56,1.5,1.95,Yes,24500.0,22,2010-05-05,4.75,101.31,144900,151200,144900
615,L-000615,2010-05-22,2.26,1.85,2.57,No,,16,2010-05-06,4.75,101.31,75500,79800,75500
1248,L-001248,2010-05-24,2.85,7.06,0.6,No,,18,2010-05-06,4.75,101.31,169900,179600,169900
787,L-000787,2010-06-05,0.42,4.89,0.24,Yes,69100.0,30,2010-05-06,4.75,101.31,139000,150200,139000
447,L-000447,2010-06-22,2.28,1.95,2.21,Yes,48700.0,45,2010-05-08,4.75,101.31,190000,198300,190000
635,L-000635,2010-06-02,0.56,4.73,0.4,No,,25,2010-05-08,4.75,101.31,144000,164700,144000
566,L-000566,2010-05-22,3.14,0.94,2.93,Yes,52300.0,14,2010-05-08,4.75,101.31,128000,131700,128000
235,L-000235,2010-05-27,4.92,1.23,2.85,No,,19,2010-05-08,4.75,101.31,216500,225100,216500
255,L-000255,2010-06-08,3.01,1.91,2.32,No,,30,2010-05-09,4.75,101.31,145000,156000,145000
816,L-000816,2010-05-26,3.63,2.2,2.06,No,,16,2010-05-10,4.75,101.31,224900,234500,224900
27,L-000027,2010-05-27,2.31,1.37,1.62,Yes,32500.0,17,2010-05-10,4.75,101.31,134800,138200,134800
1323,L-001323,2010-06-13,0.77,8.09,1.21,No,,33,2010-05-11,4.75,101.31,190000,200300,190000
1212,L-001212,2010-06-26,3.71,1.37,3.2,Yes,35200.0,43,2010-05-14,4.75,101.31,164000,177100,164000
879,L-000879,2010-06-27,0.65,2.92,3.29,Yes,46900.0,42,2010-05-16,4.75,101.31,148000,158500,148000
413,L-000413,2010-06-16,1.89,2.88,2.05,No,,30,2010-05-17,4.75,101.31,222000,240300,222000
1287,L-001287,2010-06-21,6.06,5.34,2.16,No,,35,2010-05-17,4.75,101.31,143000,155300,143000
379,L-000379,2010-06-10,0.69,5.63,1.28,No,,24,2010-05-17,4.75,101.31,394432,411700,394432
1237,L-001237,2010-06-11,1.78,4.89,2.97,No,,23,2010-05-19,4.75,101.31,175500,186800,175500
396,L-000396,2010-06-18,1.52,6.25,1.02,No,,30,2010-05-19,4.75,101.31,129000,137600,129000
1381,L-001381,2010-06-01,1.4,4.66,1.46,Yes,8300.0,12,2010-05-20,4.75,101.31,58500,62700,58500
1190,L-001190,2010-06-13,4.81,2.02,4.26,No,,24,2010-05-20,4.75,101.31,189000,201700,189000
872,L-000872,2010-06-11,3.09,2.48,3.0,No,,21,2010-05-21,4.75,101.31,200500,212000,200500
1359,L-001359,2010-06-23,1.67,2.96,2.34,No,,33,2010-05-21,4.75,101.31,177500,190700,177500
102,L-000102,2010-06-20,1.8,1.82,4.02,No,,29,2010-05-22,4.75,101.31,178000,191200,178000
751,L-000751,2010-06-11,0.76,6.17,0.36,Yes,18400.0,19,2010-05-23,4.75,101.31,96500,107400,96500
471,L-000471,2010-06-08,0.65,5.68,0.94,No,,16,2010-05-23,4.75,101.31,212000,232200,212000
604,L-000604,2010-06-13,1.56,3.77,1.22,Yes,58600.0,19,2010-05-25,4.75,101.31,151000,163800,151000
1082,L-001082,2010-06-23,0.79,2.36,3.52,No,,26,2010-05-28,4.75,101.31,133000,140900,133000
813,L-000813,2010-06-15,1.6,5.49,1.34,No,,16,2010-05-30,4.75,101.31,55993,59400,55993
763,L-000763,2010-06-17,1.21,4.72,2.09,No,,17,2010-05-31,4.75,101.31,215200,225300,215200
1409,L-001409,2010-06-27,0.43,4.59,0.38,Yes,43200.0,25,2010-06-02,4.77,103.01,125500,132100,125500
1397,L-001397,2010-06-23,2.05,3.32,3.26,Yes,45800.0,19,2010-06-04,4.77,103.01,160000,171500,160000
819,L-000819,2010-06-16,3.93,2.15,3.43,No,,8,2010-06-08,4.77,103.01,155000,162900,155000
69,L-000069,2010-06-23,0.57,3.93,0.39,Yes,24800.0,7,2010-06-16,4.77,103.01,80000,85600,80000
820,L-000820,2010-06-27,1.59,3.77,3.48,Yes,44200.0,11,2010-06-16,4.77,103.01,224000,241400,224000
278,L-000278,2010-06-25,3.77,1.39,3.03,No,,7,2010-06-18,4.77,103.01,141000,148700,141000
706,L-000706,2010-07-13,1.23,5.54,1.18,Yes,24300.0,22,2010-06-21,4.77,103.01,55000,59400,55000
1145,L-001145,2010-07-19,1.72,3.6,1.81,Yes,37800.0,26,2010-06-23,4.77,103.01,80000,84400,80000
420,L-000420,2010-07-19,2.56,1.88,2.54,No,,23,2010-06-26,4.77,103.01,142000,151000,142000
1161,L-001161,2010-07-21,2.28,3.01,1.85,No,,25,2010-06-26,4.77,103.01,146000,153300,146000
1422,L-001422,2010-07-20,1.98,2.81,2.69,No,,13,2010-07-07,4.73,103.4,127500,139000,127500
